id,offensive_text,counterspeech_text,counterspeech_type,text_type
1,"কি মনে করছ, মেয়েরা কিছু বোঝে ?",এই কথা ঠিক না। বাংলাদেশে অনেক মেয়ে দক্ষতার সাথে কাজ করছে।,fact_based,hate_speech
2,"তুই তো বেশ্যা, রাস্তায় খেপ মাইরা বেরাছ",মানুষ কে সম্মান করতে শিখুন। তবেই নিজে সম্মানিত হবেন।,warning_of_consequences,sexual_harassment
3,হিন্দুরাই দেশের সম্পদ পাচার করতেছে,পুরো একটা গোষ্ঠীকে দোষ দেওয়া ঠিক না।,empathy,hate_speech
4,মাইয়া মানুষ আবার গাড়ি চালাইতে পারে নাকি!,এই ধারণা ভুল। বর্তমানে অনেক মেয়েরা সফলভাবে গাড়ি চালাচ্ছেন।,fact_based,gender_abuse
5,এই ছাগলের কথা শুনলে মাথাই গরম হয়ে যায়,ভদ্রভাবে কথা বললে আলোচনা আরও সুন্দর হয়।,moral_appeal,abusive_language
6,আরে শালা তুই কোনো কাজেরই না,এভাবে অপমান করলে পরিবেশ আরও খারাপ হয়।,warning_of_consequences,abusive_language
7,তোরে রাস্তায় পাইলে মাইরা হাত-পা ভেঙে দিতাম,হুমকি দেওয়া আইনগতভাবে অপরাধ।,warning_of_consequences,threat
8,"তোর তো জন্মেরই ঠিক নাই, আবার এইসব বলস",এভাবে গালি দিলে কাউকে কিছু প্রমাণ করা যায় না।,moral_appeal,abusive_language
9,মেয়েদের পড়ালেখা করে কি হবে? দিনশেষে হাড়ি-পাতিল মাজা লাগবে,এই ধারণা ভুল এবং দেশের অনেক উন্নয়ন এখন নারীদের দাড়াই হচ্ছে।,fact_based,hate_speech
10,তুই একটা নষ্ট চরিত্রের মাইয়া,"অপমানজনক কথা বলা ঠিক না, সবাই সম্মানের যোগ্য।",moral_appeal,sexual_harassment
11,"তোরা তো সমাজের বোঝা, সমাজটাকে নষ্ট করে ফেলেছোছ",এভাবে কাউকে ছোট করলে সমাজে বিভাজন বাড়ে।,warning_of_consequences,abusive_language
12,"তোমাকে তো দেখে নিবো।, বেশি বেড়ে গেছো দেখছি",হুমকি দেওয়া অপরাধ এবং এর পরিণতি খারাপ হতে পারে।,warning_of_consequences,threat
13,হালা বাটপার নির্বাচনে জিতার জন্য কতো কৌশল করছে,ব্যক্তিগত আক্রমণ না করে যুক্তির ভিত্তিতে সমালোচনা করাই ভালো।,moral_appeal,abusive_language
14,টাকা পুটকি দিয়ে ভরে দেবো,অশালীন ভাষা ব্যবহার করা ঠিক নয়; সম্মানজনকভাবে কথা বলা উচিত।,warning_of_consequences,threatening_speech
15,এই বাটপারটার জন্যই জণগন শান্তিতে নাই।,গালি না দিয়ে সমস্যার সমাধান নিয়ে আলোচনা করা উচিত।,moral_appeal,abusive_language
16,মাঝে মাঝে মনে হয় ওর পুটকিতে বোম লাগাইয়া উরায় দেই।,"সহিংসতার কথা বলা ঠিক নয়; শান্তিপূর্ণ ও আইনি পথে মত প্রকাশ করা উচিত।"",",warning_of_consequences,threatening_speech
17,ওরে অন্তত মিথ্যা মামলা দিয়া হইলেও জেলে পাঠানো দরকার।,মিথ্যা অভিযোগ আইনবিরোধী; ন্যায়বিচার ও সত্যের ওপর ভরসা রাখা উচিত,warning_of_consequences,illegal_advocacy
18,"বোকাচোদা, আবাল মার্কা ভুয়া নিউজ করে গুজব ছড়াচ্ছে",গালাগালি না করে ভুয়া তথ্যের বিরুদ্ধে যাচাই করা সত্য তুলে ধরা বেশি কার্যকর।,fact_based,misinformation
19,হালায় তো চরম লেভেলের বাটপার,ব্যক্তিগত অপমানের বদলে নির্দিষ্ট অভিযোগ ও প্রমাণের কথা বলা উচিত।,moral_appeal,abusive_language
20,এদেহি বস্তির মাইয়া আমি তো প্রথম মনে করেছিলাম গুলশান বনানী বড়লোক এর মাইয়া,কারও পরিচয় নিয়ে বিদ্রূপ করা ঠিক নয়; সবাই সম্মান পাওয়ার যোগ্য,moral_appeal,hate_speech
21,তুই তো জারজ সন্তান,ব্যক্তিগতভাবে অপমান না করে ভদ্র ভাষায় কথা বলাই ভালো।,moral_appeal,abusive_language
22,হালায় তো অমানুষ,এভাবে কাউকে অমানুষ বলা সমস্যার সমাধান নয়; শান্তভাবে আলোচনা করা উচিত,moral_appeal,abusive_language
23,সারা পৃথিবীতে মুসলিমরা মার খাচ্ছে এর কারন কি জানেন? মুসলিমরা আতংবাদী,পুরো ধর্মীয় গোষ্ঠীকে সন্ত্রাসের সাথে যুক্ত করা অন্যায্য; ব্যক্তি অপরাধের দায় পুরো সম্প্রদায়ের নয়,fact_based,hate_speech
24,তোরা হইলি জারজের বাচ্চা তোমরা খানকি শেখ হাসিনার পা চাটা গোলাম,"রাজনৈতিক মতভেদ থাকতেই পারে, তবে গালাগালি না করে যুক্তি ও তথ্য দিয়ে কথা বলা উচিত",moral_appeal,abusive_language
25,এই বাটপারটার জন্যই জণগন শান্তিতে নাই,সম্মান বজায় রেখে কথা বললে সমস্যার সমাধান খুঁজে পাওয়া সহজ হয়।,moral_appeal,hate_speech
26,রোজার মাস তারপরও এক শুয়োরের বাচ্চার কর্মকান্ড দেখে গালি নিয়ন্ত্রণে রাখতে পারছি না,রোজার মাসে ধৈর্য ও সংযম দেখানোই বেশি গুরুত্বপূর্ণ; রাগ হলেও গালি না দিয়ে ভদ্রভাবে কথা বলা উচিত।,moral_appeal,personal_insult
27,এই সস্তা চামড়া ব্যবসায়ীকে আগে থেকেই মানসিক সমস্যার অধিকারী মনে হতো আমার,কাউকে অপমান না করে যদি কোনো অভিযোগ থাকে তাহলে প্রমাণ দিয়ে বলা বেশি গ্রহণযোগ্য।,fact_based,personal_insult
28,ভাই এই খানকি বেচে গেছে সাধারণ মানুষের গায়ে হাত দিয়ে ওরে পাইলে যে কি করতাম,সহিংসতা বা অপমান কোনো সমস্যার সমাধান নয়; আইনগত ও শান্তিপূর্ণ উপায়ে প্রতিবাদ করা উচিত।,warning_of_consequences,threat
29,ভাই মাদারচোদ লিখতে কি অসুবিধা হয়?,অশালীন ভাষা ব্যবহার না করে সম্মানজনকভাবে মত প্রকাশ করলে আলোচনা আরও ভালো হয়।,discouraging_abuse,abusive_language
30,ফালতু মেয়েছেলে বাড়ি থেকে এই শিক্ষা পেয়েছিস নাকি,কাউকে ছোট না করে সম্মানের সাথে কথা বলা উচিত; ব্যক্তিগত আক্রমণ কোনো সমাধান দেয় না।,discouraging_abuse,abusive_language
31,তোদের মতোন খানকি গুলোর মরণ হয় না কেন,কারো প্রতি ঘৃণা প্রকাশ না করে শান্ত ও মানবিক ভাষায় কথা বলাই ভালো।,empathy,abusive_language
32,একদম ফালতু মেয়ে,কাউকে অবমাননা না করে যুক্তি দিয়ে মত প্রকাশ করা বেশি সম্মানজনক।,moral_appeal,abusive_language
33,আমি তোমার মতো বোকাচোদা না,ব্যক্তিগত গালি না দিয়ে যুক্তির মাধ্যমে মত প্রকাশ করলে আলোচনা আরও গঠনমূলক হয়।,fact_based,personal_insult
34,যাওয়ার আগে নুনুটা কুটুস করে কেটে দিয়েন,কারো প্রতি সহিংসতার কথা বলা ঠিক নয়; সমস্যার সমাধান শান্তিপূর্ণভাবে করা উচিত।,warning_of_consequences,threat
35,ভাতের সাথে ব্যাডারে পাগল হওয়ার ঔষধ খাওয়ান,কাউকে ইচ্ছাকৃতভাবে ক্ষতি করার কথা বলা ঠিক নয়; সমস্যার সমাধান শান্তিপূর্ণ ও মানবিক উপায়ে করা উচিত।,warning_of_consequences,threat
36,তোর মারে আমি লাগাইয়া তোরে জন্ম দিছি,এ ধরনের অশালীন ও অপমানজনক কথা ব্যবহার না করে সম্মানজনক ভাষায় কথা বলা উচিত।,discouraging_abuse,personal_insult
37,"আপনিও পরকিয়া করে তারে দেখাই দেন, দরকার হলে শারীরিক সম্পর্ক করেন",সম্পর্কের সমস্যার সমাধান প্রতিশোধ বা অনৈতিক আচরণে নয়; পারস্পরিক আলোচনা ও সম্মানের মাধ্যমে সমাধান খোঁজা ভালো।,moral_appeal,abusive_language
38,ছোটলোকি তো বাঙালীদের রক্তে। আর ছ্যাচড়ামি বিহারীদের জিনে।,কোনো জাতি বা গোষ্ঠীকে অপমান করা ঠিক নয়; প্রত্যেক মানুষকে তার ব্যক্তিগত আচরণের ভিত্তিতে বিচার করা উচিত।,fact_based,hate_speech
39,তো ফকিন্নির পুত তোর রক্তে কী রাজাকারি মাদারচোত? শালা শুয়োরের বাচ্চা।,গালি বা অপমান না করে যুক্তি ও তথ্যের ভিত্তিতে আলোচনা করা বেশি গ্রহণযোগ্য।,discouraging_abuse,personal_insult
40,ফোট এখান থেকে গুপ্তের বাচ্চা ‍গুপ্ত।,কাউকে অপমান করে তাড়িয়ে দেওয়া ঠিক নয়; ভদ্রভাবে কথা বললে আলোচনা আরও ভালো হয়।,discouraging_abuse,personal_insult
41,গুপ্তদের গালি দিতে ভালোই লাগে। শরীরে একটা জোশ আসে।,কোনো ব্যক্তি বা গোষ্ঠীকে গালি দেওয়া আনন্দের বিষয় নয়; পারস্পরিক সম্মান বজায় রাখা সমাজের জন্য ভালো।,empathy,hate_speech
42,ব্রেন পুটকি থাকলে এরকম লিখালিখি করা যায়।,অপমান করে আলোচনায় আমরা কিছুই অর্জন করতে পারি না; যুক্তি দিয়ে কথা বললে বেশি ফল পাওয়া যায়।,discouraging_abuse,personal_insult
43,জ্বি চুতিয়া আপনি ঠিক বলেছেন।,ব্যক্তিগত গালি না দিয়ে বিষয়ভিত্তিক কথাই থাকলে আলোচনা ভালো হয়।,discouraging_abuse,personal_insult
44,"মুজিব তো জারজ সন্তান ছিল, দেবদাস চক্রবর্তী",ইতিহাস ও ব্যক্তি সম্পর্কে কথা বললে সম্মানপূর্ণভাবে প্রমাণ দেখানো ভালো।,fact_based,political_insult
45,একহাজার বোকাচোদা মরলে তার বদলে একটা বিএনপি জন্ম হয়,কোনো দল বা গোষ্ঠীকে অপমান করার চেয়ে সমস্যা ও সমাধান নিয়ে যুক্তি উপস্থাপন করা উচিত।,fact_based,abusive_language
46,এর থেকে বেশি এদেরকে বলে লাভ নাই শালা কুত্তার বাচ্চা।,অপমানজনক ভাষা উত্তেজনা বৃদ্ধি করে; সম্মান রেখে সমস্যা সমাধান করার চেষ্টা করা উচিত।,discouraging_abuse,personal_insult
47,"এগুলা চিনলে কোন ধোন হবে ভাই,,,ভাল কিছু করেন,,,ছামার পোলাপান",ব্যক্তিগত গালাগালি না করে ইতিবাচক কাজের কথা বললে পরিবেশ ভালো হয়।,discouraging_abuse,abusive_language
48,মেয়েদের বুদ্ধি যে হাঁটুর নিচে এই ভিডিওটা না দেখলে বুঝতে পারতাম না,"কাউকে সামান্য মন্তব্য দিয়ে লেবেল না করে, প্রতিটি ব্যক্তিকে সম্মান করে দেখা উচিত।",empathy,gender_abuse
49,উপস্থাপিকার চুলকানি বেশি,মানুষদের বাহ্যিক লুক নিয়ে কটুক্তি না করে তাদের কাজের গুণমান নিয়ে আলোচনা করা উত্তম।,discouraging_abuse,abusive_language
50,মেয়েদের আরো সহজ করে দিলেও পারবে না বাল,অপমান না করে সঠিকভাবে মতামত দিলে সবাই উপকৃত হবে; কটূক্তি কোনো সমাধান দেয় না।,discouraging_abuse,gender_abuse
51,বানরের মতো লাগতাছে ইভানাকে,কাউকে প্রাণী বা গালির মাধ্যমে বর্ণনা করা ঠিক নয়; আমরা সকলে সম্মানের যোগ্য।,discouraging_abuse,personal_insult
52,"মাইয়্যাগুলোর মাথায় বরাবর ই গুবর থাকে, যারা এই অভিনয় জগতে!! বিশেষ করে বাংলাদেশে!",একক উদাহরণ দেখে পুরো পেশাকে দোষারোপ না করলে ভাল হয়; সবাইকে ব্যক্তিগতভাবে দেখা উচিত।,fact_based,gender_abuse
53,"উপস্থাপিকা আপুটার চুলগুলো ভেড়ার লোমের কালার না করে কালো করলে,,মুখের মতো পুরো চেহারাটাই কিউট লাগতো",মানুষের চেহারা নিয়ে সমালোচনা না করে তাদের কাজের দক্ষতা বা চরিত্র নিয়ে কথা বললে শ্রেয়।,discouraging_abuse,abusive_language
54,ইন্ডিয়াকে দেখে শেখো সিনিয়রদের কিভাবে সম্মান করে কথা কয়েকটা কনটেন্ট ভালো চললে নিজেদেরকে বাল মনে কোর,সিনিয়রদের সম্মান করা উচিত; কিন্তু কটাক্ষ না করে নিজস্ব ভালো কন্টেন্ট তৈরিতে মনোযোগ দিলে সবচেয়ে ভাল ফল পাওয়া যাবে।,moral_appeal,hate_speech
55,মেয়েদের মাথায় গোবর না গু থাকে,"লিঙ্গভিত্তিক অপমান বন্ধ করে, সবাইকে সম্মান করে দেখা উচিত; এতে সমাজ উন্নতি পায়।",moral_appeal,gender_abuse
56,ইভানা যে এত পরিমাণ ব্রেইনলেস জানা ছিল না,"ব্যক্তিগত আক্রমণ না করে, কাজের বা বিষয়বস্তুর ভিত্তিতে সমালোচনা করলে আলোচনা গঠনমূলক হয়।",discouraging_abuse,personal_insult
57,ইভানা এবং পলাশের খুব তাড়াতাড়ি গোপন ভিডিও দেখতে চাই,ব্যক্তিগত গোপনীয়তা লঙ্ঘন করার ইচ্ছা ঠিক নয়; সকলের ব্যক্তিগত মর্যাদা রক্ষা করা প্রয়োজন।,warning_of_consequences,privacy_violation
58,আসলে মেয়েদের হাঁটুতে মস্তিষ্ক থাকে,"লিঙ্গভিত্তিক অপমান বন্ধ করে, প্রতিটি ব্যক্তিকে তার ব্যক্তিত্ব ও কর্মের ভিত্তিতে মূল্যায়ন করা উচিত।",fact_based,gender_abuse
59,ভালো লাগে মেয়েটির হিজলা হিজলা ভাব অনেকটা হিজলার মত অভিনয় করেন,কোনো ব্যক্তির অভিনয় নিয়ে কটূক্তি না করে তাদের দক্ষতা নিয়ে সৎ মতামত দিলে ভালো হয়।,discouraging_abuse,abusive_language
60,লুইচ্চা কাকু হারুন। মাগীবাজ হারুন!!!,সম্মানভঙ্গ করে কাউকে অপমান করার বদলে বিষয়ভিত্তিক সমালোচনা করলে ব্যবহারকারী ও সমাজ দুটোই উপকৃত হয়।,discouraging_abuse,personal_insult
61,পরিমনি এমন কারো চোদা বাদ নাই যে খায়নাই,কোনো মানুষের গোপন জীবন নিয়ে কটূক্তি করা উচিত নয়; সবাইকে সম্মান করা উচিত।,discouraging_abuse,sexual_harassment
62,পতিতাকে নিয়ে এত মুখরোচক কথা কেন? সমাজকে কি পতিতা বানানোর পায় তারা চলছে?,"কোনো মানুষকে লেবেল করে কথাবার্তা চালানোর চেয়ে, মানুষের মর্যাদা রক্ষা করে বিষয়ভিত্তিক আলোচনা করা উত্তম।",empathy,gender_abuse
63,"ফালতুচোদা কনটেন,কনটেনক্রীয়টর আরেক পরিমনি",কনটেন্ট নিয়ে মতভেদের সময় ব্যক্তিগত আক্রমণ না করে বিষয়ভিত্তিক সমালোচনা করা উচিত।,discouraging_abuse,personal_insult
64,"মাগি কে নিয়ে ভিডিও করতেছেন আজকাল, ভাতের অভাব হয়েছে তাই না?","কোনো পেশা বা ব্যক্তিকে অপমান না করে, কনটেন্টের গুণমান নিয়ে দায়সতর্কভাবে আলোচনা করা উচিত।",fact_based,gender_abuse
65,এত মানুষগুলার ব্রেইন যে পুটকিতে যুক্ত করা এই ভিডিও না দেখলে জানতামই না,অপমান করে সমাধান আসে না; কন্টেন্টের ভালো-মন্দ নিয়ে যুক্তিভিত্তিক আলোচনা বেশি ফলপ্রসূ।,fact_based,abusive_language
66,মানুষ কত বড় মাপের বোকাচোদা দেখলাম,গালি না করে বিষয়ভিত্তিক সমালোচনা করলে আলোচনাটা বেশি ফলপ্রসূ ও সম্মানজনক হয়।,discouraging_abuse,personal_insult
67,"আরও কত ভাবে বাজে ভাষায় গালি দিছে মুখেও আনতে পারছি না। মাগী, খানকি, মাদারচোদ আমার মাথা ভর্তি নাকি গোবর",চরম গালি দিয়ে কাউকে আক্রমণ করা কখনোই সঠিক নয়; সম্মানজনকভাবে মত প্রকাশ করা উচিত।,discouraging_abuse,abusive_language
68,"এই নটির ঘরের নটি, ফেসবুকে নষ্টামি চোদাস।",ব্যক্তিগত আক্রমণ না করে কন্টেন্ট বা আচরণ নিয়ে শালীনভাবে সমালোচনা করা উচিত।,discouraging_abuse,personal_insult
69,চোখ পুটকির মধ্যে রাখিস? নাকি ব্রেনটা পাছায়?,অপমান না করে সৎ ও যুক্তিযুক্ত সমালোচনা করলে আলোচনা আরও গ্রহনযোগ্য হয়।,discouraging_abuse,personal_insult
70,তোর বাপ নটিগিরি করতে ফেসবুকে পাঠাইছে তোরে?,পারিবারিক বা ব্যক্তিগত বিষয় নিয়ে অপমান না করে শালীনভাবে মতামত দেওয়া উচিত।,discouraging_abuse,personal_insult
71,এই মাগি চুম্মা দিয়ে কথা বলবো তোর সাথে? পতিতার বাচ্চা তুই,অপমানজনক ও যৌন ইঙ্গিত শোনা অপ্রত্যাশিত; কারো মর্যাদা রক্ষা করাই সবার কর্তব্য।,discouraging_abuse,sexual_harassment
72,এই বেয়াদব মেয়ে চামচা কাদের বলিস তুই? রোজার মাসে গাঞ্জা খেয়ে এসেছিস?,ধর্মীয় সময়গুলোতে সবাইকে সম্মান করা উচিত; পারস্পরিক অপমান এড়িয়ে চলা দরকার।,moral_appeal,hate_speech
73,এসব গু ছাড়া তো আপনাদের চলে না। আবার কমেন্টে আসেন সাধু সাজতে। ফালতু মহিলা যতসব আজাইরা পাবলিক।,"নেতিবাচক মন্তব্য না করে সমালোচনা যদি দরকার হয়, তা ভদ্রভাবে করা উচিত।",discouraging_abuse,gender_abuse
74,"পতিতা, যা তুই আবর্জনার ভাগাড়ে যা",কোনো ব্যক্তিকে লজ্জাজনক শব্দে আখ্যা না দিয়ে সম্মানের সাথে প্রতিমত ব্যক্ত করা উচিত।,discouraging_abuse,sexual_harassment
75,"কি বাজে এরা, এদের ফ্যামিলি কেমন। গলার আওয়াজ কি বাজে",ব্যক্তিগত আক্রমণ না করে গঠনমূলক মতামত দিলে আলোচনা আরও ভালো হয়।,discouraging_abuse,abusive_language
76,বেইলি রোডে সব বস্তিদের বসবাস,"একটি এলাকার মানুষকে এভাবে ছোট করা ঠিক নয়, সবাই সম্মানের যোগ্য।",moral_appeal,hate_speech
77,কুকুরও এই মেয়েদের কাছে চিৎকারে ফেল করবে,"নারীদের এভাবে অপমান করা ঠিক নয়, সম্মানজনক ভাষা ব্যবহার করা উচিত।",moral_appeal,gender_abuse
78,মানে বাংলাদেশ পুরাই বস্তি হয়ে গেছে,একটি দেশ বা সমাজকে এভাবে অবমূল্যায়ন না করে সমস্যাগুলো নিয়ে গঠনমূলক আলোচনা করা ভালো।,discouraging_abuse,abusive_language
79,পুলিশ কখনো ভালো হবে না। খানকির পোলা ছিলো আর থাকবেও,"সব পুলিশকে একভাবে বিচার করা ঠিক নয়, ভালো-মন্দ দুই ধরনের মানুষই থাকতে পারে।",fact_based,hate_speech
80,"এক হাতে তালি বাজে না, মানুষ বোকাচোদা না এখন",মানুষকে অপমান না করে যুক্তি দিয়ে কথা বললে কথার মূল্য বাড়ে।,discouraging_abuse,abusive_language
81,আরে গান্ডুচোদা ভোদাই এইটা আগের ভিডিও,অপমানজনক ভাষা ব্যবহার না করে তথ্যটা শান্তভাবে জানালেই যথেষ্ট।,discouraging_abuse,abusive_language
82,মাগির পুত তোর মা কি পাশ? হেডা পাশ তাই না? চোদা খাওয়া মাগিটা কেবল বিছানা পাশ।,"পরিবারকে টেনে এনে অপমান করা ঠিক নয়, সম্মান বজায় রাখা উচিত।",moral_appeal,abusive_language
83,তুই কিসে জব করস? গরিব শুয়োর।,"কাউকে আর্থিক অবস্থার জন্য অপমান করা ঠিক নয়, সবাইকে সম্মান করা উচিত।",moral_appeal,abusive_language
84,বেগম রোকেয়া কি তোরে চুদছিলো?,ঐতিহাসিক ব্যক্তিত্বদের নিয়ে এভাবে অশালীন কথা বলা অনুচিত।,moral_appeal,abusive_language
85,বেগম রোকেয়া শিক্ষিত ঘরের মেয়ে ছিলো। তোর মতো মূর্খ নটির পুত না,কাউকে অপমান না করে শিক্ষার গুরুত্ব বুঝে সম্মানজনকভাবে কথা বলা উচিত।,moral_appeal,abusive_language
86,খানকির পুত মাদ্রাসা ছাপ বেজন্মা,শিক্ষা বা প্রতিষ্ঠানের ভিত্তিতে কাউকে অপমান করা ঠিক নয়।,discouraging_abuse,hate_speech
87,তোর মা মূর্খ। সমাজের আবর্জনা। তোর মায়ের মতো ২ পয়সার দাসীর পেটে তোর জন্ম।,কারও পরিবারকে অপমান না করে ভদ্রভাবে মত প্রকাশ করাই শ্রেয়।,moral_appeal,abusive_language
88,তুই তো কুত্তালীগের সহসভাপতি,রাজনৈতিক মতভেদ থাকলেও তা শালীন ভাষায় প্রকাশ করা উচিত।,discouraging_abuse,abusive_language
89,এই কুলাঙ্গার শেখ হাসিনাকে উপাধি দিয়েছে হযরত শেখ হাসিনা।,রাজনৈতিক ব্যক্তিদের নিয়ে সমালোচনা করতে হলে তা সম্মানজনক ও যুক্তিভিত্তিক হওয়া উচিত।,fact_based,abusive_language
90,তর মারে তোর বোন কে তোর চৌদ্দ গোষ্ঠী চুদি খানকির পোলা,এভাবে অপমানজনক ভাষা ব্যবহার না করে শান্তভাবে কথা বললে পরিবেশ ভালো থাকে।,discouraging_abuse,sexual_harassment
91,তরে কুত্তা দিয়ে চোদানো দরকার,"হুমকি দেওয়া গুরুতর বিষয়, তাই সংযত ও দায়িত্বশীলভাবে কথা বলা উচিত।",warning_of_consequences,sexual_harassment
92,বাঙ্গালিদের মতো মাদারচোদ পুরো পৃথিবীতে নাই।,কোনো জাতিকে অপমান না করে পারস্পরিক সম্মান বজায় রাখা জরুরি।,moral_appeal,hate_speech
93,"এই নাসীর পাটোয়ারী টোকাই, এই খানকির পোলায় দায়ী। এ আবার দেহি দোয়া চাইতেছে।",কাউকে দোষারোপ না করে ভদ্রভাবে মত প্রকাশ করলে আলোচনা আরও গঠনমূলক হয়।,discouraging_abuse,abusive_language
94,হাহাহা চোখ বুজে পাটোয়ারীকে চুদে দিলা। সাব বাশ,অপমানজনক মন্তব্য না করে সম্মানজনকভাবে মতামত দেওয়া উচিত।,discouraging_abuse,abusive_language
95,ডার্বি নাসির এই বাইঞ্চোদ রে আমি সহ্যই করতে পারিনা।,অপছন্দ থাকলেও তা ভদ্রভাবে প্রকাশ করাই ভালো।,discouraging_abuse,abusive_language
96,পাবলিক এতটুকু বুঝেনা এই নাসির ভাইরাল আলোচনায় থাকার জন্য এত পরিমান ছাপড়িগিড়ি করে,কাউকে ছোট না করে যুক্তি দিয়ে মত প্রকাশ করলে তা বেশি গ্রহণযোগ্য হয়।,fact_based,abusive_language
97,কি ধোন কইলো কিছুই বুঝলাম না।,"না বুঝলে ভদ্রভাবে জিজ্ঞেস করা ভালো, এতে আলোচনা স্পষ্ট হয়।",discouraging_abuse,abusive_language
98,খানকি মাগীর বাচ্চা তোরে ফাইড়া ফালামু শুয়োরের বাচ্চা।,হুমকি ও অপমান না করে শান্তভাবে কথা বলাই সবার জন্য ভালো।,warning_of_consequences,threat
99,"তোর মায়েরে চুদি, শুয়োরের বাচ্চা কোথাকার","অন্যের পরিবার নিয়ে খারাপ কথা বলা ঠিক নয়, সম্মান বজায় রাখা জরুরি।",moral_appeal,abusive_language
100,এদের লজ্জা বলতে কিছু নেই। হিন্দু? মনে হয় এদের মানসম্মান আছে বলে মনে হয় না।,"ধর্মের ভিত্তিতে কাউকে অপমান করা অন্যায়, সবার প্রতি সম্মান দেখানো উচিত।",moral_appeal,hate_speech
101,এঁরা জারজ সন্তান কুকুরের বাচ্চা।,মানুষকে অপমান না করে সম্মানজনক আচরণ করাই মানবিকতার পরিচয়।,empathy,abusive_language
102,"খানকির পোলা, তুই ভিডিও কেন করছোছ? তুমি তোর মায়ের ভিডিও বানা! মানুষের অনুমতি ছাড়া ভিডিও বানিয়ে আপলোড করছোছ।","অন্যের অনুমতি ছাড়া ভিডিও করা ঠিক নয়, তবে তা ভদ্রভাবে জানানো উচিত।",fact_based,abusive_language
103,এই শোয়ার দুইটাকে জুতার মালা পরিয়ে দেওয়া হোক,অপমানের বদলে সচেতনতা ও সম্মানজনক আচরণই ভালো সমাধান।,moral_appeal,abusive_language
104,হালারপুত একেবারে লুইচ্ছা এরা,অন্যকে ছোট না করে ভদ্রভাবে সমালোচনা করাই ভালো।,discouraging_abuse,abusive_language
105,এই গুলোর বাবা মা ও রাস্তায় চুদে এইগুলারে জন্ম দিছে,"কারও পরিবার নিয়ে এভাবে কথা বলা ঠিক নয়, সবাই সম্মানের যোগ্য।",moral_appeal,abusive_language
106,"এএএএএইইইই মাগী, রাস্তায় গিয়া চুদা","এভাবে অপমানজনক কথা বললে অন্যের কষ্ট হয়, তাই সম্মানজনক ভাষা ব্যবহার করা ভালো।",empathy,abusive_language
107,তোর মতো মাগী কথায় কি আসে যায়?,"প্রত্যেক মানুষের কথার মূল্য আছে, তাই সবাইকে সম্মান দিয়ে কথা বলা উচিত।",empathy,gender_abuse
108,প্রয়োজনে এই আপারে চোদেন তবুও বাল্য বিবাহ বন্ধ করেন,"বাল্যবিবাহ একটি গুরুতর সামাজিক সমস্যা, তাই সচেতন ও সম্মানজনকভাবে এর বিরোধিতা করা উচিত।",fact_based,abusive_language
109,"তুই মর, হেডার মাগী","এভাবে কাউকে হুমকি দেওয়া আইনগত সমস্যার কারণ হতে পারে, তাই সংযতভাবে কথা বলা উচিত।",warning_of_consequences,threat
110,"ওদের মতোন খানকির পোলা আর জানোয়ার এর কেউ নাই, ওদের জন্য কোনো মেয়ে সেইফ না।","অভিযোগ থাকলে তা ভদ্রভাবে জানানো উচিত, কারণ অপমান করলে সমস্যা আরও বাড়ে।",fact_based,abusive_language
111,"নাসির শুয়োর, যেই বাল ছাল করাইছে",কাউকে অপমান না করে যুক্তি দিয়ে সমালোচনা করলে তা বেশি গ্রহণযোগ্য হয়।,fact_based,abusive_language
112,কোনো মুল্লিকে একবার চুদলে বার বার চোদন দেওয়া যায়,"ধর্মীয় পরিচয়ের ভিত্তিতে কাউকে অপমান করলে সামাজিক বিভেদ বাড়ে, তাই সম্মান বজায় রাখা জরুরি।",moral_appeal,hate_speech
113,"আচোদা মুসলমান, ওদের সামনেই ওদের বোনদের চুদে গুদ ফাটিয়ে রাস্তার মাগী বানাচ্ছি আর ওরা কিছুই বলে না",ধর্ম বা পরিচয় নিয়ে এমন সহিংস ও অপমানজনক কথা বলা অন্যদের গভীরভাবে আঘাত করে।,empathy,hate_speech
114,"শালা ভোটচোর, ভোট তোর পিছনে দিয়ে ভরে দিবো","এভাবে হুমকি দেওয়া আইনগতভাবে সমস্যার কারণ হতে পারে, তাই সংযতভাবে কথা বলা উচিত।",warning_of_consequences,threat
115,এইরকম ছাপড়ি টোকাই মেয়ে খুব কম দেখেছি,কাউকে ছোট না করে সম্মানজনকভাবে মত প্রকাশ করলে পরিবেশ ভালো থাকে।,empathy,gender_abuse
116,দে ভাই আরো চুদে দে তাদের মাগী গুলোর চুলকানি এত বেশি যে তারা ধর্ম পর্যন্ত চিনে না,"এভাবে উসকানিমূলক কথা বলা ক্ষতিকর, বরং শান্ত ও সম্মানজনক আচরণই সঠিক পথ।",warning_of_consequences,hate_speech
117,পুলিশ আইসা ওরে দেখেই বলবে এই বাইনচোদ ই আসল ক্রিমিনাল,"প্রমাণ ছাড়া কাউকে অপরাধী বলা অন্যায়, তাই সতর্কভাবে কথা বলা উচিত।",fact_based,abusive_language
118,কুক্তার যেমন নিদিষ্ট বাপ নাই।তেমনি যারজদের কোন নিদিষ্ট বাপ নাই।তাই এমন কাজ করছে,"এভাবে কাউকে অপমান করলে তার কষ্ট হতে পারে, তাই মানবিকতা বজায় রাখা জরুরি।",empathy,abusive_language
119,নাউজুবিল্লাহ তুই কাফের তুর মা কাফের তুর বাপ কাফের তুর ১৪ গোস্টি কাফের,ধর্মীয় পরিচয় নিয়ে অপমান না করে সহনশীলতা ও সম্মান বজায় রাখা উচিত।,moral_appeal,hate_speech
120,এই ধরনের কিছু কুত্তার বাচ্চার জন্য আজকে সব হুজুরদের বদনাম,কিছু মানুষের কাজের জন্য পুরো একটি গোষ্ঠীকে দোষ দেওয়া ঠিক নয়।,fact_based,hate_speech
121,পুরা দেশের সকল সিষ্টেম যেখানে বেশ্যাখানা হয়ে গেছে সেখানে এই দেহ ব্যাবসা কোন অপরাধী না,সমস্যা থাকলে তা গঠনমূলকভাবে তুলে ধরলে সমাধান খুঁজে পাওয়া সহজ হয়।,fact_based,abusive_language
122,বোকাচোদা নাকি রে তুই? এমন বাইঞ্চদ লিস্টে ঢুকলো কেমনে?,এভাবে অপমান না করে ভদ্রভাবে প্রশ্ন করলে ভালো উত্তর পাওয়া যায়।,empathy,abusive_language
123,ইনসেস্ট জোকস এ খুব মজা তাইনা? তুমিও যে বাইঞ্চদ এটা তো জানতাম না,এ ধরনের বিষয় নিয়ে সম্মানজনক ও সংবেদনশীল আচরণ করা গুরুত্বপূর্ণ।,moral_appeal,abusive_language
124,আবরার মাহির একটা লুইচ্চা বদমাইশ এমন কোন মেয়ে নাই যার ইনবক্সে ছ্যাছড়ামো করে নাই,"অভিযোগ থাকলে প্রমাণসহ ভদ্রভাবে জানানো উচিত, অপমান করলে বিষয়টি জটিল হয়।",fact_based,abusive_language
125,"কতো বড়ো মাগী বুঝতে পারছেন, ভিডিও নাকি হয় নাই",কাউকে অপমান না করে সত্যতা যাচাই করে কথা বলা উচিত।,fact_based,gender_abuse
126,শুয়োরের বাচ্চারা বাপ-মেয়েকে নিয়েও নোংরামি করতে ছাড়েনা,এভাবে সাধারণীকরণ না করে সমস্যাগুলোকে দায়িত্বশীলভাবে দেখা উচিত।,fact_based,abusive_language
127,আহারে শুয়োরকে শুয়োর বলায় শায়েখের গায়ে লেগে গেল,ব্যঙ্গ না করে সম্মানজনকভাবে মত প্রকাশ করলে আলোচনা ভালো হয়।,discouraging_abuse,abusive_language
128,মাগির পোলা আমি তোরে পাই না কেন? কয় বাপের চুদা খাইয়া বড় হইছোস,"এভাবে অপমান করলে সম্পর্ক খারাপ হয়, তাই সংযত ভাষা ব্যবহার করা উচিত।",empathy,abusive_language
129,"মাদ্রাসায় পড়ে বিজ্ঞান নিয়ে কথা বললে হাসি পায়, মূর্খচোদারা",শিক্ষার ভিন্ন ধারা থাকলেও সবার মতামতকে সম্মান করা উচিত।,moral_appeal,hate_speech
130,"হাওয়ার পোলা নেহাল, আমেরিকা থেকে আইসা ভাব বাইড়া গেছে",কাউকে ব্যক্তিগতভাবে আক্রমণ না করে ভদ্রভাবে মত প্রকাশ করাই ভালো।,discouraging_abuse,abusive_language
131,তোরে কিন্তু আমি মাঠের মধ্যে ফালাইয়া পুটকি মারুম,এভাবে হুমকি দিলে পরিস্থিতি আরও খারাপ হয় তাই এখনই থামা উচিত।,warning_of_consequences,threat
132,কাশিমপুর যাবি না? ফুটবল একদম পুটকি দিয়া ভইরা দিমু,কাউকে এমনভাবে ভয় দেখালে পরিস্থিতি আরও খারাপ হয় তাই সংযত থাকা ভালো।,warning_of_consequences,abusive_language
133,"দিনে দিনে সব মাগী হয়ে যাচ্ছে, না জানি কপালে কি আছে",প্রমাণ ছাড়া এমন দাবি করলে ভুল বোঝাবুঝি বাড়ে তাই আগে তথ্য দেখা দরকার।,fact_based,gender_abuse
134,এই ভোদাই’রে কারা এমপি বানাইলো এডাই চিন্তা করতাছি,তথ্য যাচাই না করে মন্তব্য করলে ভুল বোঝাবুঝি বাড়ে তাই যুক্তি দিয়ে কথা বলা উচিত।,fact_based,abusive_language
135,হোগা মারা সারা। দেশের হোগা ক্যাম্নে মারে এটা দেখতেছি।,সম্মান বজায় রেখে কথা বলাই পারস্পরিক শ্রদ্ধা বাড়ায় তাই শালীন থাকা উচিত।,moral_appeal,gender_abuse
136,এ যেনো ছিলো রাণী মুহূর্তের মধ্যেই হয়ে গেলো চুতমারানী,এভাবে অপমান করলে মানসিক আঘাত লাগে তাই নরম ভাষা ব্যবহার করা উচিত।,empathy,gender_abuse
137,চুতমারানীর পুতেরে এখনো বাচায় রাখছে কে,কাউকে কষ্ট দিলে মানসিক আঘাত লাগে তাই সম্মান দেখানো ভালো।,empathy,gender_abuse
138,পাগল নাকি টিচারে এমন হয় বুঝি অমানুষের বাচ্চা,শুধু ধারণা থেকে কথা বললে ভুল বোঝাবুঝি বাড়ে তাই নির্ভরযোগ্য উৎস দেখা ভালো।,fact_based,gender_abuse
139,আকাটা ধন বোদায় নিয়ে মরছে এদের মতো কাফিরেরা দুনিয়া থেকে গেলে দুনিয়ায় শান্তি কায়েম করবে ইসলাম,ভিন্নমত থাকলেও ভদ্রভাবে বলা পারস্পরিক শ্রদ্ধা বাড়ায় তাই ভদ্র ভাষা জরুরি।,moral_appeal,hate_speech
140,"কিরে টাঙ্গাইলের বুশকি, অশিক্ষিত ফকিন্নি,মাদারচোদ",অপমানের বদলে মূল বিষয়টি তুলে ধরলে আলোচনাটা আরও পরিষ্কার হয় তাই ভদ্রভাবে বলাই ভালো।,discouraging_abuse,gender_abuse
141,তোর মারে কি চুদতে দিছিলি আমারে খানকি মাগী,কারও অনুভূতি ভেবে না বললে মানসিক আঘাত লাগে তাই একটু সহানুভূতিশীল হওয়া দরকার।,empathy,gender_abuse
142,"বুশকির বাচ্চা বুশকি, ফকিন্নির বাচ্চা ফকিন্নি",গালি না দিয়ে নিজের মতামত জানালে আলোচনাটা আরও পরিষ্কার হয় তাই সংযত ভাষা ব্যবহার করা উচিত।,discouraging_abuse,abusive_language
143,কুত্তার বাচ্চারা তোরা আকাম করবি কর জাহান্নামে যাবি যা তবে পরদা আর পান্জাবির বদনাম করবি কেন?,সাধারণীকরণ করলে ভুল বোঝাবুঝি বাড়ে তাই যাচাই করে বলা উচিত।,fact_based,abusive_language
144,বেশ্যা খানায় যাস আর বড় বড় লেকচার দেস,ব্যক্তিগত আক্রমণ না করে সমালোচনাটা করলে আলোচনাটা আরও পরিষ্কার হয় তাই শালীন থাকা দরকার।,discouraging_abuse,gender_abuse
145,অনেক মিস করি বাইঞ্চদ বন্ধুটাকে,উপহাস না করে আপত্তিটা জানালে আলোচনাটা আরও পরিষ্কার হয় তাই শান্তভাবে বলা ভালো।,discouraging_abuse,abusive_language
146,এই বুশকি মাগী তরে টাঙ্গাইলেই ভাইরাল করমু দেখতে চাস তুই,মানুষকে ছোট করলে মানসিক আঘাত লাগে তাই ভদ্রভাবে বলা উচিত।,empathy,threat
147,চুতমারানী টাকার জন্য ভিডিও কলে সার্ভিস দেস নাকি,অন্যের কষ্ট বুঝে কথা না বললে মানসিক আঘাত লাগে তাই সাবধানে কথা বলা উচিত।,empathy,gender_abuse
148,"মাগীরে ১০০ কুত্তা দিয়ে গ্রুপ চোদা দিমু, মাগীর মারেও দিমু",রাগের মাথায় এমন কথা বললে পরিস্থিতি আরও খারাপ হয় তাই শান্তভাবে কথা বলা উচিত।,warning_of_consequences,gender_abuse
149,"মাগীরে খানকি পাড়ায় বেইচা দিমু, মাগীর মারে সহ, এরপর টাকা কামাইতে পারবো",এভাবে অপমান করলে মানুষ কষ্ট পায় তাই একটু সহানুভূতিশীল হওয়া দরকার।,empathy,gender_abuse
150,"মাগীর মারে কুত্তা ‍দিয়া চোদামু, খানকি মাগী",কাউকে কষ্ট দিলে মানুষ কষ্ট পায় তাই ভদ্রভাবে বলা উচিত।,empathy,gender_abuse
151,"পাক্কা খানকি মাগী, মাগী নিজের ভোদা বেচে পতিতালয়ে",কটু কথা বাদ দিয়ে অসন্তোষটা বললে আলোচনাটা আরও পরিষ্কার হয় তাই রুচিসম্মত থাকা উচিত।,discouraging_abuse,gender_abuse
152,মাগী একটা রেন্ডী মাগী। মাগীর কালো ভোদা ওর বাপ প্রতিদিন চাটে,অপমানের বদলে মূল বিষয়টি তুলে ধরলে কথাটা ভালোভাবে বলা যায় তাই শালীন থাকা দরকার।,discouraging_abuse,gender_abuse
153,প্রতিদিন ভার্সিটি যাওয়ার আগে ওর ভাই আর বাপ ওর কালো ভোদা চাটে। এরপর ভার্সিটি যায়,সহিংস মন্তব্য করলে পরিস্থিতি আরও খারাপ হয় তাই ভদ্র ভাষা ব্যবহার করা দরকার।,warning_of_consequences,abusive_language
154,মাগীরে ওর মা রাস্তার কুত্তার ঘরে দিয়ে চোদা খাইতে খাইতে জন্ম দিছে,গালি না দিয়ে নিজের মতামত জানালে কথাটা ভালোভাবে বলা যায় তাই শান্তভাবে বলা ভালো।,discouraging_abuse,gender_abuse
155,শুয়োর সালামের উত্তর ও সঠিক ভাবে লেখে না,কাউকে দোষারোপের আগে খোঁজ না নিলে ভুল বোঝাবুঝি বাড়ে তাই পরিষ্কার প্রমাণ দরকার।,fact_based,abusive_language
156,এগুলোরে ধইরা ধইরা জবাই দিয়া ফেলমু,মারধরের কথা তুললে পরিস্থিতি আরও খারাপ হয় তাই এভাবে বলা বন্ধ করা উচিত।,warning_of_consequences,threat
157,"এইসব পর্দা না, মুখোসদারী বেশ্যা নারী যাদের পেশা চেহারা ঢেকে দেহ বিক্রি করা",কারও অনুভূতি ভেবে না বললে মানুষ কষ্ট পায় তাই সাবধানে কথা বলা উচিত।,empathy,gender_abuse
158,এই খানকির পোলারে আইনের আলতো আনা দরকার,ব্যক্তিগত আক্রমণ না করে সমালোচনাটা করলে কথাটা ভালোভাবে বলা যায় তাই রুচিসম্মত থাকা উচিত।,discouraging_abuse,abusive_language
159,ও একটা কুত্তার বাচ্চা ওরে মেরে ফেলেন,এভাবে হুমকি দিলে আইনি ঝুঁকি বাড়ে তাই শান্তভাবে কথা বলা উচিত।,warning_of_consequences,threat
160,যে ভিডিও করছে সে কঠিন লেভেলের বাইঞ্চদ,উপহাস না করে আপত্তিটা জানালে কথাটা ভালোভাবে বলা যায় তাই ভদ্রভাবে বলাই ভালো।,discouraging_abuse,abusive_language
161,কোথায় হইছে? আপনের নানীর হেডায়?,প্রমাণ ছাড়া এমন দাবি করলে সত্যটা আড়াল হয় তাই নির্ভরযোগ্য উৎস দেখা ভালো।,fact_based,abusive_language
162,এই খানকির জাত কখনো ভালো হবে না। এদের সবসময় রাফে করা দরকার,ধর্ম বা পরিচয় নিয়ে অপমান না করাই পারস্পরিক শ্রদ্ধা বাড়ায় তাই সম্মান দেখানো দরকার।,moral_appeal,abusive_language
163,আগে যাত্রা দেখতে হলে টাকাতে টিকিট কাটতে হতো আর এখন মাগী দেখতে হলে ফ্রিতে দেখা যায়,মানুষকে ছোট করলে মানুষ কষ্ট পায় তাই নরম ভাষা ব্যবহার করা উচিত।,empathy,gender_abuse
164,চুইদা মাইরা ফেলবো জানোয়ার। চিনোস আমারে?,কাউকে এমনভাবে ভয় দেখালে আইনি ঝুঁকি বাড়ে তাই ভদ্র ভাষা ব্যবহার করা দরকার।,warning_of_consequences,threat
165,বাসায় গিয়ে তোরে রেপ করে আসবো মাদারচোদ,রাগের মাথায় এমন কথা বললে আইনি ঝুঁকি বাড়ে তাই এভাবে বলা বন্ধ করা উচিত।,warning_of_consequences,threat
166,ভুসকি ব্যবসা করতে গেছে শাওয়া বেইচা খাবি তোরা,তথ্য যাচাই না করে মন্তব্য করলে সত্যটা আড়াল হয় তাই যাচাই করে বলা উচিত।,fact_based,abusive_language
167,বস্তিগুলা কই থেকে যে আমদানি হয়,কারও পরিবারকে জড়িয়ে কথা না বলাই পারস্পরিক শ্রদ্ধা বাড়ায় তাই সহনশীল হওয়া উচিত।,moral_appeal,abusive_language
168,আফচছ হচ্ছে এই নটি মাগী জানি কোন ছেলের কপালে আছে আফচছ হচ্ছে সেই ছেলেটার জন্য,অন্যের কষ্ট বুঝে কথা না বললে মানুষ কষ্ট পায় তাই সম্মান দেখানো ভালো।,empathy,gender_abuse
169,আমি নিশ্চিত এরা দৌলতদিয়া ঘাটের মাগী... ও সরি মাঝি,এভাবে অপমান করলে সম্মান নষ্ট হয় তাই সাবধানে কথা বলা উচিত।,empathy,gender_abuse
170,শালার ব্যাটা লুচ্চা তোর এখনো জেল খাটি তোর শিক্ষা হয়নি,কটু কথা বাদ দিয়ে অসন্তোষটা বললে কথাটা ভালোভাবে বলা যায় তাই সংযত ভাষা ব্যবহার করা উচিত।,discouraging_abuse,abusive_language
171,"এই খানকির ছেলের জন্মই দৌলোদিয়া ঘাটে, লুচ্চা বাগি লুচ্চা আলম",অপমানের বদলে মূল বিষয়টি তুলে ধরলে বিষয়টি সবার কাছে পৌঁছে তাই রুচিসম্মত থাকা উচিত।,discouraging_abuse,abusive_language
172,সালা সময়ের মধ্যেই লাইট টা আইসা হোগা মাইরা দিলো,সহিংস মন্তব্য করলে আইনি ঝুঁকি বাড়ে তাই এখনই থামা উচিত।,warning_of_consequences,threat
173,শুটিংয়ের সময় যদি বোকাচোদা হিরোর ধোনটা খাড়ায় তাহলে কি করবে।,গালি না দিয়ে নিজের মতামত জানালে বিষয়টি সবার কাছে পৌঁছে তাই ভদ্রভাবে বলাই ভালো।,discouraging_abuse,abusive_language
174,দোয়া করি তুমি ভবিষ্যতে বড় মাপের খানকি হও,শুধু ধারণা থেকে কথা বললে সত্যটা আড়াল হয় তাই পরিষ্কার প্রমাণ দরকার।,fact_based,gender_abuse
175,দোয়া করে দিলাম যাও বড়ো হয়ে ব্র্যান্ডের মাগী হবা,কাউকে কষ্ট দিলে সম্মান নষ্ট হয় তাই নরম ভাষা ব্যবহার করা উচিত।,empathy,gender_abuse
176,এই বুইড়া খানকির পোলাডা কেডা?,ব্যক্তিগত আক্রমণ না করে সমালোচনাটা করলে বিষয়টি সবার কাছে পৌঁছে তাই সংযত ভাষা ব্যবহার করা উচিত।,discouraging_abuse,abusive_language
177,তুই ক্যামেরা না ধরে মারতে পারলি না মাদারচোদ,উপহাস না করে আপত্তিটা জানালে বিষয়টি সবার কাছে পৌঁছে তাই শালীন থাকা দরকার।,discouraging_abuse,gender_abuse
178,"খানকির পোলা, পিরামিড কেন এবং কি কাজের জন্য তৈরি করেছিলো সেটা আগে ভালোভাবে জান",সাধারণীকরণ করলে সত্যটা আড়াল হয় তাই আগে তথ্য দেখা দরকার।,fact_based,abusive_language
179,মাথায় কুত্তার গু থাকলে এসব পোস্ট করে মানুষ,কটু কথা বাদ দিয়ে অসন্তোষটা বললে বিষয়টি সবার কাছে পৌঁছে তাই শান্তভাবে বলা ভালো।,discouraging_abuse,gender_abuse
180,ভালো হইছে মরছে খানকির বাচ্চারা এত করে না করার পরেও হিন্দু বাবাদের দিয়া পুটকি মারায়,মানুষকে ছোট না করাই পারস্পরিক শ্রদ্ধা বাড়ায় তাই দায়িত্বশীল হওয়া ভালো।,moral_appeal,hate_speech
181,"হাজি সাহেবের গুসটি চুদি খানকির পোলারা দরকার হয় নিজের মেয়েকে রিকশার চালানো ছেলের সাথে বিয়ে দিয়ে দাও, তারপরেও হিন্দুদের দাসি হতে দিও না",সম্মান বজায় রেখে কথা বলাই সমাজকে শান্ত রাখে তাই সম্মান দেখানো দরকার।,moral_appeal,hate_speech
182,এই মেয়ে দেশে আর মেয়েটার স্বামী চুদান প্রবাসী,ভিন্নমত থাকলেও ভদ্রভাবে বলা সমাজকে শান্ত রাখে তাই সহনশীল হওয়া উচিত।,moral_appeal,gender_abuse
183,"এর যে চেহারা, এরে কে চুদে ৩০০ টাকা খরচ করে?",মারধরের কথা তুললে আইনি ঝুঁকি বাড়ে তাই সংযত থাকা ভালো।,warning_of_consequences,gender_abuse
184,এইসব মানুষ এর মধ্যে মনুষত্ব বলতে জিনিস নাই। এরা মানুষ রূপী পশু,কারও অনুভূতি ভেবে না বললে সম্মান নষ্ট হয় তাই সম্মান দেখানো ভালো।,empathy,gender_abuse
185,মানে যারা হাহা দিচ্ছে তারা খুব বাল ছিড়ে ফেলছে লাইফ এ,মানুষকে ছোট করলে সম্মান নষ্ট হয় তাই একটু সহানুভূতিশীল হওয়া দরকার।,empathy,gender_abuse
186,"মাদ্রাসায় এইসব শিখায়? বায়োতে লেখা ‘শরীয়াহ আইন’, এইরকম মুখের ভাষা দিয়ে শরীয়াহ আইন প্রতিষ্ঠা করবেন, নাকি শরীয়াহ আইনের পুটকি মারবেন ওইটা বুঝা গেছে",ধর্ম বা পরিচয় নিয়ে অপমান না করাই সমাজকে শান্ত রাখে তাই দায়িত্বশীল হওয়া ভালো।,moral_appeal,hate_speech
187,"মেয়েটা পুরাই নষ্ট পল্লীর,ঐ লোকটা কি গায়ে হাত দিছে?",কাউকে দোষারোপের আগে খোঁজ না নিলে সত্যটা আড়াল হয় তাই যুক্তি দিয়ে কথা বলা উচিত।,fact_based,gender_abuse
188,গুলশানের মাগী টা মাওয়াতে গিয়া মাইর খাইল পোলাটার মুখে চা মারার জন্য,অন্যের কষ্ট বুঝে কথা না বললে সম্মান নষ্ট হয় তাই ভদ্রভাবে বলা উচিত।,empathy,gender_abuse
189,কিরে লুইচ্চা হুজুর মোরশেদ মেয়েদের সাথে কি করছ?,কারও পরিবারকে জড়িয়ে কথা না বলাই সমাজকে শান্ত রাখে তাই শালীন থাকা উচিত।,moral_appeal,hate_speech
190,"এরা সব কুলাঙ্গার, সবগুলা ইহুদির দালাল",মানুষকে ছোট না করাই সমাজকে শান্ত রাখে তাই ভদ্র ভাষা জরুরি।,moral_appeal,hate_speech
191,ফ্যান্টাসি শাউয়োর নাতনি গো কই থেকে কই নিয়া গেছে ভাবেন একবার। পনেরো ষোল বয়সে হেডা মার্কা ডার্ক ‍রোমান্স পড়ার পর মাথা আউলাইয়া গেছে।,এভাবে অপমান করলে ভালোবাসা কমে যায় তাই সম্মান দেখানো ভালো।,empathy,gender_abuse
192,রিয়েল লাইফে যখন এইরকম বাইঞ্চদের পাল্লায় পড়বে তখন চোখের পানি পুটকি দিয়া বাহির হয়ে যাবে।,অপমানের বদলে মূল বিষয়টি তুলে ধরলে মতামতটি বেশি গ্রহণযোগ্য হয় তাই সংযত ভাষা ব্যবহার করা উচিত।,discouraging_abuse,abusive_language
193,সাদিয়া সুলতানা নেলি এই মাইয়া তো পাক্কা খানকি মাগী,কাউকে কষ্ট দিলে ভালোবাসা কমে যায় তাই একটু সহানুভূতিশীল হওয়া দরকার।,empathy,gender_abuse
194,মাগীর ছেলে তোর আশেপাশে চোখ দিয়ে দেখ কত হিন্দু মাগী পরকিয়া করে আবার ছাড়া ছাড়ি তো আছেই এতো অন্ধভক্ত উগ্রবাদী হওয়ার কি দরকার,সম্মান বজায় রেখে কথা বলাই বিভেদ কমায় তাই দায়িত্বশীল হওয়া ভালো।,moral_appeal,hate_speech
195,ইসলামী মেয়েদেরকে যে চুদে তালাক দিয়ে খেয়ে ছেড়ে দিচ্ছে মুসলিম ছেলেরা। বাচ্চা উৎপাদনের মেশিন বানিয়েছে মেয়েদেরকে যেভাবে সম্মান দিয়েছে বাচ্চা চোদানোর মেশিন তা নিয়ে একটা প্রকাশ করা,ভিন্নমত থাকলেও ভদ্রভাবে বলা বিভেদ কমায় তাই শালীন থাকা উচিত।,moral_appeal,hate_speech
196,এই যৌনপল্লীর ছেলে তুই ওরে থাপর কেন দিসোস? জানোস অয় কে হয় আমার?,প্রমাণ ছাড়া এমন দাবি করলে মানুষ বিভ্রান্ত হয় তাই পরিষ্কার প্রমাণ দরকার।,fact_based,gender_abuse
197,"এই পাশা বান্দের পুত আমারে যৌনপল্লীর ছেলে বলছে, এই পাশারে আমি...",কারও অনুভূতি ভেবে না বললে ভালোবাসা কমে যায় তাই ভদ্রভাবে বলা উচিত।,empathy,gender_abuse
198,"খানকির পোলারা, শুয়োরের বাচ্চারা দেশে দুর্নীতি করতে করতে দেশটাকে পুটকি মাইরা একদম খালের মধ্যে ফালায় দিছোছ।",এভাবে হুমকি দিলে মানসিক ক্ষতি হয় তাই এভাবে বলা বন্ধ করা উচিত।,warning_of_consequences,threat
199,খানকির পোলারা আফগানিস্তান তোদের থেকে তিন গুণ বেশি আগাইয়া অর্থনীতির দিক থেকে আবার খানকির পোলারা বলস দেশ আফগানিস্তান হইয়া যাইতেছে,তথ্য যাচাই না করে মন্তব্য করলে মানুষ বিভ্রান্ত হয় তাই আগে তথ্য দেখা দরকার।,fact_based,abusive_language
200,শাউয়ার বাচ্চারা জামাতের গানটাকে চুদে দিল,ধর্ম বা পরিচয় নিয়ে অপমান না করাই বিভেদ কমায় তাই ভদ্র ভাষা জরুরি।,moral_appeal,hate_speech
201,মিডিয়া যে কতবড় মাদারচোদ আর ইসলামের কত বড় শত্রু এই ছবি ২ টা মিলাইলেই বুঝবেন,কারও পরিবারকে জড়িয়ে কথা না বলাই বিভেদ কমায় তাই সম্মান দেখানো দরকার।,moral_appeal,hate_speech
202,এই আতেল জোকার গুলার কারনে বাংলাদেশে বিনোদনের অভাব হয় না,শুধু ধারণা থেকে কথা বললে মানুষ বিভ্রান্ত হয় তাই যুক্তি দিয়ে কথা বলা উচিত।,fact_based,abusive_language
203,রাম দাস তোর মারে আমি চুদেছি খানকির পোলা,গালি না দিয়ে নিজের মতামত জানালে মতামতটি বেশি গ্রহণযোগ্য হয় তাই শালীন থাকা দরকার।,discouraging_abuse,gender_abuse
204,শালা গোবরখোর মালুর বাচ্চা তোদের জন্ম তো তোদের মায়েদের ১০/২০ জন মিলে গ্যাঙ ব্যাঙ করে চোদা পুরুষদের‌ বীর্য থেকে,ব্যক্তিগত আক্রমণ না করে সমালোচনাটা করলে মতামতটি বেশি গ্রহণযোগ্য হয় তাই শান্তভাবে বলা ভালো।,discouraging_abuse,gender_abuse
205,ভোদার পোলাপান ও বিপি পয়েন্টেই নাকি থাকবে,সাধারণীকরণ করলে মানুষ বিভ্রান্ত হয় তাই নির্ভরযোগ্য উৎস দেখা ভালো।,fact_based,abusive_language
206,"নাহ হেতি খানকি মাগী দুইটাই, ইন্টারন্যাশনাল লেভেলের খানকি",মানুষকে ছোট করলে ভালোবাসা কমে যায় তাই সাবধানে কথা বলা উচিত।,empathy,gender_abuse
207,তর মা চুদছে না ওরে? এটাই ভালো জঙ্গির বাচ্চা,কাউকে এমনভাবে ভয় দেখালে মানসিক ক্ষতি হয় তাই এখনই থামা উচিত।,warning_of_consequences,gender_abuse
208,এ জাউড়ার দেশ তো কখনো ন্যায় ন্যায্যতা সবার জন্য দেশ হিসেবে পয়দাই হয়নি তাহলে এসব আশা কেমনে করে বেকুবচোদা জাতি?,মানুষকে ছোট না করাই বিভেদ কমায় তাই সহনশীল হওয়া উচিত।,moral_appeal,abusive_language
209,নার্সিং এ পড়া মাইয়াগুলার চরিত্রের মধ্যেই নষ্টামি,অন্যের কষ্ট বুঝে কথা না বললে ভালোবাসা কমে যায় তাই নরম ভাষা ব্যবহার করা উচিত।,empathy,gender_abuse
210,খানকির পোলা বিড়াল মারছি কেন? তুই যদি কল দিয়ে বিড়াল না দেখাস তোরেও লটকাই দিমু মনে রাখিস,রাগের মাথায় এমন কথা বললে মানসিক ক্ষতি হয় তাই সংযত থাকা ভালো।,warning_of_consequences,threat
211,বাবা বাদে আমার ১৪ গুষ্টির সব চোর আর লুইচ্চা,এভাবে অপমান করলে দূরত্ব তৈরি হয় তাই ভদ্রভাবে বলা উচিত।,empathy,gender_abuse
212,যেই খানকির পোলা কমেন্টে করেছে ওরে ধরে নুনুর গোড়া কেটে ফেলেন,সহিংস মন্তব্য করলে মানসিক ক্ষতি হয় তাই শান্তভাবে কথা বলা উচিত।,warning_of_consequences,threat
213,মনে হচ্ছে বস্তির পোলাগুলারে দেখতেছি,সম্মান বজায় রেখে কথা বলাই মানবিকতা বজায় রাখে তাই ভদ্র ভাষা জরুরি।,moral_appeal,abusive_language
214,খোঁজ নিয়ে দেখেন এরা আসলেই টোকাই হবে,ভিন্নমত থাকলেও ভদ্রভাবে বলা মানবিকতা বজায় রাখে তাই সম্মান দেখানো দরকার।,moral_appeal,abusive_language
215,বস্তির ছেলে মেয়েরাই আজকাল ভালো হয় এসব বলে বখাটেরা,ধর্ম বা পরিচয় নিয়ে অপমান না করাই মানবিকতা বজায় রাখে তাই সহনশীল হওয়া উচিত।,moral_appeal,gender_abuse
216,সবাইকে নিজের মতো মনে করা আরেক বস্তির মেয়ে রিপ্লে দিসে,কারও পরিবারকে জড়িয়ে কথা না বলাই মানবিকতা বজায় রাখে তাই দায়িত্বশীল হওয়া ভালো।,moral_appeal,gender_abuse
217,কিরে বউ ব্যবসায়ী বউ ভাড়া দিয়ে খাস আবার কথা কস,কাউকে কষ্ট দিলে দূরত্ব তৈরি হয় তাই সাবধানে কথা বলা উচিত।,empathy,gender_abuse
218,ছাপড়ি গুলো! ওদের গার্ডিয়ান গুলোরে দেখতে খুব ইচ্ছে করতাছে।,মানুষকে ছোট না করাই মানবিকতা বজায় রাখে তাই শালীন থাকা উচিত।,moral_appeal,abusive_language
219,তুই কি? তুই হইলি পাক্কা দালাল। বট বাহিনী কু্ত্তালীগের দালাল।,সম্মান বজায় রেখে কথা বলাই সহনশীলতা গড়ে তোলে তাই সহনশীল হওয়া উচিত।,moral_appeal,abusive_language
220,হেতির মায়েও খানকি ওইটা দেইখা হেতি ও হয়েছে খানকি,কাউকে দোষারোপের আগে খোঁজ না নিলে মানুষ বিভ্রান্ত হয় তাই যাচাই করে বলা উচিত।,fact_based,gender_abuse
221,একমাত্র বাঙালী পোলাপাইন এমন লুইচ্চামী করে বিদেশে গিয়ে,ভিন্নমত থাকলেও ভদ্রভাবে বলা সহনশীলতা গড়ে তোলে তাই দায়িত্বশীল হওয়া ভালো।,moral_appeal,gender_abuse
222,এর পুটকিতে যে পরিমাণ কারেন্ট আছে এখান কার সবাইকে জ্বলায় পুড়ায় দিচ্ছে,মারধরের কথা তুললে মানসিক ক্ষতি হয় তাই ভদ্র ভাষা ব্যবহার করা দরকার।,warning_of_consequences,threat
223,তোর মত বেশ্যা একটা ও দেথি নাই আসমানী ভাবি,কারও অনুভূতি ভেবে না বললে দূরত্ব তৈরি হয় তাই নরম ভাষা ব্যবহার করা উচিত।,empathy,gender_abuse
224,অল্প বয়সে পাকলে বাল চোদা দিবে হেতি চিরকাল,এভাবে হুমকি দিলে উত্তেজনা তৈরি হয় তাই সংযত থাকা ভালো।,warning_of_consequences,abusive_language
225,ভোদার বালের ভিডিও দেখার পর খালি এই বাইঞ্চদের ভিডিও সামনে আসে,উপহাস না করে আপত্তিটা জানালে মতামতটি বেশি গ্রহণযোগ্য হয় তাই রুচিসম্মত থাকা উচিত।,discouraging_abuse,abusive_language
226,যেইটা সঠিক সেইটা হচ্ছে তোরা ধর্ম বেইচা খাস শালা বোকাচোদা,প্রমাণ ছাড়া এমন দাবি করলে বিশ্বাসযোগ্যতা কমে তাই যুক্তি দিয়ে কথা বলা উচিত।,fact_based,abusive_language
227,খানকির ছেলে সঠিক ঘটনা কি তুই বল জানলে,তথ্য যাচাই না করে মন্তব্য করলে বিশ্বাসযোগ্যতা কমে তাই নির্ভরযোগ্য উৎস দেখা ভালো।,fact_based,abusive_language
228,"এই কুত্তার বাচ্চা, অসতী নারীর অবৈধ সন্তান! এই শুয়োরের বাচ্চা, সঠিক জানতে বলছিস সেটা কি, কোনটা?",শুধু ধারণা থেকে কথা বললে বিশ্বাসযোগ্যতা কমে তাই যাচাই করে বলা উচিত।,fact_based,gender_abuse
229,মৌলবির ভেস দ্বারা ওই শয়তান তোর মা আর বোনকে রেপ করেছিল সেটা জানতে বলতেছিল শুয়োর,কাউকে এমনভাবে ভয় দেখালে উত্তেজনা তৈরি হয় তাই শান্তভাবে কথা বলা উচিত।,warning_of_consequences,threat
230,"জানোয়ারের বাচ্চা গুন্ডামি করস, শয়তানি করস, আবার বলস সঠিক জেনে প্রচার করতে কুত্তার বাচ্চা",সাধারণীকরণ করলে বিশ্বাসযোগ্যতা কমে তাই পরিষ্কার প্রমাণ দরকার।,fact_based,abusive_language
231,কুত্তার বাচ্চা দ্বিতীয়বার যদি এরকম মেসেজ করস তোর চৌদ্দগুষ্টি সহ ওই গুন্ডার সাথে একসাথে ধোলাই করব! ইতরের বাচ্চা শুয়োর!,রাগের মাথায় এমন কথা বললে উত্তেজনা তৈরি হয় তাই ভদ্র ভাষা ব্যবহার করা দরকার।,warning_of_consequences,threat
232,তুই শুয়োরের বাচ্চাকে চুদলিংপং করে দেওয়া উচিত,কটু কথা বাদ দিয়ে অসন্তোষটা বললে মতামতটি বেশি গ্রহণযোগ্য হয় তাই ভদ্রভাবে বলাই ভালো।,discouraging_abuse,abusive_language
233,এই কুত্তার বাচ্চা এটা কি মিথ্যা ! খানকির পোলারা তোরা ইহুাদির তেও খারাপ,অপমানের বদলে মূল বিষয়টি তুলে ধরলে পরিবেশ শান্ত থাকে তাই শান্তভাবে বলা ভালো।,discouraging_abuse,abusive_language
234,তুই আলেম হুজুর নামের কলঙ্ক তোর বিরুদ্ধে খোঁজ নিলে দেখা যাইবো তুই নিজেই এই দলের মানুষ,ধর্ম বা পরিচয় নিয়ে অপমান না করাই সহনশীলতা গড়ে তোলে তাই শালীন থাকা উচিত।,moral_appeal,hate_speech
235,খানকির পোলা তরে দেখতেও অই নটির পোলার মতো দেখা যায় রে। তুই ও কি একি নৌকার মাঝি নাকি! অই খানকির পোলার পক্ষে কথা বলস কেনো,কাউকে দোষারোপের আগে খোঁজ না নিলে বিশ্বাসযোগ্যতা কমে তাই আগে তথ্য দেখা দরকার।,fact_based,gender_abuse
236,নাস্তিকের বাচ্চারা সুযোগ পেলেই মাথা নাড়া দিয়ে উঠে।,কারও পরিবারকে জড়িয়ে কথা না বলাই সহনশীলতা গড়ে তোলে তাই ভদ্র ভাষা জরুরি।,moral_appeal,hate_speech
237,এ সব শুয়োরের বাচ্চার জন্য এরা এতো সাহস পায়। এর উচিত ওইখানে দিয়ে গরম রড ঢোকানো।,সহিংস মন্তব্য করলে উত্তেজনা তৈরি হয় তাই এভাবে বলা বন্ধ করা উচিত।,warning_of_consequences,threat
238,"মাগীর পোয়া, বেশ্যার পোলা চুপ কর",মানুষকে ছোট করলে দূরত্ব তৈরি হয় তাই সম্মান দেখানো ভালো।,empathy,gender_abuse
239,"তুই ওরে বিয়ে করছিলি মনে হয়, তোর জন্মের ই তো ঠিক নাই।",প্রমাণ ছাড়া এমন দাবি করলে আলোচনা দুর্বল হয় তাই যাচাই করে বলা উচিত।,fact_based,abusive_language
240,"পুটকিতে এমন মার মারবে, উঠে দাড়াইতে পারবি না, শান্তিতে আছি, থাকতে দিবি না?",মারধরের কথা তুললে উত্তেজনা তৈরি হয় তাই এখনই থামা উচিত।,warning_of_consequences,gender_abuse
241,ভারতের সাহায্য নিবি না? হোগা মারা খাওয়ার জন্য রেডি থাক,গালি না দিয়ে নিজের মতামত জানালে পরিবেশ শান্ত থাকে তাই রুচিসম্মত থাকা উচিত।,discouraging_abuse,gender_abuse
242,১ কোটি শুয়োর মরে একটা তোর মতো অমানুষ তৈরী হয়,ব্যক্তিগত আক্রমণ না করে সমালোচনাটা করলে পরিবেশ শান্ত থাকে তাই ভদ্রভাবে বলাই ভালো।,discouraging_abuse,gender_abuse
243,"এই শালার পুতেরে ঘুষাইতে শিলং পাঠানো দরকার, এই শালাও একটা বলদ",এভাবে হুমকি দিলে সমাধান দূরে সরে যায় তাই ভদ্র ভাষা ব্যবহার করা দরকার।,warning_of_consequences,abusive_language
244,ওয় আমার বাল ছেড়া বস্তির মিস্ত্রি। বাল ফালানো শিরু দাস।,মানুষকে ছোট না করাই সহনশীলতা গড়ে তোলে তাই সম্মান দেখানো দরকার।,moral_appeal,gender_abuse
245,তোর বাপ তোর মারে সঠিকভাবে চুদলে তোর আইাড থেকে আজ এমন গুজব ছড়াতি না,তথ্য যাচাই না করে মন্তব্য করলে আলোচনা দুর্বল হয় তাই পরিষ্কার প্রমাণ দরকার।,fact_based,gender_abuse
246,"ভন্ড খানকির পোলা, এই কথা সালাউদ্দিন কোথায় বলেছে?",শুধু ধারণা থেকে কথা বললে আলোচনা দুর্বল হয় তাই আগে তথ্য দেখা দরকার।,fact_based,abusive_language
247,তুমি সালাউদ্দিন বোকাচোদার সর্বজান্তা চামচা মনে হয়!,সাধারণীকরণ করলে আলোচনা দুর্বল হয় তাই যুক্তি দিয়ে কথা বলা উচিত।,fact_based,abusive_language
248,"ছোট ছোটর মতোর থাকো, বাপের আগে বাল ফালাইলে চোদন সামলাইতে পারবেন মনু",কাউকে এমনভাবে ভয় দেখালে সমাধান দূরে সরে যায় তাই এভাবে বলা বন্ধ করা উচিত।,warning_of_consequences,threat
249,কয়দিন পর সেরা খানকি হবে এই মাইয়া,অন্যের কষ্ট বুঝে কথা না বললে দূরত্ব তৈরি হয় তাই একটু সহানুভূতিশীল হওয়া দরকার।,empathy,gender_abuse
250,কিছু কিছু মাদারচোদ আবার টেবিলও থাপরায়! আহ খানকির ছেলের,উপহাস না করে আপত্তিটা জানালে পরিবেশ শান্ত থাকে তাই সংযত ভাষা ব্যবহার করা উচিত।,discouraging_abuse,gender_abuse
251,"তুই তো চ্যাটের বাল, বড় বড় নমরুদ, ফেরাইন মুসলিমদের কাছে কচুকাটা হয়েছিল!",রাগের মাথায় এমন কথা বললে সমাধান দূরে সরে যায় তাই এখনই থামা উচিত।,warning_of_consequences,abusive_language
252,"বোলিস কি রে খানকির ছেলে, গর্ভাবস্তায় বেশি পরিমাণে পুন্দানোর জন্য একটি বোকাচোদা জন্মাইছে",সহিংস মন্তব্য করলে সমাধান দূরে সরে যায় তাই সংযত থাকা ভালো।,warning_of_consequences,gender_abuse
253,"গাজয়াতুল হিন্দ এর জন্য রেডি থাক রেন্ডির বাচ্চা, সেদিন দেখব গলায় কত জোর আছে",কাউকে দোষারোপের আগে খোঁজ না নিলে আলোচনা দুর্বল হয় তাই নির্ভরযোগ্য উৎস দেখা ভালো।,fact_based,abusive_language
254,যা গাই গরুর মূত্র খেয়ে আয় আগে খানকির ছেলে,কটু কথা বাদ দিয়ে অসন্তোষটা বললে পরিবেশ শান্ত থাকে তাই শালীন থাকা দরকার।,discouraging_abuse,abusive_language
255,খানকির পুত একটা মশা মাইরা দেখসোস কখনো? আবার বাল পাকনামি করে মারতে চাচ্ছিস।,মারধরের কথা তুললে সমাধান দূরে সরে যায় তাই শান্তভাবে কথা বলা উচিত।,warning_of_consequences,threat
256,"বাপের বয়সী একটা লুচ্চার লগেও শালী গুয়া মারা লয়, শালী গো রুচির উপর দুর্ভিক্ষ পড়ছে নাকি","কারও ব্যক্তিগত সম্পর্ক বা পছন্দ নিয়ে এমন অশালীন মন্তব্য করা খুবই অপমানজনক। সমালোচনা করতে হলে আচরণ নিয়ে কথা বলা উচিত, কারও সম্মান নষ্ট করে নয়।",moral_appeal,sexual_harassment
257,তোর কাটা লাইন তোর পুটকি দিয়ে ভরে দিমু,"এটি সরাসরি যৌন হুমকি, যা কাউকে ভয় দেখায় এবং পরিস্থিতিকে আরও খারাপ করে। এমন ভাষা ব্যবহার না করে শান্তভাবে কথা বলা উচিত।",warning_of_consequences,threat
258,মাদারচোদেরা তামাশা দেখে কেউ থামায় না,"গালি দিয়ে অভিযোগ করলে কোনো সমাধান আসে না। যদি সত্যিই সমস্যা থাকে, সেটা নির্দিষ্টভাবে এবং প্রমাণসহ বলা উচিত।",discouraging_abuse,abusive_language
259,দারিয়া কিছু কুলাঙ্গারের বাচ্চারা দেখতেছে অথচ কিছু বলতেছে না আর কিছু কুলাঙ্গারের বাচ্চার আছে ভিডিও নিয়ে,"কারও নীরবতা নিয়ে অপমান না করে, যারা ভিডিও দেখছে বা শেয়ার করছে তাদের দায়িত্বের কথা শান্তভাবে বলা উচিত। ভদ্র ভাষা ব্যবহার করলে বার্তাটা বেশি গ্রহণযোগ্য হয়।",empathy,abusive_language
260,খানকির পোলা চশমা খুল আর বাইট্টা চোদা রে ডাক দে,"এ ধরনের অশ্লীল ভাষা কাউকে ছোট করে, কিন্তু কোনো সমস্যার সমাধান করে না। সমালোচনা থাকলে পরিষ্কার ও ভদ্রভাবে বলা উচিত।",discouraging_abuse,sexual_harassment
261,বোকাচোদা আসছে নিজের নাম টাও ঠিক মতোন লিখতে পারে না আবার ভাব ধরে,"কারও দক্ষতা নিয়ে অপমান করা সহজ, কিন্তু গঠনমূলক সমালোচনা করা বেশি কার্যকর। ভুল থাকলে সেটা দেখিয়ে দেওয়াই ভালো।",fact_based,personal_insult
262,জাতীয় বিশ্ববিদ্যালয় বাংলাদেশের সবচেয়ে লোয়ার ক্লাস ফালতু বিশ্ববিদ্যালয়। এইসব বিশ্ববিদ্যালয় কোনদিনও ভর্তি পরীক্ষা দেই নাই আর দিবোও না।,একটি প্রতিষ্ঠানের সমালোচনা করতে হলে নির্দিষ্ট কারণ দেখাতে হয়। পুরো প্রতিষ্ঠানকে তুচ্ছ না করে সমস্যা কোথায় তা স্পষ্টভাবে বলুন।,moral_appeal,abusive_language
263,ভাই বেশ্যার যদি লজ্জা করে তাহলে কি আর শরীর বিক্রি করতে পারে? এই মেয়েও একইরকম বেশ্যা কোথাকার,এভাবে নারীকে অপমান করা খুবই ক্ষতিকর এবং অমানবিক। ব্যক্তিগত বা পেশাগত কারণে কাউকে ছোট না করে সম্মানজনক ভাষা ব্যবহার করা উচিত।,empathy,sexual_harassment
264,ওই শালা লুচ্চারে স্টেজে কে উঠাইছে,"ব্যক্তিকে লুচ্চা বলা না করে, তার আচরণ বা সিদ্ধান্তের সমালোচনা করুন। গালি দিলে আলোচনার মান কমে যায়।",discouraging_abuse,abusive_language
265,"জাওরা বাপের জাওরা মেয়ে, অই বাবা তুই তো হিজলা বাপ","লিঙ্গ পরিচয়কে অপমানের হাতিয়ার বানানো উচিত নয়। কারও সঙ্গে বিরোধ থাকলে তার কাজ নিয়ে কথা বলুন, পরিচয় নিয়ে নয়।",fact_based,gender_abuse
266,"এমন পোশাক পোরছে, এখন নিজের পুটকি ঢেকে রাখতে কষ্ট হোচ্ছে",কারও পোশাক নিয়ে এমন যৌন মন্তব্য অপমানজনক। পোশাক পছন্দ নিয়ে সমালোচনা থাকলেও সেটা ভদ্রভাবে বলা উচিত।,moral_appeal,sexual_harassment
267,নাস্তিক ব্লগারদের সাথে তর্ক বিতর্ক করে লাভ নাই কারণ তারা গু মুত খায়,"বিশ্বাসভিন্ন মানুষদের নিয়ে এভাবে বিদ্রূপ করা ঠিক নয়। মতভেদ থাকলে যুক্তি দিয়ে কথা বলা উচিত, অপমান দিয়ে নয়।",discouraging_abuse,hate_speech
268,"নাস্তিকরা তাদের মা বোনদের সাথে সেক্স করে রাতের বেলা, তোদের জন্ম পতিতালয়ে বারো খাটের বীর্য দিয়ে তোর জন্ম তো এটাই প্রমাণ করে","এটি ঘৃণা, যৌন অপমান এবং ভয়ংকর মিথ্যার মিশ্রণ। কারও বিশ্বাসের কারণে এমন আক্রমণ করা সম্পূর্ণ ভুল।",warning_of_consequences,hate_speech
269,বিশ্ব বেহায়া মাগীর ভাবটা দেখো কি অবস্থা,"কারও চরিত্র নিয়ে এইভাবে কথা বলা অশালীন ও আঘাতজনক। অভিযোগ থাকলে নির্দিষ্ট আচরণ বলুন, অপমান নয়।",moral_appeal,gender_abuse
270,এই মাগির পোলা ভিডিও আপলোড করছিছ কেন?,"কারও ভিডিও নিয়ে এমন অপমানজনক মন্তব্য করা ঠিক নয়। যদি ভিডিওটি সমস্যা সৃষ্টি করে, তাহলে রিপোর্ট করা বা বিষয়টি শান্তভাবে দেখানো উচিত।",empathy,sexual_harassment
271,খানকির পোলা কুত্তার মতোর পিটামু আবার সাহস এর কথা বললে,"এটা সরাসরি মারধরের হুমকি, যা সহিংসতা বাড়ায়। সাহস দেখাতে হলে শান্তভাবে কথা বলুন, আঘাত দিয়ে নয়।",warning_of_consequences,threat
272,তুই যেই হস না কেন তোর মায়েরে চুদি,মা নিয়ে এমন যৌন অপমান করা খুবই নিচু মানের কথা। কারও সঙ্গে বিরোধ থাকলেও পরিবারকে টেনে আনা উচিত নয়।,discouraging_abuse,sexual_harassment
273,শালা আবাল বিয়ে না করে রাস্তার মধ্যে পুন্দাপুন্দি করবি আর মানুষ কি আঙ্গুল চুষবো,"কারও ব্যক্তিগত জীবন নিয়ে এমন অশ্লীল ভাষা ব্যবহার করা অনুচিত। যদি সমালোচনা করতে হয়, সেটি স্পষ্ট ও ভদ্রভাবে করুন।",moral_appeal,sexual_harassment
274,তোর মাকে থুথু দিয়ে চোদার জন্য ঘর বানাইছে,"এটা ভয়ংকর যৌন অপমান, যা কাউকে আঘাত করে এবং আলোচনাকে ধ্বংস করে। এমন কথা ব্যবহার না করাই উচিত।",warning_of_consequences,sexual_harassment
275,এই বয়সে হেতের মারে চোদার জন্য পাগল হয়ে গেছে তাই,"এখানে অশ্লীল যৌন অপমান আছে, কিন্তু এতে কোনো যুক্তি নেই। আচরণ নিয়ে কথা বলতে হলে অপমানের বদলে পরিষ্কার ভাষা ব্যবহার করতে হবে।",fact_based,sexual_harassment
276,আরে ভাই বুঝনা কে আইডির নাম মেম্বারের ভাতিজা তাই মানুষের কিছু দেখলে তুই তো মাতবরি চুদাইতে চাইবে,কারও পরিচয় বা আত্মীয়তার ভিত্তিতে অপমান করা ঠিক নয়। অভিযোগ থাকলে তা প্রমাণসহ বলা ভালো।,discouraging_abuse,abusive_language
277,তারা তো ভাই মাগি আর শাহবাগীর বংশধর,"একটি গোষ্ঠীকে এমনভাবে চিহ্নিত করা বিদ্বেষ ছড়ায়। নির্দিষ্ট কাজের সমালোচনা করা উচিত, পরিবার বা দলকে গালি নয়।",empathy,hate_speech
278,"এটা ঠিক আছে এরা ড্রাইভার মূর্খ এবং মাতাল, চরিত্রহীন কিন্তু স্কুল-কলেজ যখন বিদায় অনুষ্ঠানে যাওয়া হয় সেটা কি ঠিক?",কারও চরিত্র নিয়ে অপমান না করে ঘটনাটির নির্দিষ্ট দিক নিয়ে আলোচনা করা উচিত। প্রমাণভিত্তিক সমালোচনাই বেশি শক্তিশালী।,fact_based,personal_insult
279,"প্রথমে যা ভাবছিলাম, ভালই, পরে দেখি সে সাউয়া বিশেষজ্ঞ",কারও প্রতি ব্যঙ্গ করে কথা বলার বদলে ভুলটা কোথায় তা সরাসরি বলা উচিত। অপমান না করেও সমালোচনা করা যায়।,moral_appeal,personal_insult
280,আরে মেয়েরাও দেখে গেম বোঝে,"এটা নারীদের সক্ষমতাকে স্বীকার করছে, যা ইতিবাচক। কাউকে ছোট না করে দক্ষতা নিয়ে সম্মান দেখানো ভালো।",empathy,gender_abuse
281,"কুত্তার বাচ্চাগুলা তোদের কি মা বোন নাই, কুলাঙ্গার গুলা, আমাদের হিজলা মুলাদির এত অধঃপতন",কোনো গোষ্ঠীকে কুকুরের সঙ্গে তুলনা করা খুবই অমানবিক। রাগ থাকলেও ভাষা সংযত রাখা জরুরি।,warning_of_consequences,abusive_language
282,"উনি তো বোরকা পরছে এখানে মারছে সব পুরুষেরা, মজা নিচ্ছে সব হিজলার দল এই পুরুষের আবার বলে বোরকা পরলে বলেছে","পোশাক, লিঙ্গ বা পরিচয় নিয়ে এমন ব্যঙ্গ করা উচিত নয়। ঘটনার সমালোচনা করতে হলে নির্দিষ্ট আচরণ নিয়ে কথা বলুন।",discouraging_abuse,gender_abuse
283,যে খানকির পোলা ভিডিও করছে ওরেই পিডানি দরকার আগে,"যৌন অপমান দিয়ে কারও ভুল ধরানো যায় না। যদি ভিডিও নিয়ে সমস্যা থাকে, সেটা ভদ্রভাবে বলুন।",moral_appeal,sexual_harassment
284,নারীবাদীদের গলায় কুত্তার বেল্ট পরিয়ে রাস্তায় হাঁটানো উচিত,"এটা সরাসরি হিংসা ও অপমানের আহ্বান, যা ভয়ংকর। ভিন্নমত থাকলেও কারও ওপর নির্যাতনের কথা বলা ঠিক নয়।",warning_of_consequences,threat
285,সবাই মিলে আমাদের পাগল বানাচ্ছে মাদারচোদ,"রাগের ভাষা ব্যবহার করলে সমস্যা আরও বাড়ে। কেউ ক্ষতি করলে তা নির্দিষ্টভাবে বলুন, গালি দিয়ে নয়।",discouraging_abuse,abusive_language
286,এই হারামির বাচ্চা মোদির হাত থাকে ক্ষমতা শেষ হবে কবে এর ধ্বংস হবে কিভাবে ভাই,"রাজনৈতিক বিরোধ থাকলেও ধ্বংসের ভাষা ব্যবহার করা ঠিক নয়। নীতির সমালোচনা করুন, ব্যক্তির উপর গালি নয়।",fact_based,political_insult
287,বিজেপি একটা জারজ সন্তানের সংগঠন এদের বীজ বাংলাদেশও আছে,একটি রাজনৈতিক দলকে গালাগালি করলে যুক্তি শক্তিশালী হয় না। সমালোচনা করতে হলে নীতির কথা বলুন।,moral_appeal,political_insult
288,আবালচোদা তার মানে তোদের ধর্মের কেউ অপকর্ম করলে আর ধরা খেয়ে চুদোন দিলে দোষ? তাহলে তো তোদের ফুলের টোকাও দেয়া যাবে না,একজনের ভুলের জন্য পুরো ধর্মকে দোষ দেওয়া ন্যায্য নয়। নির্দিষ্ট ব্যক্তি ও ঘটনার ভিত্তিতে কথা বলা উচিত।,fact_based,hate_speech
289,তোদের সব হিন্দু ভাইদের এবার কোরবানির ঈদে জবাই দিব। শুয়োরের বাচ্চারা,"এটি ধর্মীয় গোষ্ঠীর বিরুদ্ধে সরাসরি হত্যার হুমকি। এমন কথা ঘৃণা ও সহিংসতা ছড়ায়, যা সম্পূর্ণ ভুল।",warning_of_consequences,threat
290,এবার তোকে মারা হবে শালা কুলাঙ্গার,মারধরের হুমকি দিয়ে কাউকে চুপ করানো যায় না। সমস্যা থাকলে আইনগত ও শান্তিপূর্ণ পথ বেছে নেওয়া উচিত।,warning_of_consequences,threat
291,খবিস মুর্শিদাবাদে যাস হাড় গুড়া করে রেখে দেবো,"এটা খুবই বিপজ্জনক হত্যার হুমকি। এমন কথা ব্যবহার করলে আইনি সমস্যাও হতে পারে, তাই তা বন্ধ করা দরকার।",warning_of_consequences,threat
292,আজ থেকে ভারতের দালালদের ধরে ধরে জবাই করা অতি প্রয়োজন। বাংলাদেশে মাদারচোদ হিন্দু থাকতে দেওয়া যাবে না,এটি ভয়ংকর বিদ্বেষমূলক ও সহিংস বক্তব্য। কোনো ধর্মীয় গোষ্ঠীকে জবাই করার কথা বলা মানবতার বিরুদ্ধে যায়।,empathy,hate_speech
293,তোরা খানকির পোলারা যা শুরু করছোস ইচ্ছা তো করতেছে দেশের সব হিন্দু আমরাও বিতাড়িত করি কিন্তু আমাদের ধর্ম এবং আমাদের নৈতিকতা এই হিংসাত্মক মনোভাব নাই,এখানে একটি ভালো দিক আছে—লেখক হিংসা থেকে দূরে থাকার কথা বলছে। সেটাকেই এগিয়ে নিয়ে গিয়ে বলা উচিত যে কোনো ধর্মীয় গোষ্ঠীকে বিতাড়িত না করে শান্তিপূর্ণ সমাধান খুঁজতে হবে।,moral_appeal,hate_speech
294,মাগির পো তোর পুটকিতে গরম রড ভরে দিতাম সামনে পেলে তুই শালা বাংলাদেশ থেকে বের হ,এটি যৌন নির্যাতন ও দেশছাড়া করার হুমকি। এমন ভাষা ভয় দেখায় এবং সমাজে সহিংসতা বাড়ায়।,warning_of_consequences,threat
295,এই খানকির ছেলেদের গতিরোধ গড়ে তোলার জন্য সব হিন্দুরা অস্রে কেন,"ধর্মীয় গোষ্ঠীকে অস্ত্রধারী বলে দেখা ভুল। অভিযোগ থাকলে নির্দিষ্ট ঘটনা, প্রমাণ এবং শান্তিপূর্ণ প্রতিকার দরকার।",fact_based,hate_speech
296,তুই কুলাঙ্গারের বাচ্চা। তোর মারে চুদছে খানকির পোলা,কারও পরিবারকে নিয়ে যৌন অপমান খুবই আঘাতজনক। বিরোধ থাকলেও এই ধরনের ভাষা ব্যবহার করা উচিত নয়।,discouraging_abuse,sexual_harassment
297,"ধুর মদ খোর। কলেরায় মরা, অসুখে মরা, দুর্ঘটনায় মরা, ছিনতাইকারীর হাতে মরলেও তার লিস্টে নাম দিবি নাকি?",কারও মৃত্যু নিয়ে এমন তুচ্ছতাচ্ছিল্য করা অমানবিক। ভদ্রভাবে কথা বললে মতভেদও সহজে সমাধান করা যায়।,empathy,abusive_language
298,আরো কিছু বানা বাইঞ্চদ। পাদ দিয়ে মরে গেলে ওইখানেও মুসলিমদের নাম দিয়ে দিস,একটি ধর্মকে ব্যঙ্গ করে এমন কথা বলা খুবই ক্ষতিকর। ধর্মীয় বিদ্বেষ ছড়ানো বন্ধ করে তথ্যভিত্তিক আলোচনায় আসা উচিত।,discouraging_abuse,hate_speech
299,তোদের মত কুকুরের বাচ্চাদের জন্য সমাজে এমন বিশৃঙ্খলা,"মানুষকে কুকুরের সঙ্গে তুলনা করলে কোনো আলোচনাই এগোয় না। সমস্যার কারণ নিয়ে কথা বলুন, মানুষের মর্যাদা নষ্ট করবেন না।",moral_appeal,abusive_language
300,মোদির জারজ সন্তান! তোর এই বালের হিসাব মোদিকে দেখা,রাজনৈতিক বিরোধ থাকলে ব্যক্তিগত অপমান না করে নীতিগত প্রশ্ন তুলুন। গালি দিলে যুক্তির শক্তি কমে যায়।,fact_based,political_insult
301,"বেজন্মা ধর্মের লোক যারা মেরেছে পারলে তাদের মার, একজনের শাস্তি আরেকজন পাবে? শালা তোরা জন্ম থেকেই ভীতু","একজনের অপরাধের জন্য অন্য কাউকে মারার কথা বলা ন্যায্য নয়। ভীতি নয়, আইনের মাধ্যমে বিচার হওয়া উচিত।",warning_of_consequences,threat
302,"শয়তান ব্যাটা বাংলাদেশের দিকে নজর দিলে হবে, আগে নিজের দরজায় কি হচ্ছে সেটা দেখো, আর এই সমস্ত আলতু ফালতু নিউজ পাও কই",অপমানজনক ভাষা বাদ দিয়ে নির্ভরযোগ্য তথ্য দিয়ে অভিযোগ করা উচিত। ভুয়া খবর ছড়ানোও বন্ধ করা দরকার।,fact_based,abusive_language
303,"শালা মাদারচোদ, ভারতে মসজিদ ভাঙ্গা থেকে শুরু করে এমন কোন অত্যাচার নেই যে করে না। সে হিসেবে বাংলাদেশের দেখ।",একটি দেশের সব মানুষ বা সব ঘটনা একসাথে দোষারোপ করা ভুল। নির্দিষ্ট ঘটনা ও প্রমাণের ভিত্তিতে কথা বলা উচিত।,moral_appeal,hate_speech
304,"মাদারচোদ, কলকাতার বস্তি থেকে বলছে",অঞ্চল বা বাসস্থানের ভিত্তিতে অপমান করা ন্যায্য নয়। গালির বদলে বক্তব্যের মূল বিষয় নিয়ে কথা বলুন।,discouraging_abuse,abusive_language
305,শালা গোবর খোর। মাতাল হয়ে কল্পনার মধ্যে লিস্ট করছিস! লিস্ট এবার সত্যি হবে। এক নাম্বারে তোর নাম থাকবে বোকাচোদা,"এতে হুমকি ও অপমান দুটোই আছে। যদি অভিযোগ থাকে, সেটা প্রমাণ দিয়ে বলুন, নইলে ভয় দেখিয়ে কিছু হবে না।",warning_of_consequences,threat
306,মাদারচোদ তোরা তো বাংলাদেশে অনেক ভালো আছিস ভারতে যেভাবে মুসলমানদের উপর নির্যাতন করা হচ্ছে তোদের কেউ তাই করতে হবে তাহলে তোরা উচিত শিক্ষা পাবি,কোনো গোষ্ঠীর ওপর নির্যাতনের আহ্বান ভুল এবং অমানবিক। অন্যায়ের বিরুদ্ধে কথা বলতে হলে শান্তি ও সমতার পক্ষে দাঁড়াতে হবে।,empathy,hate_speech
307,পাকিস্তানি রাজাকার কি তোর বাপ ছিল নাকি,এভাবে জাতিগত বা রাজনৈতিক অপমান করা আলোচনাকে নষ্ট করে। নির্দিষ্ট ঘটনার ভিত্তিতে কথা বলুন।,discouraging_abuse,political_insult
308,এগুলো কি স্বপ্নে দেখোস মাদারচোদ কোথায় বাংলাদেশে হিন্দুদের নিধন করা হচ্ছে আরে হারামজাদা,গুজব না ছড়িয়ে নির্ভরযোগ্য তথ্য যাচাই করা উচিত। ধর্মীয় গোষ্ঠীকে ঘিরে ভয় বা ঘৃণা তৈরি করা ঠিক নয়।,fact_based,hate_speech
309,"আরে শালা চিটার, বিশ্বজিৎ কে তোমার বাপরা মেরেছিল তাই লিস্টে নাম নাই",একটি ঘটনা উল্লেখ করতে হলে সেটি পরিষ্কার ও প্রমাণসহ বলা উচিত। ব্যক্তিগত গালি দিলে সত্যের গুরুত্ব কমে যায়।,moral_appeal,abusive_language
310,তোরা গু খাস বলে তো সবাই গু খায়না রে পাগলা,কাউকে অপমান করে বলা কোনো যুক্তি নয়। ভুল ধারণা থাকলে সেটি শান্তভাবে সংশোধন করা ভালো।,discouraging_abuse,abusive_language
311,এ মাদারের বাচ্চা আবার পুরনো ফর্মে ফিরে এসেছে,কারও বিরুদ্ধে অপমানজনক ভাষা ব্যবহার না করে নির্দিষ্ট আচরণ নিয়ে কথা বলা উচিত। এতে সমালোচনাও বেশি গ্রহণযোগ্য হয়।,fact_based,abusive_language
312,কাবিলা বাইঞ্চদ ওভার এক্টিং করে এতার লাগি তারে বালা লাগে না,কারও অভিনয় বা আচরণ পছন্দ না হলে সেটা অপমান না করে পরিষ্কারভাবে বলা উচিত। ব্যক্তিগত আক্রমণ থাকলে আলোচনা ভেঙে যায়।,moral_appeal,personal_insult
313,এদেশের সাংবাদিক গুলো জারজ সন্তান,সব সাংবাদিককে একইভাবে দোষী বলা অন্যায্য। ভুল সংবাদ থাকলে নির্দিষ্ট উদাহরণ ধরে সমালোচনা করাই ভালো।,empathy,personal_insult
314,মাদারচোদেরা মরছে ভাই বাদ দেন হেরা চাটুকার ওদের বলে লাভ হবে না,কারও মৃত্যু বা দুরবস্থা নিয়ে এমন ঠাণ্ডা আচরণ অমানবিক। মানবিক দৃষ্টিভঙ্গি রেখে কথা বলা দরকার।,warning_of_consequences,abusive_language
315,"স্যাটা ভাঙ্গা খেলা দেওয়া হবে, কোন ছাড় নাই, খানকির পোলাদের খানকির ছেলেদের দেশে পাঠানোর ব্যবস্থা হবে","এখানে সহিংসতা ও বিতাড়নের হুমকি আছে, যা খুবই বিপজ্জনক। মতভেদ থাকলেও শান্তিপূর্ণ সমাধানই একমাত্র সঠিক পথ।",warning_of_consequences,threat
316,"আরে ভাই, ওরা তো বিজেপির টাকায় চলা সাংবাদিক নামের কুলাঙ্গার","রাজনৈতিক অভিযোগ থাকলে প্রমাণ দিয়ে বলুন, গালি দিয়ে নয়। সাংবাদিকতার সমালোচনা নীতির ভিত্তিতে হওয়া উচিত।",fact_based,political_insult
317,"তোর মায়ের গুদে ঢুকে আছে, টেনে বের কর","এটা সরাসরি যৌন অপমান, যা কাউকে আঘাত করে। এমন ভাষা শোনার পরও শান্ত থাকা এবং সীমা বজায় রাখা জরুরি।",discouraging_abuse,sexual_harassment
318,"তোর মাকে গপ গপ দিবো, খানকির ছেলে","এটি যৌন হুমকি, যা ভয় দেখায় এবং সহিংসতা বাড়ায়। নিজের কথা ভদ্রভাবে বলা উচিত।",warning_of_consequences,sexual_harassment
319,ভাই এরা তো মাগি এর দল তাই এখনো চুপ হইয়া আছে,"নারীকে অপমান করে কারও নীরবতা ব্যাখ্যা করা ঠিক নয়। মানুষের আচরণ নিয়ে কথা বলুন, লিঙ্গ বা পরিচয় নিয়ে নয়।",empathy,gender_abuse
320,সবাই তো তোর মতন আবাল চুতিয়া না ফেক ভিডিও বানাইয়া টাকা ইনকাম করবে,"ফেক ভিডিও বানিয়ে টাকা আয়ের অভিযোগ থাকলে সেটা প্রমাণসহ বলা উচিত। গালি দিয়ে কাউকে ছোট না করে ভুলটা কী, সেটা স্পষ্ট করে দেখালে কথাটা বেশি বিশ্বাসযোগ্য হয়।",fact_based,abusive_language
321,আরে মাদারচোদ এটা দু'বছর আগেরকার ভিডিও অবৈধ বসবাস তোলার জন্য,"পুরোনো ভিডিও নতুন বলে ছড়ানো মানুষকে বিভ্রান্ত করে। ভিডিওর তারিখ, স্থান আর প্রেক্ষাপট যাচাই করে তারপর মন্তব্য করা উচিত।",fact_based,abusive_language
322,এইটা তোর মাকে চুদার ভিডিও ভালো মত দেখ,"কারও ব্যক্তিগত ভিডিও বা মাকে টেনে আনা খুবই অশালীন এবং আঘাতজনক। এমন কন্টেন্ট দেখলে শেয়ার না করে রিপোর্ট করা, ব্লক করা আর সম্মানজনক ভাষা ব্যবহার করাই সঠিক।",empathy,sexual_harassment
323,আসলে এই গোমূত্র খাওয়া ভারতীয় কুকুরগুলো জানোয়ার,"একটি দেশের মানুষকে পশুর সঙ্গে তুলনা করা ভুল এবং বিদ্বেষ বাড়ায়। যদি কোনো আচরণে সমস্যা থাকে, তাহলে নির্দিষ্ট ব্যক্তি বা ঘটনার সমালোচনা করুন, পুরো জনগোষ্ঠীর নয়।",fact_based,hate_speech
324,হ্যা রে মাদ্রাসা হুজুরের খানকির পোলা। আর কত মিথ্যা রটাবি রে কনভার্টেড হওয়া মরুর ডাকাতের নাজায়েজ শুয়োরের বাচ্চা।,"ধর্মীয় পরিচয় টেনে গালি দিলে সত্য প্রতিষ্ঠা হয় না। অভিযোগ থাকলে প্রমাণ দিন, আর না থাকলে মিথ্যা রটনা বন্ধ করুন।",moral_appeal,hate_speech
325,"সন্ত্রাসীর বাচ্চারা যা শুরু করছে, আমরা ব্রাহ্মণবাড়িয়াদের মন চাচ্ছে একটা টেটা যুদ্ধ করতে এই কুত্তাদের সাথে","সন্ত্রাসের বিরুদ্ধে অবস্থান নেওয়া জরুরি, কিন্তু প্রতিশোধের ভাষা নতুন হিংসা ডেকে আনে। নিরাপত্তা, তদন্ত আর আইনগত পথই হওয়া উচিত মূল সমাধান।",warning_of_consequences,threat
326,শান্তি পেলাম । মাদারচোদ গুলোকে এভাবেই শেষ করা হোক। কাশ্মীরে যেমন শাখা দেখে মেরেছিল ওদের নুনু দেখে উলংগ করে মারা দরকার,"মানুষকে উলঙ্গ করে হত্যা করার কথা বলা ভীষণ নৃশংস এবং বেআইনি। এমন ভাষা ঘৃণা ছড়ায়, তাই তা সম্পূর্ণ ভুল।",warning_of_consequences,threat
327,বাংলাদেশে ও শুরু করতে হবে মাগির পোলা হিন্দু,ধর্মীয় পরিচয়কে লক্ষ্য করে অত্যাচারের কথা বলা অমানবিক ও বিপজ্জনক। অন্যায়ের বিরুদ্ধে কথা বলতে হলে সবার নিরাপত্তা নিশ্চিত করেই কথা বলতে হবে।,empathy,hate_speech
328,"তোর মাকে চূদে আগুন দিয়ে জ্বালিয়ে দিবো লবণ দিয়ে, চুদন খাইলে বাপ বাপ করবি","এটা সরাসরি যৌন নির্যাতন ও হত্যার হুমকি। এমন কথা শুধু অপরাধী মনোভাব দেখায়, আর বাস্তবে আরও বড় ক্ষতি ডেকে আনে।",warning_of_consequences,threat
329,অসভ্য জাতি ভারত। যে জাতি গোবর খায়া সে জাতির কাছে আপনি কি আশা করেন।নর্দমার কৃট এরা।,একটি পুরো জাতিকে গোবরখেকো বা নর্দমার কীট বলা যুক্তিহীন এবং অপমানজনক। সমালোচনা করতে হলে নির্দিষ্ট নীতি বা ঘটনার কথা বলুন।,fact_based,hate_speech
330,গো মূত্র পান করে মদির লেলিয়ে দেয়া সন্ত্রাসী কুত্তা বাহিনীর পাগলা কুত্তারা পাগল হয়ে গেছে!? ভারতের সচেতন জনগণ কে শীঘ্রই জরুরি পদক্ষেপ গ্রহণ করতে হবে।,"কোনো জনগোষ্ঠীকে পাগলা কুকুর বলা বিপজ্জনক সাধারণীকরণ। যদি কোনো সমস্যা থাকে, সেটা তথ্য ও প্রমাণ দিয়ে আলোচনা করা উচিত, গালিগালাজ করে নয়।",fact_based,hate_speech
331,খানকির পোলা গুলো আবার হাহা দিচ্ছে,কারও হাসিকে অপমানের ভাষায় ব্যাখ্যা না করে আগে বোঝা উচিত সে কী নিয়ে হাসছে। বিদ্রূপ না করে ভদ্রভাবে কথা বললে কথার মান বাড়ে।,moral_appeal,abusive_language
332,এবার বাংলাদেশে হিন্দুদের ওপর সেম অত্যাচার করো। হিসাব বরাবর,"একটি ধর্মীয় গোষ্ঠীর ওপর অত্যাচারের আহ্বান ভুল এবং অমানবিক। অন্যায়ের বিচার চাইলে তা সবার নিরাপত্তা রেখে, আইনের মাধ্যমে করতে হবে।",warning_of_consequences,threat
333,কুত্তার মত আগেতো আমি দোনো মালাউন রে পিডাইয়া,"মারধরের কথা বলে সাহস দেখানো যায় না। বিরোধ থাকলে কথা, প্রমাণ আর আইনের পথে সমাধান খোঁজা উচিত।",discouraging_abuse,threat
334,মালাউনদের মারে চুদি তোদের যুক্তি শুনলেই মাথা গরম হয়ে যায়। তোরা দেশের অপশক্তি মুসলমানদের শত্রু ভারতের দালাল।,"ধর্মীয় পরিচয় বা রাজনৈতিক বিরোধকে মিশিয়ে মানুষকে শত্রু বলা ভুল। নির্দিষ্ট কাজের সমালোচনা করুন, পুরো সম্প্রদায়কে নয়।",fact_based,hate_speech
335,"এই কু*ত্তার বাচ্চা মালাউন এর বাচ্চা কে আইনের আওতায় আনা হোক, হিন্দু দেখলে হত্যা করা উচিত",আইনের কথা বলে কাউকে হত্যা বা অপমান চাওয়া গ্রহণযোগ্য নয়। অভিযোগ থাকলে প্রমাণ জোগাড় করে পুলিশ বা আদালতে যাওয়াই সঠিক পথ।,warning_of_consequences,threat
336,এই হিন্দু শুয়োরের বাচ্চা কয়টা ধরে ধরে জবাই দিয়া লাগে,ধর্মীয় গোষ্ঠীকে জবাই করার কথা বলা ঘৃণা ও সহিংসতা ছড়ায়। এমন বক্তব্য মানুষকে বিপদে ফেলে এবং সমাজ ভাঙে।,warning_of_consequences,threat
337,মালাউনের বাচ্চা গুলো আস্ত দেশদ্রোহী ভারতীয় প্রোডাক্ট। এদের দেশের প্রতিটা সেক্টর থেকে অপসারণ করতে না পারলে এদেশের কপালে দুঃখ আছে,"কাউকে দেশদ্রোহী বলে চিহ্নিত করার আগে যাচাই দরকার। প্রতিটি সেক্টর থেকে মানুষকে সরিয়ে দেওয়ার হুমকি নয়, মানসম্মত কাজ আর জবাবদিহি দরকার।",fact_based,hate_speech
338,এই হালা মুসলিম নামের কলঙ্ক মুর্খ তার স্ত্রীকে পুরুষ হিন্দু মালাউন দিয়ে সিজার করাই! দায়ুসের বাচ্চা মুর্খ কোথাকার।,"কারও স্ত্রী, চিকিৎসা বা পারিবারিক সিদ্ধান্ত নিয়ে এমন কটূক্তি করা অমানবিক। ব্যক্তিগত অপমানের বদলে প্রশ্ন থাকলে সেটা সরাসরি করুন।",empathy,hate_speech
339,আমাদের ৭১ এর চেতনা ভরা কলাবিজ্ঞানিদের মাধ্যমে আমরাও এদের কাছে অচিরেই পুটকি মারা খাব,"এখানে হিংসাত্মক ভাষা ব্যবহার করা হয়েছে, যা ভয়ের বদলে আরও ক্ষতি ডেকে আনে। মতপার্থক্য থাকলেও কাউকে অপমান না করে আলোচনা করা উচিত।",warning_of_consequences,threat
340,বাংগিরপুত গুলো বেশি বাড় বাড়ছে,"একটি গোষ্ঠীকে একসাথে ছোট করে দেখানো সমস্যার সমাধান নয়। সম্মানের সঙ্গে কথা বললে বিরোধও কমে, সমাধানও সহজ হয়।",moral_appeal,abusive_language
341,আরে কি কয় বোকাচোদা নাকি? আরে মিয়া খালি ক্যাশ আর ক্যাশ,"অন্যকে বোকা বলা সহজ, কিন্তু গঠনমূলক সমালোচনা না হলে কথাটা মূল্য পায় না। কী ভুল তা স্পষ্ট করে বলাই ভালো।",discouraging_abuse,abusive_language
342,তোরে হয়তো ইন্ডিয়ার প্রত্যেকটা হিন্দু একবার একবার করে প্রতিদিন চোদে খানকির পোলা,এ ধরনের যৌন সহিংসতার কথা বলা খুবই অপমানজনক ও ক্ষতিকর। কারও সঙ্গে বিরোধ থাকলেও শরীর নিয়ে হুমকি দেওয়া কখনোই ঠিক নয়।,warning_of_consequences,sexual_harassment
343,তোর মারে ১০০ বেটা চোদার পর তারপরে তোর জন্ম হয়েছে তাই এমন কথা বলস,মা নিয়ে এমন অপমান ভাষাকে নিচে নামিয়ে দেয়। কারও সম্মান আঘাত করে কোনো যুক্তি প্রতিষ্ঠা হয় না।,empathy,sexual_harassment
344,তোমার মাকে চূদে এবার মজা পাবো,কারও মাকে নিয়ে যৌন অপমান কোনো যুক্তি নয়। রাজনৈতিক বা ব্যক্তিগত বিরোধ থাকলেও সম্মানজনক ভাষা ব্যবহার করাই উচিত।,discouraging_abuse,sexual_harassment
345,তোর জন্ম সমস্যা আছে খানকির পোলা। মানুষের জন্ম হলে এই কথা তোর মুখ দিয়ে বের হতো না,"কারও জন্ম বা পরিচয় নিয়ে অপমান করা অমানবিক। ভিন্নমত থাকলে সেটা কথায় বোঝান, অপমান নয়।",empathy,personal_insult
346,শালা মাতারি বাইনচোদ তোর মারে চুদি রেন্ডির বাচ্চা,"এমন ভাষা শোনা আর বলা—দুটোই ক্ষতিকর। সমালোচনা থাকলে সংযত ভাষায় বলুন, নইলে শুধু ঘৃণা ছড়ায়।",discouraging_abuse,sexual_harassment
347,খানকির পোলা মাদারচোদ তোর বাড়িঘর ভাঙলে কেমন লাগবো রে ভাই বেজন্মা বাইঞ্চুদ,"ঘর ভাঙার হুমকি সরাসরি সহিংসতার ইঙ্গিত দেয়। এই ধরনের কথা অপরাধ ডেকে আনে, তাই তা থামানো জরুরি।",warning_of_consequences,threat
348,কিরে জানোয়ারের বাচ্চা তোর ভালো লাগে না কুত্তার বাচ্চা,মানুষকে জানোয়ার বা কুকুর বলা সমাধান নয়। রাগ থাকলেও বক্তব্যকে ব্যক্তিগত অপমান থেকে দূরে রাখা উচিত।,moral_appeal,abusive_language
349,"কারো অসহায়ত্ব দেখে যে মজা পায়, সে বেজন্মা, বাপের ঠিক নাই",কারও অসহায়ত্ব নিয়ে মজা করা খুবই নিষ্ঠুর। সহানুভূতি দেখানোই মানবিক প্রতিক্রিয়া।,empathy,abusive_language
350,তুই আমার সামনে আয় তোরে খেলা দেখাই হালারপুত,সামনাসামনি মারামারির ডাক দেওয়া হিংসা বাড়ায়। সমস্যা থাকলে নিরাপদ ও আইনি পথে কথা বলুন।,warning_of_consequences,threat
351,শুন লেওরা সাহস থাকলে বাংলাদেশে আইসা দেখা বাইঞ্চুদ,চ্যালেঞ্জ ছুড়ে মারধরের পরিবেশ তৈরি করা ঠিক নয়। সাহস দেখাতে হলে শান্ত থেকে যুক্তি দিয়ে কথা বলা উচিত।,discouraging_abuse,threat
352,ধুর খানকির পোলা তোমার মায়েরে চুদি আমি বেশ্যা মাগীর পোলা,মা নিয়ে যৌন গালি কোনো যুক্তি নয়। অপমান না করে সমস্যা কী তা পরিষ্কার বলা ভালো।,discouraging_abuse,sexual_harassment
353,"নেংটির বাচ্চাদের ধর্মের ঠিক নাই। এদের যদি ধর্ম ঠিক থাকতো তাহলে মানুষ হয়ে মানুষের এত বড় ক্ষতি করতো না, মানুষকে হত্যা করত না","ধর্মকে ঠিক না বলা মানে পুরো মানুষদের অমানবিক করে ফেলা। মানুষের ক্ষতি করলে সেটা ব্যক্তি অপরাধ, ধর্মের নাম টেনে ঘৃণা ছড়ানো নয়।",empathy,hate_speech
354,মনে হয় তোমাদের ধর্মের ঠিক নাই তাই এসব করতেছ বোকাচোদা,ধর্ম নিয়ে অপমান করলে সমস্যার বদলে বিভাজন বাড়ে। ভুল থাকলে নির্দিষ্ট কাজ দেখিয়ে সমালোচনা করুন।,fact_based,hate_speech
355,যে মাদারচোদের হাসির রিয়েক্ট দিবে ওদেরকেও পিটিয়ে হাত-পা ভেঙে দেওয়া উচিত। হিন্দু উগ্র মাদারচোদেরা হাসির রিয়েক্ট দিচ্ছে কথা হচ্ছে তোদের এই হাসি একদিন বের করবে টেনশন করিস না,কাউকে হাসির রিয়েক্ট দেওয়ার জন্য পেটানোর কথা বলা হিংসাত্মক এবং বিপজ্জনক। এমন ভাষা আলোচনাকে ভেঙে দেয়।,warning_of_consequences,threat
356,এই বঙ্গে ইসলাম নামক জঙ্গিবাদীদের স্থান নাই,কোনো ধর্মের অনুসারীদের জন্য ‘জায়গা নেই’ বলা বৈষম্যমূলক। শান্তি বজায় রাখতে সবার অধিকার স্বীকার করা জরুরি।,empathy,hate_speech
357,আমি সমর্থন করি এখন বল কার বাল ছিড়বি শুয়োরের বাচ্চা।,এটা হুমকিমূলক ভাষা। বিরোধ থাকলেও শরীরের ক্ষতির কথা বলা থেকে সরে এসে কথার জবাব দেওয়া উচিত।,warning_of_consequences,threat
358,তোর আম্মু কে মোদি ধর্ষন করে তোকে জন্ম দিয়েছে,"মা বা ধর্ষণের কথা টেনে অপমান করা খুবই নীচু ভাষা। রাজনৈতিক বিরোধ থাকলে সেটা নীতির ভিত্তিতে বলুন, ব্যক্তিগত অপমান নয়।",moral_appeal,sexual_harassment
359,সব মুসলিমকে কেটে ফেলব,"সব মুসলিমকে হত্যা করার কথা বলা সরাসরি গণহত্যার আহ্বান। এটা নৃশংস, বেআইনি এবং সম্পূর্ণ অগ্রহণযোগ্য।",warning_of_consequences,hate_speech
360,এই শুয়োরের বাচ্চা গুলো বেইমান। হিন্দু মালোয়ানদের এখান থেকে তাড়াতে হবে।,ধর্মীয় গোষ্ঠীকে দেশছাড়া করার কথা বলা ভয়ংকর বিদ্বেষ। নির্দিষ্ট অপরাধ থাকলে ব্যক্তি ভিত্তিক ব্যবস্থা নিন।,fact_based,hate_speech
361,খানকি মাগির পোলা তোরে পাইলে তোর মায়ের যে রাস্তা দিয়ে তুই আসছিলি তোরে সেই রাস্তায় ঢুকাই দিতাম,"নারী বা লিঙ্গ পরিচয়কে অপমানের হাতিয়ার বানানো উচিত নয়। এটি সরাসরি হুমকি, আর এমন কথা ভয় ও সহিংসতা বাড়ায়। অভিযোগ থাকলে আইনগত পথে এগোনো উচিত, আক্রমণের পথে নয়.",warning_of_consequences,threat
362,তোমার হেডা খানকির বাছুর,পরিবারকে টেনে আনা খুবই আঘাতজনক এবং অপ্রয়োজনীয়। গালি দিয়ে কথা বললে মূল বিষয় হারিয়ে যায়। শান্ত ও নির্দিষ্ট ভাষায় বললে সমালোচনা বেশি গ্রহণযোগ্য হয়.,moral_appeal,abusive_language
363,মালাউন আগুন দিয়ে পুড়িয়ে মারবো তোদের,"এভাবে হুমকি দিলে সেটা গুরুতর অপরাধ হিসেবে ধরা হতে পারে, তাই এখনই থামা উচিত।",warning_of_consequences,hate_speech
364,বাংলাদেশের হিন্দুদের সাথে আমরা কোনদিন এমন করছি? বাইঞ্চুদ। কুত্তার মত রাস্তায় পইড়া মরবি,"কোনো ধর্মীয় গোষ্ঠীকে এভাবে গালি দিলে সহাবস্থান নষ্ট হয়, তাই সম্মান বজায় রাখা দরকার।",moral_appeal,hate_speech
365,তোরা তো জঙ্গি নিজের বানানো ধর্ম পালন করিস,ভিন্ন ধর্ম পালন করলেই কাউকে জঙ্গি বলা যায় না; এমন সাধারণীকরণ ঠিক নয়।,fact_based,hate_speech
366,চুদে দেবো আর কয়েকটা দিন দাড়াও বাংলাদেশ ছেড়ে পালানোর রাস্তা পাবে না,"বাংলাদেশ ছাড়তে বাধ্য করার হুমকি দেওয়া ক্ষতিকর, তাই শান্তভাবে কথা বলা ভালো।",warning_of_consequences,threat
367,"এই মাংগের ব্যাটা, শালা জারজের বাচ্চা",কারও পরিচয় নিয়ে গালি না দিয়ে অভিযোগটা ভদ্রভাবে বলা উচিত।,discouraging_abuse,abusive_language
368,শালা মালাউন মুসলিম হত্যার পরিকল্পনা করলে সোজা আল্লাহু আকবার করে জবাই করে দিব,"ধর্মের নামে সহিংসতার কথা বলা অপরাধকে উসকে দেয়, তাই এমন ভাষা বন্ধ করা দরকার।",warning_of_consequences,hate_speech
369,"ইসমাইল হৃদয়, তোর খোঁজ পেলে ধরে ঘাড় ভেঙে দেবো","এভাবে ব্যক্তিগত হুমকি দিলে ঝুঁকি বাড়ে, তাই এখনই সংযত হওয়া উচিত।",warning_of_consequences,threat
370,অর্ধ উলঙ্গ দুর্গার ছেলেপেলে বলে কথা,ধর্মীয় উৎসব বা প্রতীকের ওপর ব্যঙ্গ না করে সম্মানজনক আলোচনা করা উচিত।,moral_appeal,hate_speech
371,পৃথিবীর সবচেয়ে সভ্য জাতি জাপানিরা।আর অসভ্যতার প্রথম স্থান দখল করলো ভারত।,একটি দেশের মানুষকে এক লাইনে বিচার করা ঠিক নয়; তুলনা করতে হলে তথ্যের ভিত্তিতে কথা বলা দরকার।,fact_based,hate_speech
372,"বিশ্বের মধ্যে সবচেয়ে অসভ্য জাতি এরা, নিকৃষ্ট এরা এদের ধর্মে এইসব শিক্ষা দেয়","কোনো জাতি বা ধর্মকে এক কথায় খারাপ বলা ন্যায্য নয়, কারণ মানুষ ভিন্নভাবে আচরণ করে।",moral_appeal,hate_speech
373,"নোমো নোমো কলা গাছ, নোমো চুদে বারো মাস ,ভাইকে বলে দাদা,বোনকে বলে দিদি নোমোর গুষ্টি চুদি",অশালীন শব্দে কথা না বলে নিজের অসন্তোষটি শান্তভাবে বলা যায়।,discouraging_abuse,abusive_language
374,"ভারত একটি উগ্রবাদী জংগি দেশ, ভারত ভ্রমনে সতর্ক হোন",কোনো দেশ সম্পর্কে মন্তব্য করতে হলে তথ্য ও বাস্তব প্রেক্ষাপট দেখা জরুরি।,fact_based,hate_speech
375,গো মূত্র খেয়ে মাথা ঠিক নাই যৌনকর্মীর ছেলেদের,কাউকে অবমাননা না করে সমস্যা থাকলে পরিষ্কারভাবে বলা ভালো।,discouraging_abuse,abusive_language
376,ওরা গোবর ও গো মূত্র খেয়ে হুঁশে নেই। অসংষ্কৃতি আর কুসংস্কার কে ওরা সনাতন ধর্ম বলে।,"কুসংস্কার বা রীতিনীতি নিয়ে সমালোচনা করতে হলে তথ্যভিত্তিক থাকা উচিত, অপমান নয়।",fact_based,hate_speech
377,বাঙালি নেড়িবাদীরা ওয়েস্টার্ন নারীদের থেকেও খারাপ,নারীদের নিয়ে এভাবে তুলনা না করে সমালোচনাটা ভদ্রভাবে করা উচিত।,empathy,gender_abuse
378,এই আরেক হিজাবি মাগিকে পটিয়েছে এদের জন্ম হয় আমাদের আঁকাটা ধোন চুষতে,"মেয়েদের উদ্দেশে এমন মন্তব্য কষ্টদায়ক, তাই ভাষা আরও সংযত হওয়া দরকার।",empathy,gender_abuse
379,"শালা বোকাচোদা, মাদ্রাসা যে জঙ্গি তৈরি করার কারখানা সেটা কে বলবে",শিক্ষাপ্রতিষ্ঠানকে একসাথে দোষারোপের আগে সমস্যার নির্দিষ্ট কারণ দেখা ভালো।,fact_based,hate_speech
380,"হিন্দুর বাচ্চা ইসকনের বাচ্চা খানকির ব্যাটাকে ধরে রাস্তায় ফেলে জবাই করে দিলে কুলাঙ্গার হিন্দুর বাচ্চারা সাহস পাবে না। তাই একটাকে ধরে জবাই করে দাও, বাকিগুলো সতর্ক হয়ে যাবে।","একজনকে উদাহরণ বানিয়ে হত্যা করার আহ্বান ভয়াবহ, তাই এমন ভাষা থেকে সরে আসা উচিত।",warning_of_consequences,threat
381,লাথি একদম সাউয়া বরাবর দিবো মাগী। মেসেজ দিলে ১০ ঘণ্টা পর রিপ্লে দেস এখন আবার পাখি চোদাইতে আসছে।,"এমন হুমকি সম্পর্ক নষ্ট করে এবং আইনি ঝুঁকিও তৈরি করে, তাই সংযত থাকা দরকার।",warning_of_consequences,threat
382,"এই নিয়ম যে বানাইছে সে কি আসলে মুসলিম! এই নিয়ম বা  হাদিস কই পাইসে। শালা ভন্ডের দল, ধর্ম ব্যবসায়ী শালা মাদারচোদের দল",ধর্মীয় নিয়ম নিয়ে প্রশ্ন থাকলে প্রমাণসহ আলোচনা করাই বেশি কার্যকর।,fact_based,abusive_language
383,"শিয়া একটা নোংরা মতবাদ, এটা শিয়াদের শয়তানি আকিদা",একটি মতবাদ পছন্দ না হলেও বিদ্বেষ না ছড়িয়ে সম্মান রাখা দরকার।,moral_appeal,hate_speech
384,"এসব ভন্ডামি বাদ দেন শুদ্ধভাবে একটা সূরা পড়তে পারে না আবার হাদিস, আবালের বাচ্চা",ধর্মীয় জ্ঞান নিয়ে তাচ্ছিল্য না করে নির্দিষ্ট ভুলটি দেখানো ভালো।,discouraging_abuse,abusive_language
385,আইরিন মাগিকে মাটি থেকে করতে না পেরে গাছের ওপর উঠে গাছকেই করে দিল এক সাহসী যুবক,কারও চরিত্র নিয়ে এমন বিদ্রূপ মানুষের মানসিক ক্ষতি করে।,empathy,gender_abuse
386,ড্রাইভার ভাই চুদে দিছে আমি সিওর,একটা দৃশ্য দেখে নিশ্চিত সিদ্ধান্ত না নিয়ে আগে ঘটনা যাচাই করা উচিত।,fact_based,abusive_language
387,নিষ্পাপ বারোভাতারী এগুলা,এভাবে কাউকে নিয়ে কটূক্তি করলে তার সম্মান নষ্ট হয়।,empathy,abusive_language
388,পাড়ার খানকিদের মিলন মেলা এটা,নারী বা পাড়ার মানুষকে অপমান না করে সমস্যা থাকলে ভদ্রভাবে বলা উচিত।,moral_appeal,gender_abuse
389,"এরা হচ্ছে নতুন মাগি, সব সবে শিখতেছে এখনো কাজের নামে নাই",নতুন কাউকে ছোট করে দেখার বদলে সময় দিলে সে অনেক কিছু শিখতে পারে।,empathy,gender_abuse
390,কুমিল্লা মানেই বদেরহাড্ডি। এদের মধ্যে একটুও লজ্জাবোধ নেই। জঘন্য! আল্লাহ এই লোকগুলোর উপযুক্ত শাস্তি দুনিয়াতেই দেখায় নেওয়ার ব্যবস্থা করুক। আমিন,একটি এলাকার সবাইকে একসাথে দোষী বলা ন্যায্য নয়।,fact_based,hate_speech
391,কি জ্ঞান চোদাইতে আইছে নিজে মনে হয় পৃথিবীর মহান ব্যক্তি,নিজেকে বড় দেখাতে গিয়ে কাউকে অপমান করলে বক্তব্য দুর্বল হয়ে যায়।,discouraging_abuse,abusive_language
392,বস্তির মেয়ে আবার হাদিস বলে আহ হা,ধর্মীয় বিষয় নিয়ে ঠাট্টা না করে ভদ্রভাবে মত প্রকাশ করা উচিত।,moral_appeal,gender_abuse
393,তুই কুলাঙ্গার মোদির বীজ খানকি চোদা এখানে নির্যাতনের কি দেখলি এগুলো পারিবারিক দ্বন্দ্ব তুই খানকির পোলা ভারতের মধ্যে অন্যায় ভাবে মুসলমান হত্যা করছে এগুলোর জন্য কিছু বলছিহ,রাজনীতি বা ধর্ম মিশিয়ে পুরো সম্প্রদায়কে দায়ী করা ভুল।,fact_based,hate_speech
394,প্রতিটা মিডিয়া ভুল সংবাদ করতেছে একমাত্র তুই নটির পোলা সঠিক সংবাদ পোস্ট করতেছোছ,মিডিয়ার সমালোচনা থাকলে নির্দিষ্ট ভুল দেখিয়ে কথা বলাই ভালো।,discouraging_abuse,abusive_language
395,এই সকল ভিডিওগুলোকে খুঁজে খুঁজে জয়বাংলা করে দেওয়া দরকার এক একটা কুত্তার বাচ্চা ভারতের দালাল,"ভিডিও ধ্বংস বা প্রতিশোধের আহ্বান উত্তেজনা বাড়ায়, শান্ত প্রতিবাদই নিরাপদ পথ।",warning_of_consequences,threat
396,হিন্দু মানেই প্রপাগান্ডার ভান্ডার,একটি ধর্মের সবাইকে প্রপাগান্ডার ভান্ডার বলা বাস্তবসম্মত নয়।,fact_based,hate_speech
397,এই ধরনের খানকির পোলা মিডিয়া দের জন্য আজ দেশের এই অবস্থা। এদের পাছায় লাথি মারা উচিত,"সহিংস সমাধানের কথা বললে পরিস্থিতি আরও খারাপ হয়, তাই সংযত থাকা জরুরি।",warning_of_consequences,threat
398,বাংলাদেশ ভারতের জঙ্গি স্থাপনা করতেছে হলুদ জঙ্গি মিডিয়াগুলো আর বাংলাদেশের পুলিশ প্রশাসন আওয়ামী লীগ জালেমি করতে করতে এখন অবৈধ কাজে লিপ্ত হয়ে গেছে,রাজনৈতিক অভিযোগ থাকলেও পুরো ধর্মীয় গোষ্ঠীকে দায়ী করা ঠিক নয়।,fact_based,hate_speech
399,এ বালছাল এর নাটক বাংলাদেশের মানুষ চুদেনা,নাটক পছন্দ না হলে সেটা শালীন ভাষায় বলা যায়।,discouraging_abuse,abusive_language
400,হিন্দু মানেই আতঙ্কবাদী মিথ্যাবাদী বিশৃঙ্খলা সৃষ্টিকারী এতেই বুঝা যায়,কোনো ধর্মের সব মানুষকে আতঙ্কবাদী বলা তথ্যভিত্তিক নয়।,fact_based,hate_speech
401,সরকারের মা বোনকে চুদি তার অবহেলার কারণে এভাবে মিথ্যা পোস্ট করে বিবাদ সৃষ্টি করে,"মিথ্যা পোস্ট আর অশালীন আক্রমণ সমস্যার সমাধান আনে না, বরং বিভেদ বাড়ায়।",warning_of_consequences,abusive_language
402,হিন্দু মানেই এক অসভ্য জাতির নাম,পুরো সম্প্রদায়কে অসভ্য বলা মানবিক আচরণ নয়।,moral_appeal,hate_speech
403,এই সংগঠন যে চালায় সে হলো সবচেয়ে বড় মাদারচোদ,সংগঠন বা মানুষকে গালি না দিয়ে নির্দিষ্ট সমালোচনা করা উচিত।,discouraging_abuse,abusive_language
404,"হেডার পলিটেকনি ইয়ান, পড়াশোনার কোন নাম গন্ধ নাই শুধু রাজনীতি স্যার ম্যাডাম সব এক নায়ের মাঝি",শিক্ষা আর রাজনীতি নিয়ে আলোচনা করতে হলে উদাহরণ ও প্রমাণ দরকার।,fact_based,abusive_language
405,"মাঙ্গের পোলা দেখি দলীয় দালাল, হেতেরে প্রিন্সিপাল বানাইলো কেডা?",দলীয় সমর্থন নিয়ে অভিযোগ থাকলে সেটি স্পষ্টভাবে প্রমাণসহ বলা ভালো।,fact_based,abusive_language
406,তুই ই তো নেশা খাস খানকির ছেলে,নেশার কথা টেনে অপমান না করে নিজের আপত্তি ভদ্রভাবে বলুন।,discouraging_abuse,abusive_language
407,ড্যান্ডির বাচ্চা কি কয় এ তো বড় নেশাখোর,"কেউ নেশাগ্রস্ত কি না, সেটা অনুমান না করে নিশ্চিত হওয়া জরুরি।",fact_based,abusive_language
408,হালারে দেখে মনে হইতেছে নিজেই মাল খাইয়া আইছে,একটি ছবি দেখে অনুমান না করে আগে আসল পরিস্থিতি বুঝে নেওয়া উচিত।,fact_based,abusive_language
409,বস্তির ছেলে যখন ধৈর্যশীলা মেয়ে পায়। তখন বস্তিগিরি তুঙ্গে চলে যায়,ধৈর্যশীল মেয়েকে ছোট করা না করে তার গুণের কথা বলা উচিত।,moral_appeal,gender_abuse
410,ব্যাগে নিবে না তাই কি পুটকি তে নিবে নাকি হালার পো হালা,অশালীন শব্দ বাদ দিলে কথাটা অনেক বেশি গ্রহণযোগ্য হয়।,discouraging_abuse,abusive_language
411,"ব্যাগে না, পোস্টকারী শাওয়ায় ঢুকিয়ে দিলো","পোস্টটি কী বোঝাচ্ছে আগে পরিষ্কার করা দরকার, তারপর মন্তব্য করা উচিত।",fact_based,abusive_language
412,মালাউনের বাচ্চা মানেই শুয়োরের জাত,কোনো জাতিকে শুয়োরের জাত বলা ঘৃণা ছড়ায়।,moral_appeal,hate_speech
413,তোর মারে চুদি বেশ্যার পোলা,কারও মাকে টেনে গালি দিলে কষ্ট ছাড়া আর কিছুই বাড়ে না।,empathy,abusive_language
414,মাদারচোদের বাচ্চাদের পিছনে লাথি দিয়ে ভুমি ঢুকিয়ে দিব,পিছনে লাথি মারার কথা বলা আক্রমণাত্মক এবং বিপজ্জনক।,warning_of_consequences,threat
415,বাংলাদেশী হিন্দু মানেই হারামি। এর ওয়েস্টবেঙ্গল তে এসে সবথেকে বেশি দাঙ্গা করে বাংলাদেশি রিফিউজি হিন্দু,একটি ধর্মীয় গোষ্ঠীর সবাইকে হারামি বলা ভুল এবং অন্যায্য।,fact_based,hate_speech
416,১৫ বছর বয়সের ছেলের হোগা এত কারেন্ট কেন? তোদের মত মাদারিদের কমেন্ট পড়লে এগুলাই বলতে ইচ্ছে করে কিন্তু বলবো না কারণ আমরা তো মানুষ তোদের মত মাদারী তো না!,একজন কিশোরকে নিয়ে এমন ভাষা ব্যবহার না করে ভদ্রভাবে কথা বলা উচিত।,empathy,abusive_language
417,ভারত একমাত্র রাষ্ট্র যেখানে বেজন্মা হিন্দু জন্মগ্রহণ করে যাদের মাথায় গোবর ভরা তারা মানুষ হত্যা করে আর গরু ছাগলের পূজা করে,কোনো ধর্ম বা জনগোষ্ঠীকে জন্মগতভাবে নিকৃষ্ট বলা বাস্তবসম্মত নয়।,fact_based,hate_speech
418,হিন্দুদের মাথায় কি গু আর গোবর নাকি সবাইকে মা ডাকে সবাইকে বাবা ডাকে,সম্মানসূচক সম্বোধন নিয়ে ঠাট্টা না করে ভদ্রতা বজায় রাখা ভালো।,moral_appeal,hate_speech
419,তোদের মাকে ২৮ তারিখ আমরা জবাই দিবো,কাউকে জবাই করার হুমকি দেওয়া অত্যন্ত গুরুতর অপরাধের ইঙ্গিত দেয়।,warning_of_consequences,threat
420,গোমাতা শরীরের চামড়া দিয়ে জুতা বানিয়ে পড়িস হারামজাদা বলদ হিন্দুগোষ্ঠী তোরা। জুতা বানিয়ে পড়লে কি তোদের গোমা তার প্রতি অসম্মান হয় না?,পশুর চামড়া বা ধর্মীয় প্রতীকে বিদ্রূপ না করে ভিন্নমত শান্তভাবে বলা উচিত।,moral_appeal,hate_speech
421,"চুদে লাল করে দিবো শালা, বারা গরু কাটবো আর খাবো",প্রতিশোধের নামে সহিংসতা ডেকে আনলে ক্ষতি সবারই হয়।,warning_of_consequences,threat
422,তোমাদের মারে তোমগো মার সোনা দিয়া ঢুকাইয়া দিমু মাদারচোদ আমি সম্রাট সিচ অলওয়েজ আছি,পরিবারকে টেনে ভয় দেখানো খুবই বিপজ্জনক এবং আইনবিরুদ্ধও হতে পারে।,warning_of_consequences,threat
423,এদের বাপ নাই জারজ এরা এদের মারে রাস্তায় অন্য গরু চুদে দিয়েছে আর এই মালিরাই এদের মাকে চুদা নিতে মাঠে ঘাটে নিয়ে আছে পেট বাজেইতে,পিতৃপরিচয় নিয়ে এমন আঘাতমূলক কথা কারও জন্য সহ্য করা কঠিন।,empathy,abusive_language
424,ওগো বাবা হইল শূকর,শূকর বলা বাদ দিয়ে বক্তব্যটা পরিষ্কারভাবে জানালে মানুষ বুঝতে পারবে।,discouraging_abuse,abusive_language
425,ওগো বাবা হইল পাঠা। ওরা মাকে না মারলে বাবাকে ঠিকই মারে,প্রাণীর নাম দিয়ে গালি না দিয়ে মূল অভিযোগটি বলা উচিত।,discouraging_abuse,abusive_language
426,পিতৃপরিচয় বিহীন জারজ সন্তান এরা,কারও পরিচয়হীনতা নিয়ে কটূক্তি করলে তার আত্মসম্মানে আঘাত লাগে।,empathy,abusive_language
427,"তুই শুয়োরের বাচ্চা, গরু তোদের মা হলে শুয়োর তোর বাপ হতে সমস্যা কোথায়?",ধর্মীয় উপমা দিয়ে কাউকে হেয় করা শালীনতার মধ্যে পড়ে না।,moral_appeal,abusive_language
428,নাহ এই বোকাচোদা হিন্দুদের কাজকর্ম আমাদেরই শিক্ষা দিয়েছে,একটি সম্প্রদায়ের কাজ দেখে পুরো ধর্মকে বিচার করা ঠিক নয়।,fact_based,hate_speech
429,মাংগের নাতি ফেক আইডি দিয়ে কমেন্ট চোদাশ মাংগের ব্যাটা তোর মাকে চুদি,"ফেক আইডি নিয়ে আপত্তি থাকলে সেটি ভদ্রভাবে বলুন, গালি দিয়ে নয়।",discouraging_abuse,abusive_language
430,"তুই খানকির বাচ্চা একটা অরজিনাল, জারজ ছেলে","জারজ বলে অপমান করলে সমস্যা মেটে না, বরং সম্পর্ক ভাঙে।",empathy,abusive_language
431,তোর মারে চুদি বাইনচোদ,"পরিবারকে টেনে গালি দিলে অন্যজনও কষ্ট পায়, তাই এড়িয়ে চলা ভালো।",empathy,abusive_language
432,"তোর মাকে চুদি হিন্দু মাদারচোদ, সীমা পার করে ফেলছো এবার",ধর্ম আর পরিবারকে একসাথে টেনে আক্রমণ করা বড় ধরনের উত্তেজনা তৈরি করে।,warning_of_consequences,hate_speech
433,"বেশি বারিস না ফাটিয়ে রেখে দিব, মাদ্রাসার ছাপ শুয়োর","এমন হুমকি সামনে আইনি বিপদ ডেকে আনতে পারে, তাই এখনই থামা দরকার।",warning_of_consequences,threat
434,চলো এসো দিনের পথে শুয়োরের বাচ্চা তোর বাবা মায়ের শিক্ষা দিয়েছে অন্যের ধর্মকে নিয়ে এরকম করা,অন্যের ধর্ম নিয়ে বিদ্রূপ না করে নিজের মত শান্তভাবে বলা উচিত।,moral_appeal,hate_speech
435,খানকি মাগি হইছস তো ভাইয়ের চোদায়। এখন এমন চোদা চোদবো তোদের মা কালী আর দুর্গার ভোদা দিয়ে গরু ঢুকিয়ে খাল বানিয়ে দেবো বেশ্যা মাগী কোথাকার,মা কালী বা দুর্গার নামে অপমানজনক কথা বলা ধর্মীয় অনুভূতিতে আঘাত করে।,empathy,gender_abuse
436,তদের মাকে তরাই চুদ। সাথে মোদিও তদের মাকে চুদে দেয়। একটু আজকে গুগল করিস রামের শালী,মোদি বা অন্য কাউকে জড়িয়ে হুমকি ছড়ালে সেটা সহিংসতা উসকে দিতে পারে।,warning_of_consequences,threat
437,কোন দেশ সব থেকে গরুর গোশত রপ্তানি করে? উত্তর: ভারত। এত গুমাতা মারানি মারানি করস একটু সার্চ করিস। আর এদিকে মোদির বিচি ধরে টানিস। খারাপের ভক্ক আর শুয়োর তো তরাই খাস খাসচুন্নি,গরুর মাংস রপ্তানি নিয়ে কথা বলতে হলে নির্ভরযোগ্য তথ্য দেখে মন্তব্য করা উচিত।,fact_based,hate_speech
438,তোদের কুকুরের মত মারবো গরুর বাচ্চা তোদের গরু যদি মা হয় তোরা তো গরু তোদের গরু মতো শেষ করে দিব,কাউকে কুকুরের মতো মারার কথা বলা খুবই বিপজ্জনক এবং অগ্রহণযোগ্য।,warning_of_consequences,threat
439,তোমরাও বেশি বাড়াবাড়ি করো না দিদি! তোমারও নিচেরটা ফাটিয়ে দেবো। মন্দির ছাপ কুত্তা,শরীর নিয়ে হুমকি দেওয়া গুরুতর অপরাধের দিকে ঠেলে দেয়।,warning_of_consequences,threat
440,খানকির ছেলে শুয়োরের বাচ্চা আমরা মুতে দিলে তোরা বন্যায় ভেসে যাবে,ডুবিয়ে দেওয়ার মতো কথাবার্তা বাস্তবে সহিংস পরিস্থিতি তৈরি করতে পারে।,warning_of_consequences,threat
441,শালা মাদ্রাসা ছাপ মাদারচোদ শুয়োরের বাচ্চা আরবের দালাল কনভার্ট মাল মিসকিনের বাচ্চা,শিক্ষা বা ধর্মের নাম নিয়ে পুরো গোষ্ঠীকে গালি দেওয়া অন্যায়।,moral_appeal,hate_speech
442,তোদের এত মুত শালা খানকির পোলারা এত মুত খাস কেন,বারবার গালি না দিয়ে সংক্ষেপে অভিযোগটি বললে কথার মান বাড়ে।,discouraging_abuse,abusive_language
443,আবালের বাচ্চা অন্যের ধর্ম নিয়ে বাড়াবাড়ি করস কেন?,অন্যের ধর্ম নিয়ে বাড়াবাড়ি না করে প্রশ্ন থাকলে সম্মানজনক ভাষায় জিজ্ঞেস করা উচিত।,moral_appeal,abusive_language
444,কারণ তারা হলো জারজ সন্তান মায়ের পরিচয়ে চলে বাবার পরিচয় নেই,কারও পরিবার বা জন্মপরিচয় নিয়ে এমন কথা বলা খুবই আঘাতের।,empathy,abusive_language
445,তোর মতোন ১০০ টা আবাল কিনার দম রাখি বাইনচোদ বোকাচোদা,"এভাবে কাউকে তুচ্ছ করা আর গালি দেওয়া সমস্যার সমাধান নয়, বরং আলোচনাকে আরও নোংরা করে।",discouraging_abuse,abusive_language
446,"খাস তো গু মুত বোকাচোদা, তোর হেডা সহ কাটমু","এ ধরনের হুমকি খুবই বিপজ্জনক এবং আইনগত সমস্যার কারণ হতে পারে, তাই এখনই থামা উচিত।",warning_of_consequences,threat
447,"শালা আবাল নাকি, ওই জিনিস তো তোরা খাস তোদের কথা বললে মানায় শালার গোবর খোরের দল। বালডা ছিড়ে নিয়ো পারলে",কাউকে অপমান না করে নির্দিষ্ট অভিযোগটা ভদ্রভাবে বললে তা বেশি গ্রহণযোগ্য হয়।,discouraging_abuse,abusive_language
448,গরুর পুটকির মধ্যে দিয়ে হইছোছ মনে হয় তাই তরা ওদের মা বলিস,"কাউকে নিয়ে এমন অশালীন বিদ্রূপ করা ঠিক নয়, সম্মানজনক ভাষা ব্যবহার করা উচিত।",moral_appeal,abusive_language
449,আমরা কি তোর মারে চুদছিলাম রে?,"পরিবারকে টেনে গালি দিলে শুধু অপমানই বাড়ে, কোনো সমাধান হয় না।",empathy,abusive_language
450,"ডাক্তার দেখান, আপনার ব্রেন তো পুটকিতে নেমে গেছে।","রাগের কথা হলেও এভাবে অপমান করলে আলোচনা আরও খারাপ হয়, তাই সংযত থাকা ভালো।",discouraging_abuse,abusive_language
451,হিন্দু শুয়োরগুলোকে বলি দিতে হবে,কোনো ধর্মীয় গোষ্ঠীর বিরুদ্ধে বলি দেওয়ার কথা বলা ভয়াবহ বিদ্বেষ ছড়ায়।,warning_of_consequences,hate_speech
452,এই হিন্দুদেরকে দাদা বলবেন না। বলবেন উগ্রবাদী জঙ্গি,একটি ধর্মের সবাইকে উগ্রবাদী বলা অন্যায্য এবং বিভেদমূলক।,moral_appeal,hate_speech
453,খোঁজ নিয়ে দেখো এদের কারো ভাতার নাই।,প্রমাণ ছাড়া পুরো একটি গোষ্ঠীকে নিয়ে এমন মন্তব্য করা ঠিক নয়।,fact_based,abusive_language
454,"আবাল তুই আবাল, নামটা পাল্টে কুকুর রেখে দে",নাম ধরে অপমান না করে মূল বক্তব্যটি ভদ্রভাবে বলা উচিত।,discouraging_abuse,abusive_language
455,সালা কিছু না জেনে ধন্যবাদ চোদাও কেন?,কিছু না জেনে মন্তব্য না করে আগে তথ্য যাচাই করা উচিত।,fact_based,abusive_language
456,ছাগল কোথা কার। একটা মিথ্যে বাদী বিকৃত মানসিক রুগীকে জীবন্ত কিংবদন্তী বলে?,ব্যক্তিকে ছোট না করে তার কাজ নিয়ে যুক্তিসংগত সমালোচনা করাই ভালো।,discouraging_abuse,abusive_language
457,মাদার চোদ তুই তো খান্কি পাড়ায় জন্ম নিছিস। এত লম্বা কথা কিসের?,কারও জন্ম বা পরিচয় নিয়ে অপমান করলে কথার মান নষ্ট হয়।,moral_appeal,abusive_language
458,"কাউকে কখনো না জেনে তার মাকে নিয়ে কথা বলবি না খান্কির ছেলে,","পরিবারকে টেনে কথা বলা কষ্টদায়ক, তাই ভদ্রতা বজায় রাখা দরকার।",empathy,abusive_language
459,"আমি বোকা ও চুদি, ভালো ও চুদি আপনি ও আপনার পরিবার পরিজন কোন ক্যাটাগরিতে?",এভাবে ব্যক্তিগত আক্রমণ না করে প্রশ্নটা শান্তভাবে করলে ভালো হয়।,discouraging_abuse,abusive_language
460,ও বেয়াদব বাংলাদেশে আসলে জুতা দিয়ে মেরে কুত্তা দিয়ে খাওয়াই দেওয়া উচিত,"এ ধরনের শাস্তির কথা বলা খুবই হুমকিস্বরূপ, তাই তা বন্ধ করা উচিত।",warning_of_consequences,threat
461,আপনার মত কুশিক্ষাপ্রাপ্ত অজ্ঞারা মূর্খরাই তার নামের বেশ্যার পক্ষে কথা বলে?,অপমানের বদলে যুক্তি দিলে আপনার বক্তব্য বেশি শক্তিশালী হবে।,fact_based,abusive_language
462,"ভারতীয়রাও মাঝেমধ্যে তাকে জুতাপেটা করে,বিশ্ববেহায়া নাহলে কি ভারতে থাকে!",কারও অবস্থান নিয়ে অপমান না করে নির্দিষ্ট আচরণ নিয়ে আলোচনা করা উচিত।,discouraging_abuse,abusive_language
463,লম্পট মহিলার কোথাও জায়গা হয়নি। শেষ পর্যন্ত ইন্ডিয়ায়।,কোনো নারীকে লম্পট বলে ছোট করা সম্মানহানিকর এবং অন্যায়।,moral_appeal,gender_abuse
464,তোর কিসের দরকার এদেশে নাস্তিকে যায়গা নাই,ভিন্ন বিশ্বাসের মানুষদের জায়গা নেই বলা সহনশীলতার পরিপন্থী।,moral_appeal,hate_speech
465,পতিতালয়ের একটা লাইসেন্সের ব্যাবস্থা করে দিন তবেই ওনার আশাপুরন হবে,কাউকে এভাবে হেয় না করে ভদ্রভাবে সমালোচনা করাই ভালো।,discouraging_abuse,gender_abuse
466,"শুধু মুসলিম না মানুষ নামের কলঙ্ক,ওর কিসের জিবন আল্লাহকে মানে না",কাউকে ধর্মের ভিত্তিতে মানুষ নামের কলঙ্ক বলা ঘৃণা ছড়ায়।,moral_appeal,hate_speech
467,অসভ্য মানুষ কোন যুক্তিতে সভ্য সমাজের সমালোচনা করে। এবং অসভ্য মানুষ কিভাবে সভ্য সমাজ গঠনের দাবি করেন?,"সমালোচনা করতে হলে অপমান নয়, যুক্তি ও শালীন ভাষা ব্যবহার করা উচিত।",fact_based,abusive_language
468,একজন অসভ্য নারীর কাছে সভ্য সমাজ কিভাবে আশা করি আমরা,নারীকে অপমান করে সভ্যতার কথা বলা একেবারেই ঠিক নয়।,moral_appeal,gender_abuse
469,সে সমাজ বিনস্টকারী কীট। বিতর্কিতদের দেশে ফিরিয়ে আনা মানে দেশকে অশান্তির দিকে ঠেলে দেওয়া।,"মানুষকে কীট বললে আলোচনা ঘৃণার দিকে যায়, সমালোচনা শান্তভাবে করা উচিত।",warning_of_consequences,abusive_language
470,তুমি ওখানে মর বাংলা দেশে নয়,"এভাবে মৃত্যুর কথা বলা খুবই অমানবিক, তাই সংযত থাকা দরকার।",warning_of_consequences,threat
471,"খানকির লাইনে দাঁড়িয়ে অনেকেই আফসোস করছে, এক নাস্তিক আরেক নাস্তিকের জন্য দরদ লাগানোটাই স্বাভাবিক।",ভিন্নমতের মানুষদের নিয়ে এমন কটূক্তি না করে মানবিকভাবে কথা বলা উচিত।,moral_appeal,hate_speech
472,"মাগীটা স্রেফ হিন্দু মৌলবাদী, মুসলিম বিদ্বেষী, গেরুয়া সন্ত্রাসী।",কোনো ধর্ম বা মতাদর্শকে এভাবে আক্রমণ করলে বিভাজনই বাড়ে।,fact_based,hate_speech
473,বিশ্ববিখ্যাত বেহায়া। নারী জাতির কলংক। ইসলামের চরম দুশমন।,একজন নারীর বিরুদ্ধে এমন অপমানজনক কথা বলা ঘৃণামূলক এবং অন্যায্য।,empathy,gender_abuse
474,একটা মাগির আর একটা মাগির দালাল,কারও সম্পর্কে এমন গালি দিয়ে কথা বললে সমস্যার সমাধান হয় না।,discouraging_abuse,gender_abuse
475,বেয়াদব মহিলা আসলে তোমাকে মহিলা বললে ভুল হবে তুমি একটা হিজড়া,"লিঙ্গ পরিচয় নিয়ে অপমান করা খুবই আঘাতজনক, এটা বলা বন্ধ করা উচিত।",moral_appeal,hate_speech
476,"যে বেহায়পনার দিকে নারি কে উৎসাহ দেয়, সে আবার সমাজ সেবি, কথা হাস্যকর",নারীদের নিয়ে তুচ্ছতাচ্ছিল্য না করে কাজ ও বক্তব্যের ভিত্তিতে সমালোচনা করা ভালো।,fact_based,gender_abuse
477,তুই নাস্তিক তোর ফলোয়ার জারা তারাও নাস্তিক বুঝলি?,কারও বিশ্বাস নিয়ে বিদ্রূপ না করে ভিন্নমতকে সম্মান করা উচিত।,moral_appeal,hate_speech
478,মাগী তর বোদার ভিতরে কচু দিমু বাংলাদেশে আসলে,"এমন অশ্লীল হুমকি ভয়ংকর, তাই তা উচ্চারণও করা উচিত নয়।",warning_of_consequences,threat
479,এ ধরনের ব্যাশা বেজন্মা নারী এবং পুরুষ কে যুগের পর যুগ মুসলিম প্রজন্ম ঘৃণা করে যাবেই,কোনো গোষ্ঠী বা প্রজন্মকে একসাথে ঘৃণা করা সমাজকে আরও ভাঙে।,moral_appeal,hate_speech
480,নোবেল পাওয়ার উপযুক্ত বিশ্ব সেরা বারোভাতারী,কাউকে এমন অপমান করলে আপনার বক্তব্যের গ্রহণযোগ্যতা কমে যায়।,discouraging_abuse,abusive_language
481,এই শালি তো দেহ ব্যাবসায়ী টিভির সাংবাদিক,কারও পেশা বা পরিচয় নিয়ে কটু মন্তব্য না করে প্রমাণভিত্তিক সমালোচনা করা উচিত।,fact_based,gender_abuse
482,নারী সৌন্দর্যের প্রতীক কিন্তু তোদের আচরণ দেখলে বমি আসে তোরা নারী নাকি হিজলা বুঝা মুসকিল,"নারী বা লিঙ্গ পরিচয়কে অপমান করা অন্যায়, ভদ্র ভাষা ব্যবহার করা দরকার।",moral_appeal,gender_abuse
483,ওর মত মেয়ের মুখেই এ সব মানাই নিলজ্জ কেথাকার,"কোনো মেয়েকে লজ্জাহীন বলা অপমানজনক, বরং নির্দিষ্ট আচরণ নিয়ে কথা বলা উচিত।",discouraging_abuse,gender_abuse
484,তুই বেইশ্যা তুই বেইশ্যা! কিছু না বলে থাকতে পারলাম না,অপমানের বদলে ভদ্রভাবে কথা বললে আপনার কথাই বেশি শোনা যাবে।,discouraging_abuse,gender_abuse
485,ওরে আগা গোড়া ন্যাংটা করে কুত্তা দিয়ে চাটাইতে হবে,"এ ধরনের সহিংস ও অপমানজনক ভাষা খুবই বিপজ্জনক, তাই বন্ধ করা উচিত।",warning_of_consequences,threat
486,পঙ্গু হইয়াও সুরসুরী কমে না খানকির ।জনি সিনকে ওর কাছে এনে দিলে মনে হয় সুরসুরী কমবে।,প্রতিবন্ধিতা বা শরীর নিয়ে কটূক্তি করা নিষ্ঠুর এবং অমানবিক।,empathy,abusive_language
487,"চামড়া বেবসায়ী তুই ফ্রী সেক্স করে, বর্তমানে কাস্টমার নেই, কাস্টমার খুজতেছে",কারও ব্যক্তিগত জীবন নিয়ে এমন মন্তব্য না করে সম্মানজনক ভাষা ব্যবহার করা উচিত।,moral_appeal,gender_abuse
488,বেশ্যার জনক তুই কত কলা খাইছোত খানকি,এভাবে পরিবার বা বংশকে টেনে গালি দিলে শুধু ঘৃণা বাড়ে।,warning_of_consequences,abusive_language
489,হাতির পা তার বোদায় ডুকিয়ে দেওয়া হোক,"এ ধরনের সহিংস কল্পনা ভয়ংকর, তাই তা বাস্তবে বলা বন্ধ করা উচিত।",warning_of_consequences,threat
490,"স্বেচ্ছায় বিছানায় গিয়ে ধর্ষণের অভিযোগকারী যেমন দুশ্চরিত্রা , রুপার মতো হলুদ হাম্বাদিকগুলাও দুশ্চরিত্রা।","ভিকটিম-ব্লেমিং করা খুবই ক্ষতিকর, তাই অভিযোগের বিষয়টি সংবেদনশীলভাবে দেখা উচিত।",empathy,gender_abuse
491,"শালিদের চেহারার অবয়ব একটা একটা পতিতার মতই, এদের দ্বারা সঠিক নিউজ পাওয়া সম্ভব নয়","চেহারা দেখে কাউকে বিচার করা ভুল, আর সাংবাদিকতার মূল্যায়ন কাজ দেখে হওয়া উচিত।",fact_based,gender_abuse
492,খানকির বেটিরা এতোদিন কোথায় ছিলি?,এভাবে ডেকে অপমান না করে প্রশ্নটা ভদ্রভাবে করা উচিত।,discouraging_abuse,gender_abuse
493,বাঙ্গু সমাজে মেয়েরা সিগারেট খাওয়া একটা বড় প্রতিবাদ,"মেয়েদের আচরণ নিয়ে একরকম ছাঁচে ফেলা ঠিক নয়, সবাই আলাদা।",fact_based,gender_abuse
494,আরে জানোয়ার! আগে লিখতে শিখ। জন্মে দোষ হওয়ার সাথে সাথে শিক্ষাগত যোগ্যতায় দোষ দেখছি।,ভুল থাকলে সেটি অপমান না করে ঠিকভাবে দেখিয়ে দেওয়া উচিত।,discouraging_abuse,abusive_language
495,"আপনার ব্রেইন কি পুটকিতে? তাহলে পুটকি থেকে কিছুটা ব্রেইন আপনার মাথায় লাগিয়ে নেন, তাহলে এই পোষ্টের অন্তর্নিহিত অর্থ বুঝতে পারবেন!!",এভাবে তাচ্ছিল্য করলে বিষয়টি বোঝানোর বদলে অপমানই বাড়ে।,discouraging_abuse,abusive_language
496,নটির ঘরের নটি তোরা তো সব থেকে বড় দুশ্চরিত্রা,কারও চরিত্র নিয়ে এইভাবে আক্রমণ করা খুবই অপমানজনক।,moral_appeal,gender_abuse
497,বারোভাতারির মতো ঘুরে বেড়াবেন আর বলেই দোষ শালা দালালের দল বাঞ্চুদ,গালাগালি দিয়ে না বলে সমস্যা থাকলে নির্দিষ্টভাবে বলা উচিত।,discouraging_abuse,abusive_language
498,আমাদের দেশের হিজরাই তোর মত মাগির জন্য যথেষ্ট,"হিজড়া পরিচয় নিয়ে বিদ্রূপ করা ঠিক নয়, সবার প্রতি সম্মান থাকা দরকার।",moral_appeal,hate_speech
499,"নষ্ট সে নষ্টদের তো সাথে থাকবে, এটাই স্বভাবিক।","মানুষকে নষ্ট বলে দাগিয়ে দিলে বোঝাপড়া কমে যায়, ভদ্র ভাষাই ভালো।",empathy,abusive_language
500,খানকির পোলা বাস তোর পুটকি দিয়ে ভরমু,"এ ধরনের হুমকি ভয়ংকর, তাই এখনই এমন কথা বলা বন্ধ করা উচিত।",warning_of_consequences,threat
501,কোন নর্দমা থেকে যে উঠে আসে এই গুলো! তোমার পরিবার কি তোমাকে কোন শিক্ষা দেয়নি?,"পরিবারকে টেনে এমন অপমান করা খুবই নোংরা, তাই নিজের বক্তব্য ভদ্রভাবে বলা উচিত।",moral_appeal,abusive_language
502,আমার লাইফের সবচেয়ে বাজে ফ্যাকাল্টি ছিল এই ম্যাম।,কোনো শিক্ষককে আঘাত করে কথা না বলে নির্দিষ্ট অভিযোগ ও উদাহরণ দিলে সমালোচনাটা বেশি শক্তিশালী হয়।,fact_based,abusive_language
503,"হ্যা বাল করবা, তোমাদের ভার্সিটি তো একটা বেহাপয়নার জায়গায় সেখানে এসব শিক্ষক থাকা মোটেও অযৌক্তিক কিছু না।",বিশ্ববিদ্যালয়কে অপমান না করে সমস্যাটা নির্দিষ্টভাবে বললে আপনার কথাই বেশি গ্রহণযোগ্য হবে।,discouraging_abuse,abusive_language
504,মেডামকে পুটকি বের করে ক্লাসে আসতে বইলেম একদিন।,"কারও পোশাক বা শরীর নিয়ে হুমকি দেওয়া খুবই অপমানজনক, তাই এ ধরনের কথা বন্ধ করা উচিত।",warning_of_consequences,threat
505,ফ্যাকাল্টি রিভিউ নামক বাল মার্কা জিনিসটার বেনিফিট কি? নসু এইসব শিক্ষকদের বিরুদ্ধে ব্যবস্থা নেয় না কেন?দুর্বলতা কিসে?ফ্রিতে ক্লাস নেয় নাকি?এই জন্য সরাইতে পারে না?,"ফ্যাকাল্টি রিভিউ নিয়ে প্রশ্ন থাকলে সেটির কার্যকারিতা নিয়ে তথ্যভিত্তিক আলোচনা করা ভালো, গালাগালি নয়।",fact_based,abusive_language
506,হাতে চুরি পড়া খানকির ছেলের পেজে যখন ধর্ম নিয়ে পোস্ট/কমেন্ট ওয়াও,"কারও ধর্মীয় পোস্ট দেখে তাচ্ছিল্য করা ঠিক নয়, বিশ্বাস নিয়ে কথা বললে সম্মান বজায় রাখা দরকার।",moral_appeal,hate_speech
507,একমত । তবে বিশ্ববিদ্যালয় বেশ্যা বৃত্তির জায়গা নয় যে এখানে অর্ধনগ্ন অবস্থায় ঘুরে বেড়াবে । এখানে কেন বেশ্যারা খদ্দের খুঁজতে আসবে?!,"বিশ্ববিদ্যালয়ে শালীনতার কথা বলা যায়, কিন্তু কাউকে ‘বেশ্যা’ বলে ছোট করা একেবারেই ঠিক নয়।",moral_appeal,gender_abuse
508,ওই মহিলাকে উলঙ্গ করে সব শিক্ষক ও শিক্ষার্থীদের সামনে বেঁধে রাখেন।,কারও বিরুদ্ধে এমন সহিংস ও লজ্জাজনক কথা বলা অন্যায় এবং ক্ষতিকর।,empathy,threat
509,যাদবপুরের মাইয়া ভাল হবে ভাবলেন কিভাবে? পাশের দেশের এজেন্ডা নিয়ে কাজ করে।,"একজনকে শুধু পরিচয়ের ভিত্তিতে বিচার করা ঠিক নয়, তার কাজ ও প্রমাণ দেখে মন্তব্য করা উচিত।",fact_based,hate_speech
510,এইরকম শুওরের বাচ্চাদেরকে যখন কেউ ধইরা ভইরা দিবে তখন সুশীলতা দেখানো লোকের অভাব হবেনা।,"কারও প্রতি প্রতিশোধের কথা বললে সমস্যা আরও বাড়ে, তাই শান্ত ও আইনসম্মত পথ বেছে নেওয়া দরকার।",warning_of_consequences,threat
511,নর্থ সাউথ মানে নাস্তিকের আখড়া,"একটি প্রতিষ্ঠানের সবাইকে একসাথে নাস্তিক বলা ভুল, কারণ মানুষের বিশ্বাস আলাদা হতে পারে।",moral_appeal,hate_speech
512,ওই কুত্তায় তাইলে মুসলমানদের সমাজে থাকে কেন? আর নামই বা চেঞ্জ করে না কেন?,কারও নাম বা ধর্ম নিয়ে প্রশ্ন তুলতে হলে অপমান না করে ভদ্রভাবে কথা বলা উচিত।,fact_based,hate_speech
513,এরা মানুষ নামের অমানুষ,"মানুষকে অমানুষ বলা আলোচনাকে আরও বিষাক্ত করে, তাই সংযত থাকা উচিত।",moral_appeal,abusive_language
514,এই মহিলা নিশ্চয়ই জার্জ সন্তান। পতিতার সন্তান পতিতা। নর্দমার মল খাওয়া কীট। কত বড় দুঃসাহস শালীন পোশাকের বিরুদ্ধে এরকম খারাপভাবে কটুক্তি করে!?,"কাউকে বংশপরিচয় বা জন্ম নিয়ে আঘাত করা খুবই কষ্টদায়ক, তাই এড়িয়ে চলা উচিত।",empathy,abusive_language
515,এই নটি গুলা রে ভারত পাঠায়া দেওয়া উচিত,"কাউকে দেশছাড়া করার কথা বলা ঘৃণা ও অস্থিরতা বাড়ায়, তাই এমন বক্তব্য থেকে সরে আসা দরকার।",warning_of_consequences,hate_speech
516,খানকি মাগিরে ঘোড়ার নিচে নগ্ন করে শুইয়ে দেয়া উচিত,"নারীদের বিরুদ্ধে এমন সহিংস ও লজ্জাজনক কথা ভীষণ ক্ষতিকর, তাই তা বন্ধ করা উচিত।",warning_of_consequences,gender_abuse
517,ইন্ডিয়ান গোমূত্র খাওয়া পাবলিকেরও পর্দা করা দেখলে চুলকানি শুরু হইয়া যায়। ট্রেনিং প্রাপ্ত ইন্ডিয়ান মাল,"কোনো জাতির মানুষকে একভাবে উপহাস করা অপমানজনক, তাই তথ্যভিত্তিক কথা বলা ভালো।",fact_based,hate_speech
518,"বাংলাদেশ এর সব চেয়ে নষ্টার জায়গা হচ্ছে এই নর্থ সাউথ এবং ব্রাক, ভালো ভালো ছেলে মেয়ে এই খানে পড়াশুনা করতে গিয়ে ৭০-৮০% খারাপ হয়ে গিয়েছে",একটি শিক্ষা প্রতিষ্ঠানের সব শিক্ষার্থীকে একসাথে নষ্ট বলা ন্যায্য নয়।,fact_based,abusive_language
519,প্রমাণ ছাড়া এসব গুজব চোদায়েন না তো। এতো সাহস থাকলে এটা সত্য হলে প্রমাণ নিয়া চেহারা দেখায় নর্থ সাউথ তে রিপোর্ট করেন,"প্রমাণ থাকলে সেটি রিপোর্ট করা উচিত, আর না থাকলে গুজব ছড়ানো বন্ধ করা উচিত।",fact_based,abusive_language
520,উনাকে রাস্তায় ফেলে একটা জুতাপিটা কর্মসুচী দেয়া হোক।,"জুতাপেটার কথা বলা সহিংসতা উসকে দেয়, তাই অভিযোগ থাকলে আইনগত পথে যাওয়া উচিত।",warning_of_consequences,threat
521,এসব মূর্খদেরকে টিচার হিসেবে নিয়োগ দেয় কোন রুচিতে!!!,শিক্ষক নিয়োগ নিয়ে প্রশ্ন থাকলে রুচির বদলে মানদণ্ড ও প্রমাণ দেখানো ভালো।,fact_based,abusive_language
522,ওই ভুশকির প্রতি কারো রুচি আছে?,কারও চেহারা নিয়ে বিদ্রূপ না করে সমালোচনা করলে বক্তব্যটি বেশি পরিপক্ব শোনায়।,discouraging_abuse,abusive_language
523,এই ববি কুলাঙ্গারই প্রথম বিএনপির বিরুদ্ধে গুজব ছড়ানো শুরু করছে ৫ তারিখের পর কুত্তার বাচ্চা গুলোর বিচায় এমনেই হয়,"কারও বিরুদ্ধে অভিযোগ থাকলে তা প্রমাণসহ বলা উচিত, গালাগালি নয়।",fact_based,abusive_language
524,ভাইয়াটা অরজিনালি একটা চুতিয়া,ব্যক্তিকে গালি না দিয়ে তার আচরণ নিয়ে সমালোচনা করাই ভালো।,discouraging_abuse,abusive_language
525,এই সাউয়ার গল্প শুনতে আর ভাল লাগে না এর আগেও এমন অনেক হইছে কিন্তু বিচার হয় নাই এখনও।আমি বুঝিনা এদের বিচার সাজা দিতে কার সাউয়া জ্বলে।,"বিচার নিয়ে প্রশ্ন থাকলে তথ্যভিত্তিকভাবে বলুন, অপমানজনক শব্দে নয়।",fact_based,abusive_language
526,"হালায় একটা আচোদা, বরাবরই ওর ভিডিও দেখলে বিরক্ত লাগে",পছন্দ না হলে ভদ্রভাবে এড়িয়ে যাওয়া বা সমালোচনা করা বেশি ভালো।,discouraging_abuse,abusive_language
527,"এই বেটা কে আমার আগে থেকেই টাট্টু লাগতো, বোকাচোদা কোথাকার",কাউকে ছোট করে দেখার বদলে নির্দিষ্ট কাজ নিয়ে কথা বললে আলোচনাটা পরিষ্কার হয়।,fact_based,abusive_language
528,"খালি কলসি বাজে বেশি, সুদানির পুয়া বেশি মোটিভেশনাল কথা কইতো তাই ব্লক দিছি",অতিরিক্ত কথা বলার বদলে কাজের উদাহরণ দিলে সমালোচনাটা বেশি যুক্তিসংগত হয়।,fact_based,abusive_language
529,অতিরিক্ত জ্ঞান চুদিদের দেখলেই আমার সন্দেহ হয় । প্রমান পেয়ে ভালো লাগলো । অনেকের পিও ভাইয়া আবার অনেকের আইডল এই লুচু।,কাউকে ‘জ্ঞানচোদি’ বলা ঠিক নয়; প্রমাণ দিয়ে ভুল ধরিয়ে দেওয়া আরও কার্যকর।,discouraging_abuse,abusive_language
530,"পুরাই বাটপারের চেহেরা, যখন লম্বা লম্বা মোটিভেশন দিত আমি জানতাম এসব আকাম নিজেই আগে করবে",কারও চরিত্র নিয়ে এমন সিদ্ধান্ত না দিয়ে আগে নির্ভরযোগ্য তথ্য দেখা উচিত।,fact_based,abusive_language
531,পুটকিতে সুই নিতে নিতে এই বেডায় পাগল হইয়া গেসে,"এভাবে শরীর নিয়ে অশালীন কথা বললে শুধু অপমানই বাড়ে, তাই থামা উচিত।",warning_of_consequences,abusive_language
532,বেডা মানুষের একটু টেহা পয়সা আর ফেম পাইলেই চোখ যায় অন্য নারীর গু খাইতে!,টাকা বা ফেমের জন্য কাউকে এমনভাবে দোষারোপ করা অনুচিত এবং অশালীন।,moral_appeal,gender_abuse
533,হোগার পোলা বেশি কুল সাজতো,কাউকে ‘হোগার পোলা’ বলে খাটো না করে তার আচরণ নিয়ে কথা বলা উচিত।,discouraging_abuse,abusive_language
534,যত হাওয়ার পোলা দেখবেন মোটিভিশন দেয় সব হাওয়ার পোলার ক্যারেক্টারে সমস্যা আছে। বেশিরভাগ,"মোটিভেশন দিলেই কারও চরিত্র খারাপ হয়ে যায় না, কাজ দেখে বিচার করা উচিত।",fact_based,abusive_language
535,তাও আবার এই ব্রেইনলেস ভুস্কির লগে?,কারও সঙ্গ নিয়ে তাচ্ছিল্য না করে ভদ্রভাবে আপত্তি জানানোই ভালো।,discouraging_abuse,abusive_language
536,শালা আস্ত বাটপার জিম খুলছে সেটাতেও কাহিনীর শেষ নাই ওর জিমের ফিই নাকি ৯৯ হাজার,বাটপার বলার বদলে জিমের বিষয়ে প্রমাণসহ অভিযোগ তুললে তা বেশি বিশ্বাসযোগ্য হবে।,fact_based,abusive_language
537,এই বাটপার এর ভিডিও শেয়ার করতাম,"কারও ভিডিও শেয়ার করার আগে মনে রাখতে হবে, অপমান ছড়ালে ক্ষতি আরও বাড়ে।",warning_of_consequences,abusive_language
538,"সেতো জ্ঞানের ভান্ডার, এখন সব জ্ঞান পুটকিতে গেছে",ব্যঙ্গ করে কথা না বলে নির্দিষ্ট ভুলটা দেখিয়ে দিলে মানুষ বুঝতে পারে।,discouraging_abuse,abusive_language
539,"তাও প্লাস্টিক বোটক্স ফিলার করা কৃত্রিম সুন্দারী মাইয়া ,ঘরে বউ তো আর প্লাস্টিক না তাই হয়তো বউ এর প্রতি ফিলিংস নাই আর কি করবে বেচারা",কারও চেহারা বা সাজসজ্জা নিয়ে অপমান না করে সম্পর্ক নিয়ে নিজের কথা ভদ্রভাবে বলা উচিত।,moral_appeal,gender_abuse
540,এইসব বালমার্কা মোটিভেশনাল স্পিকার গুলাই তলে তলে এমন হয়,সব মোটিভেশনাল স্পিকারকে এক করে দেখা ঠিক নয়; নির্দিষ্ট উদাহরণ দিয়ে সমালোচনা করা ভালো।,fact_based,abusive_language
541,বর্তমান সমাজে এরকম মুখোশধারী লুচুদের সংখ্যাই অত্যন্ত বেশি।,কাউকে লুচু বলে দাগিয়ে না দিয়ে নির্দিষ্ট আচরণ নিয়ে বলাই বেশি ন্যায্য।,moral_appeal,abusive_language
542,"হিন্দু মানে ধর্ষণকারী, মালাউন এর বাচ্চা গু মুত খাওয়া জাতি",কোনো ধর্মকে ধর্ষণ বা ঘৃণার সঙ্গে জুড়ে দেওয়া ভয়ংকর বিদ্বেষ ছড়ায়।,warning_of_consequences,hate_speech
543,"হুম হিন্দুরা, তোর মাকে চুদছিলো তাই না",ধর্মীয় পরিচয় টেনে পরিবারকে অপমান করা খুবই কষ্টদায়ক এবং অশালীন।,empathy,hate_speech
544,কিরে বেজন্মা তোর জন্ম যে পতিতালয়ে সেটার পরিচয় কেন দিতে চাস?,কারও জন্ম বা পরিচয় নিয়ে এমন আক্রমণ মানুষের জন্য গভীর অপমান।,empathy,abusive_language
545,তোর মতো খানকির ছেলেরা এইরকম পোস্ট করতে পারে।,"পোস্ট অপছন্দ হলে সেটি নিয়ে যুক্তি দিন, ব্যক্তিকে গালি দেবেন না।",discouraging_abuse,abusive_language
546,মালাউন এর কোনো ধর্ম কর্ম কোনো কিছু তারা পরোয়ানা করে না তাদের ধর্ম এমন ধর্ষন ধর্ম মানে হিন্দু ধর্ম,একটি ধর্মকে ধর্ষণের সঙ্গে জুড়ে দেওয়া সম্পূর্ণ অন্যায্য এবং বিভেদমূলক।,fact_based,hate_speech
547,তর গায়ে লাগে কেনো? হা দেকেছি তর বোনের সাথে কুত্তার বাচ্ছা,"পরিবারকে টেনে এমন মন্তব্য কষ্টদায়ক, তাই সংযত ও ভদ্র থাকা উচিত।",empathy,abusive_language
548,"আমাদের সিলেটের মীরগঞ্জ থাকিয়াও তর এতো বড় কলিজা, মাদারচোদ ইন্ডিয়ার বিরুদ্ধে কথা বললে তর গায়ে জলে, অপেক্ষা কর তরে খুজে বের করে ইন্ডিয়ায় পাটাচ্ছি, তাও জীবিত না",কাউকে খুঁজে মেরে ফেলার হুমকি দেওয়া খুবই বিপজ্জনক এবং বেআইনি।,warning_of_consequences,threat
549,হিন্দু ধর্ম হল একটা বালের ধর্ম নিজেদের মনগড়া তৈরি করা একটা ধর্ম,কোনো ধর্মকে এভাবে হেয় করা শালীনতা ও সহনশীলতার পরিপন্থী।,moral_appeal,hate_speech
550,হিন্দু ধর্মের ঘটনাগুলো শুনলে খুব বিশ্রী ও অরুচিকর লাগে।,ভিন্ন ধর্মের বর্ণনা দিতে গিয়ে অরুচিকর ভাষা না ব্যবহার করে সম্মানজনকভাবে কথা বলা উচিত।,moral_appeal,hate_speech
551,"ইসকন বাংলাদেশ যেখানে দেখবো ওর পুটকি দিয়ে মরিচ গুঁড়ো দিয়ে রেখে দিমু , ইসকনের মারে চুদি",কোনো সংগঠনের বিরুদ্ধে সহিংসতার কথা বলা বাস্তব ক্ষতি ডেকে আনতে পারে।,warning_of_consequences,threat
552,ববি এই মালটারে চুস করছে। কি বাল ছাল। আর এই মায়া বিবাহিত বেডা ছাড়া কাউরে পায় না?,কারও ব্যক্তিগত সম্পর্ক নিয়ে এমন মন্তব্য না করে কাজের ভিত্তিতে সমালোচনা করা ভালো।,fact_based,abusive_language
553,কী সুন্দর বউ রাইখা গু মার্কা মাইয়ার প্রতি নজর,কারও চেহারা বা আকর্ষণ নিয়ে এমন মন্তব্য করা অপমানজনক।,moral_appeal,gender_abuse
554,বাইট্টা ভুসকি রেই পছন্দ হইলো ওর?,"অপছন্দ হলে তা ভদ্রভাবে বলা যায়, ব্যক্তিগত আক্রমণ না করেও সম্ভব।",discouraging_abuse,abusive_language
555,"আসলে কথা হইলো যুগেরে এখন পুটকি মারছে, না হয় সব বেডা রে কি লুইচ্চা কমিটির সভাপতি হয়তে বলছে","এভাবে মানুষকে নিয়ে ঠাট্টা না করে, নির্দিষ্ট আচরণ নিয়ে সমালোচনা করাই ভালো।",discouraging_abuse,abusive_language
556,হুগায় কারেন্ট বেশি এই সব মাইয়াদের জন্য আজ অনেক ভালো মেয়েদের লাইফ শেষ,মেয়েদের দোষারোপ না করে আচরণগত সমস্যা হলে সেটি আলাদা করে বলা উচিত।,empathy,gender_abuse
557,এই ভাদ্র মাসের কুত্তাগুলারে বিয়া দেয়না ক্যারে বাপ মায়।এগুলার নুনু শিকর থেকে কাটিং করে রাস্তায় রাস্তায় ঝুলায় রাখা উচিত,বিয়ে না দেওয়ার কারণে গালাগালি বা শাস্তির কথা বলা খুবই অমানবিক।,warning_of_consequences,threat
558,বস্তির পোলাপান নিয়ে বিশ্ববিদ্যালয়ে আরো রাজনীতি করো।,কাউকে বস্তির বলে ছোট না করে বিশ্ববিদ্যালয়ের রাজনীতি নিয়ে নির্দিষ্ট সমালোচনা করা উচিত।,moral_appeal,abusive_language
559,এই সমস্ত বাইঞ্চোদগো লাইগা আমরাও যাইতে পারিনা,গালাগালি না করে সমস্যাটা স্পষ্টভাবে বললে মানুষ সহজে বুঝতে পারে।,discouraging_abuse,abusive_language
560,"এটা তো ভালো কথা, ইসকনের সদস্য তোদের কাজ হয়ে গেলে ওর ফাটায় গুড়া মরিচ দিয়ে ছেড়ে দিস চোদা খাওয়ার জন্য ওর কপালে মুসলিম ছেলে জোটে নাই","কারও বিরুদ্ধে এমন অমানবিক আচরণের কথা বলা ভয়ংকর, তাই শান্তভাবে কথা বলা জরুরি।",warning_of_consequences,threat
561,হালালা কি? পারলে একটা রেফারেন্স দিন। আমিও আপনার চোদাতন ধর্মের নিয়োগ প্রথা আর নষ্টামির রেফারেন্স দিচ্ছি।,"কোনো বিষয় বোঝার জন্য রেফারেন্স চাইলে অপমান নয়, তথ্যভিত্তিক আলোচনা করাই ভালো।",fact_based,abusive_language
562,"খানকির পোলা তুইতো বল্লি হালালার কথা তাইলে তোর মায়রে আর বোন রে দিয়েদিস ঐ পথে তাদের নাইজেরিয়ানদের মতো আছে ঠিক জাইগাই ভরে দিবে মুখদিয়ে বের হবে,",পারিবারিক হুমকি ও অশালীন ভাষা ব্যবহার করলে পরিস্থিতি আরও খারাপ হয়।,warning_of_consequences,threat
563,ঠিকই আছে যায় কিসের জন্য ইস্কনের কাছে। এই বেয়াদব গুলোর কি মুসলিম ছেলে ভালো লাগেনা।,কোনো সংগঠনের সদস্যদের পছন্দ-অপছন্দ নিয়ে ব্যঙ্গ না করে ভদ্রভাবে প্রশ্ন করা উচিত।,fact_based,abusive_language
564,"মাগী টার, আকাডা পচন্দ, তাই,সমাজের নষ্টা কীট এরা",মেয়েদের নিয়ে এমন অপমানজনক ভাষা সামাজিক বিদ্বেষ বাড়ায়।,moral_appeal,gender_abuse
565,কিছু করার নাই ওদের চোদা খাওয়ার ইচ্ছা এইজন্য তারা চোদৃ খাওয়ার জন্য এগুলো করতেছে ওরা তো মুসলিম ওরা কি জানে না যে অন্য ধর্মের ছেলেদের সাথে মেলামেশা করা ঠিক না বন্ধু বানানো ঠিক না,কারও ব্যক্তিগত জীবন নিয়ে কটু মন্তব্য না করে বিষয়টা ভদ্রভাবে দেখা উচিত।,fact_based,abusive_language
566,তর মা আমি চুদবো ল্যাংটা করে রাস্তায় ছেড়ে দিব আমি খুশি হবো,"মায়ের বিরুদ্ধে এমন হুমকি ভয়ংকর, তাই তা বলাও উচিত নয়।",warning_of_consequences,threat
567,সে নিজেই তার মার সাথে সহবাস করে।মানুষ খুললেও এই গো মূত্র খাওয়া লেংটিদের কিছু জায় আসেনা।হিন্দু মুক্ত বাংলাদেশ গড়তে হবে আমাদের।,ধর্মীয় গোষ্ঠীকে ঘৃণার সঙ্গে জড়িয়ে দেখা অমানবিক এবং খুবই বিপজ্জনক।,warning_of_consequences,hate_speech
568,চারাল মা চুদি খানকি মাগি পোলা  বাংলাদেশ হিন্দু আছে পূজো সময় শাড়ী খুলবো,ধর্মীয় উৎসবকে অপমান করা ও নারীদের গালি দেওয়া দুটোই অন্যায়।,moral_appeal,hate_speech
569,"এ কোন বদমাইশ, শুয়োরের বাচ্চা মালাউন","কাউকে শুয়োরের বাচ্চা বলা সমস্যার সমাধান নয়, শুধু ঘৃণা বাড়ায়।",warning_of_consequences,hate_speech
570,এখানে খুশির কি হলোরে শুয়োরের বাচ্চা।,অন্যকে অপমান না করে খুশি বা অভিযোগ ভদ্রভাবে প্রকাশ করা উচিত।,discouraging_abuse,abusive_language
571,এটাই সনাতন ধর্মের প্রকৃত শিক্ষা। কেউ পোশাক চুরি করে আর কেউ টেনে ছিড়ে ফেলে দেয় । মাদারচোদ ধর্ম কুত্তার বাচ্চার ধর্ম,একটি ধর্মকে এভাবে গালি দেওয়া সহনশীলতার পরিপন্থী।,moral_appeal,hate_speech
572,আ কাটার বাচ্চা জানোয়ারের বাচ্চা তোর মার কাপড় মনে তুই নিজেই খুলস,কারও পোশাক বা পরিবারের কথা টেনে অপমান করা খুবই কষ্টদায়ক।,empathy,abusive_language
573,তোর মা কে চুদলে তুই খুশি হবি জারজ সন্তান,পরিবারকে জড়িয়ে এমন অশালীন কথা বলা খুবই আঘাতজনক।,empathy,abusive_language
574,তুই হইলি খনিকের ম্যাগির ছেলে তুই তো খুশি হবিই।,কারও পরিবার নিয়ে এমন কটূক্তি না করে নিজের কথা পরিষ্কারভাবে বলা উচিত।,discouraging_abuse,abusive_language
575,শুয়োরের বাচ্চা নাম গুলো দেখেছিস কারা করেছে ? তোদের মত জিহাদীর বাচ্চারা নাম গুলো দেখেনিস,"কোনো গোষ্ঠীকে জিহাদীর বাচ্চা বলা উত্তেজনা বাড়ায়, তাই তথ্য দিয়ে কথা বলা ভালো।",fact_based,hate_speech
576,মালাউন সন্ত্রাসী বলে কি দেখুন কুত্তার বাচ্চা।,"ধর্মীয় গোষ্ঠীকে সন্ত্রাসী বলা বিদ্বেষ ছড়ায়, তাই এমন ভাষা ব্যবহার করা উচিত নয়।",moral_appeal,hate_speech
577,এখন উচিত হলো ওই যুবক কে উলঙ্গ করে পিটানো,"কাউকে উলঙ্গ করে পেটানোর কথা বলা ভয়ংকর সহিংসতা, তাই তা থেকে সরে আসা উচিত।",warning_of_consequences,threat
578,কেন ভয় লাগে রাম রাজ্য দেখে। নিজের অপরাধ করলে এটাকে ভুয়া লাগে শালা গান্ডুর দল,অন্যকে ভয় দেখানো বা অপমান করার বদলে অভিযোগ থাকলে প্রমাণ দেখানো উচিত।,fact_based,abusive_language
579,"মূর্খ শরীরে লেখা থাকে না, আচার-ব্যবহারে বুঝা যায়। আপনার ধর্ম এই সব শিখায়? অন্যদের অসম্মান করা?","কারও ধর্ম নিয়ে প্রশ্ন তুলতে হলে অপমান নয়, শালীন ও যুক্তিভিত্তিকভাবে বলা উচিত।",moral_appeal,hate_speech
580,এই মালুর বাচ্চা মালু। এইটা তো তোদের মতো গরুর মুত খাওয়া অমানুষদের কাজ।,"কোনো গোষ্ঠীকে পশুর সঙ্গে তুলনা করা ঘৃণা ছড়ায়, তাই এভাবে কথা বলা বন্ধ করা দরকার।",empathy,hate_speech
581,তোর মনে হয় জন্মের সমস্যা আছে তোর আম্মুরে জিগাস,কারও জন্ম বা মাকে নিয়ে এমন কটাক্ষ করা খুবই অপমানজনক।,empathy,abusive_language
582,তুই মাদারচোদ আমার সামনে আসিস,"সামনে আসলে কী হবে বলে ভয় দেখানো ঝুঁকিপূর্ণ, তাই শান্তভাবে কথা বলা উচিত।",warning_of_consequences,threat
583,"তোরা যদি এমন বেশ্যার মত আচরণ করোস, তাইলে তোদের সাথেই বা কেন মানুষের মত আচরণ করবে?",আচরণ নিয়ে প্রশ্ন থাকলেও কাউকে ‘বেশ্যা’ বলে ছোট করা ঠিক নয়।,moral_appeal,gender_abuse
584,ভারতের মানুষ পশুর থেকেও বেশি খারাপ। তারা জানে না মানুষ হয়ে আরেকটা মানুষের সাথে কি রকম ব্যাবহার করতে হয়। ওদের মন মানসিক একদম পশুর মতো,"একটি দেশের সব মানুষকে পশুর সঙ্গে তুলনা করা ঠিক নয়, কারণ প্রতিটি মানুষ আলাদা।",moral_appeal,hate_speech
585,শুয়ারের বাচ্চা তুর ঘরে মা বোন নেই এই বিচার আল্লাহ এক দিন করবে,"পরিবারকে টেনে গালি দিলে শুধু ঘৃণা বাড়ে, তাই এমন কথা না বলাই ভালো।",warning_of_consequences,abusive_language
586,পৃথিবীর মধ্যে একটা নিকৃষ্ট নিচু জাতির দেশ হলো ভারত।,"কোনো দেশ বা জাতিকে এক কথায় নিকৃষ্ট বলা ন্যায্য নয়, কারণ বাস্তবতা অনেক বেশি জটিল।",fact_based,hate_speech
587,"বেয়াদব, উগ্রবাদী, হিংসাবাদি,সন্ত্রাস, ধর্ষক, অত্যাচার, এমন কোনো জঘন্য কাজ নেয় যা মুদীর দল করছেনা।",কোনো রাজনৈতিক দলকে এভাবে একেবারে দোষী বানানো সমালোচনার বদলে বিদ্বেষ বাড়ায়।,fact_based,hate_speech
588,দুই জঙ্গি ধর্মান্ধরা নারী শিশু বিদ্বেষীরা পৃথিবী শেষ করছে,কোনো ধর্ম বা মতের সবাইকে নারী ও শিশু বিদ্বেষী বলা ঠিক নয়; নির্দিষ্ট অপরাধের কথা বলাই ভালো।,moral_appeal,hate_speech
589,ভারতের বিজেপি গোষ্ঠীর একটা ও বাপের নাম নাই সবটি নাজায়েজ বাপের নাজার সন্তান।সব কয়টা বেশ্যাদের পেট থেকে বের হইছে। বিজেপিরা নিজেই বলতে পারবে না ওদের বাপ কয়টা,রাজনৈতিক বিরোধ থাকলেও পরিবার বা জন্মপরিচয় টেনে অপমান করা খুবই নিচু মানের আচরণ।,discouraging_abuse,abusive_language
590,ঘরে গিয়ে তোর জোয়ানকে দর সেটা আরো বেশি মজা পাবি জানোয়ারের বাচ্চা,"এভাবে হুমকি দেওয়া খুবই বিপজ্জনক, তাই এখনই থেমে যাওয়া উচিত।",warning_of_consequences,threat
591,এ গুলো গো মূত্র সেবনের ফল । পত্র পত্রিকায় দেখা যায় অসভ্য জাতির তালিকায় ভারতের নাম এগিয়ে আছে।,"একটি আচরণ দেখে পুরো জাতিকে অসভ্য বলা তথ্যভিত্তিক নয়, তাই সাধারণীকরণ এড়ানো উচিত।",fact_based,hate_speech
592,হায়রে বিএনপি কুলাঙ্গারের বাচ্চারা।,"কোনো রাজনৈতিক পক্ষকে গালি দিলে আলোচনার মান নষ্ট হয়, তাই ভদ্রভাবে সমালোচনা করা উচিত।",discouraging_abuse,abusive_language
593,এই সমস্ত ভিডিও যারা কারে তারা নিশ্চয়ই কুলাঙ্গার ওই অত্যাচারীর দোসর। নইলে লম্পটার মুখমন্ডল না দেখিয়ে নির্যাতিতা রমনীর মুখমন্ডল ভিডিও করতো না।,"ভুক্তভোগীর গোপনীয়তা রক্ষা না করে ভিডিও করা অনৈতিক, তাই এমন কাজ বন্ধ করা দরকার।",moral_appeal,abusive_language
594,এইটা আওয়ামিলীগের শুওরদের কাজ,"কারও বিরুদ্ধে অভিযোগ থাকলে প্রমাণ দিয়ে কথা বলা উচিত, গালি দিয়ে নয়।",fact_based,abusive_language
595,কিন্তু যে কাপড় ছিরছে সেও তো মেয়ে পোস্ট কারী জারজ,কারও পরিচয় বা লিঙ্গ নিয়ে কটূক্তি না করে কাজটি নিয়ে কথা বলা উচিত।,empathy,gender_abuse
596,কিরে খানকির পোলা পুরো ভিডিও দিশনা কেন এটা দিয়ে কি বুঝবে মানুষ।,অশালীন ভাষা না ব্যবহার করে ভিডিওর বিষয়ে পরিষ্কারভাবে কথা বলা ভালো।,discouraging_abuse,abusive_language
597,"মাগির পোলারা খারাপ হয়ে গেছে, ১৬ বছর এরা গুপ্ত ছিল। এখন প্রকাশ্যে এসেছে। এত ধর্ষক বেড়েছে বাংলাদেশে?",কিছু মানুষের আচরণের জন্য পুরো প্রজন্মকে দোষ দেওয়া ঠিক নয়।,fact_based,abusive_language
598,আহ বাংলাদেশের মানুষ জানোয়ারের চাইতে ও নিকৃষ্ট,একটি দেশের মানুষকে পশুর চেয়েও নিকৃষ্ট বলা অমানবিক এবং ভুল।,moral_appeal,hate_speech
599,এটাই হলো মাদারচোদেগো বাংলাদেশ,দেশ নিয়ে হতাশা থাকলে তা গালাগালি ছাড়া প্রকাশ করা উচিত।,discouraging_abuse,abusive_language
600,লুইচ্চা বোকাচোদা ছেলে ক্যান অমন করলো,"কাউকে লুচ্চা বা বোকা বলা সমস্যার সমাধান করে না, বরং বিদ্বেষ বাড়ায়।",discouraging_abuse,abusive_language
601,অধিকাংশ ভার্সিটির মেয়েদের যা-তা অবস্থা,একটি বড় গোষ্ঠীর মেয়েদের নিয়ে এমন মন্তব্য করা অন্যায্য ও অবমাননাকর।,empathy,gender_abuse
602,এই দেশের কিছু সংখ্যক আবাল পাব্লিক আছে কি পরিমাণ যে জা.বি নিয়ে অবসেসড! ভাই রে ভাই!,কোনো একটি বিশ্ববিদ্যালয় নিয়ে অতিরিক্ত ব্যঙ্গ না করে নির্দিষ্ট সমস্যা বলা উচিত।,fact_based,abusive_language
603,যৌন কর্মির ছেলে পোস্ট করেছেন কেউ সিরিয়াস ভাবে নিয়েন না।,কারও পরিবার বা পেশা টেনে কথা বললে মূল বিষয়টাই হারিয়ে যায়।,fact_based,abusive_language
604,সোর্স টা পোস্ট কারির মার পুটকি দিয়ে বের হল,"সূত্র নিয়ে সন্দেহ থাকলে সেটি শালীনভাবে জানানো উচিত, গালি দিয়ে নয়।",discouraging_abuse,abusive_language
605,ভাই চোদেন ওরে আমরা দেখি,এভাবে উসকানিমূলক কথা বললে পরিস্থিতি আরও খারাপ হতে পারে।,warning_of_consequences,threat
606,আমি শিওর এইগুলা বস্তির ছেড়া ছেড়ি। কোন পিনিক লইছে। ছেড়া ছেড়ি এক সাথেই।,"কারও অবস্থান বা পরিচয় নিয়ে এমন ব্যঙ্গ করা ঠিক নয়, ভদ্রভাবে কথা বলা উচিত।",moral_appeal,abusive_language
607,ভাই একটা মেয়েকে এরকম প্রশ্ন কেমনে করে? বোকাচোদা সাংবাদিক,সাংবাদিকের প্রশ্ন অপছন্দ হলে গালি না দিয়ে নির্দিষ্টভাবে সমালোচনা করা উচিত।,discouraging_abuse,abusive_language
608,এই গাধা ধর্ম কানাদের দেবতারা লুকানোর জন্য কি শুধু মসজিদই পাইছিলো,"ধর্মীয় স্থান নিয়ে ব্যঙ্গ করা অপমানজনক, তাই এমন ভাষা ব্যবহার করা উচিত নয়।",moral_appeal,hate_speech
609,কুত্তার বাচ্চারা আবার সম্পতি চোদায়,কোনো বিষয়ের সমালোচনা করতে হলে গালি না দিয়ে নির্দিষ্ট প্রসঙ্গ ধরে কথা বলা ভালো।,fact_based,abusive_language
610,"আর তোমরা মাদ্রাসায় তোমাগো মা বোন পুত দিয়ে যে ব্যবসা করো ওটা তো আর বলার অপেক্ষা রাখে না, তোমাদের বাপ কয়টা তোমরা নিজেদের জানা নেই",এভাবে পরিবার ও শিক্ষাপ্রতিষ্ঠানকে টেনে অপমান করা খুবই অশালীন।,warning_of_consequences,abusive_language
611,"খানকির পোলা, মাদ্রাসায় মা-বোন পুত্র দিয়ে ব্যবসা হয় এটা তোকে বলছে? শালা, ইসলাম বিদ্বেষী কোথাকার। তোর বাপের সংখ্যা তোর নিজের জানা আছে নাকি?",ধর্ম নিয়ে সমালোচনা করতে হলে গালি না দিয়ে প্রমাণসহ কথা বলা উচিত।,fact_based,hate_speech
612,সবাইকে কি তোর মত জারজ মনে হয়? তোর মা তো মনে হয় ৪৬ জন বা তারও বেশি পুরুষের চোদা খেয়ে তোকে জন্ম দিয়েছে। শালা মুনাফেক,"কারও মাকে টেনে এমন কথা বলা গভীর অপমান, তাই এড়িয়ে চলা উচিত।",empathy,abusive_language
613,"তার জন্য অবশেষে হিন্দুদের দালালি করা লাগে তোর, আবার আরেকজনের বাপের সংখ্যা নিয়ে প্রশ্ন তুলিস, বেশ্যার পোলা কোথাকার",ধর্মীয় পরিচয় আর পরিবার একসাথে টেনে গালি দিলে আলোচনার সব মান নষ্ট হয়ে যায়।,discouraging_abuse,abusive_language
614,"বেশ্যার ছেলে বলে কি, আগে বানান ঠিক কর অশিক্ষিত কোথাকার","ভুল বানান দেখিয়ে দিলে অপমান না করে শেখানো যায়, সেটাই বেশি কার্যকর।",fact_based,abusive_language
615,জানোয়ারের বাচ্চা তোর মাকে নিয়ে ব্যবসা করা হয়েছে নাকি মাদ্রাসাতে? অবশ্য তোর মা হচ্ছে একজন সফল ব্যবসায়ী যে একাধিক পুরুষের সংস্পর্শে তোর মত একটা কুলাঙ্গার জন্ম দিয়েছে,"এভাবে মাকে জড়িয়ে অপমান করা খুবই আঘাতমূলক, তাই কথাটা বন্ধ করা উচিত।",empathy,abusive_language
616,"আমার বাবা একজনই, তোর মত হাজার হাজার বাপ নেই আমার, হাজারটা বাপের মধ্যে একটাও হচ্ছে নরেন্দ্র মোদী আরেকটা হচ্ছে নেতানিয়াহু",কারও পরিবার নিয়ে ব্যঙ্গ না করে নিজের বক্তব্য শান্তভাবে বলা ভালো।,discouraging_abuse,abusive_language
617,"একদম ঠিক বলেছিস বোকাচোদা! মাদ্রাসায় মা বোনদের নিয়ে ব্যবসা করা হয়, যেমন একসময় তোর মাকে নিয়ে ব্যবসা করা হতো যার ফলে তার জন্ম হয়েছে","এটি একটি ভয়ংকর অপমান, তাই পরিবারকে জড়িয়ে এমন কথা বলা উচিত নয়।",warning_of_consequences,abusive_language
618,"ওরে খানকির পোলা, মাদ্রাসায় মা বোনদের নিয়ে ব্যবসা করা হয় মানে? তোর মাকে নিয়ে ব্যবসা করছিলি নাকি?",কারও মাকে টেনে এভাবে আক্রমণ করা খুবই অশালীন এবং ক্ষতিকর।,warning_of_consequences,abusive_language
619,"তোর মা তো একজন সফল দেহ ব্যবসায়ী, যে চৌরাস্তার মোড়ে প্রত্যেকদিন রাতে পর পুরুষদের নিজের দেহ বিলিয়ে দিয়ে, তোর মত একটা কুলাঙ্গার জন্ম দিয়েছে","কারও মাকে নিয়ে এমন বাজে মন্তব্য করা মানসিক আঘাত দেয়, তাই এড়িয়ে চলা দরকার।",empathy,gender_abuse
620,"তোর আসল বাপ কে সেটা তো তুই নিজেই জানিস কিনা সন্দেহ আছে, শুয়োরের বাচ্চা, তোর মাকে জিজ্ঞেস করে দেখ শর্ট কতো? আমি লাগাতে চাই।",পরিবারকে টেনে এমন অশালীন প্রশ্ন করা কখনোই ঠিক নয়।,moral_appeal,abusive_language
621,"এই বাইনচোদ তোর বানান আগে ঠিক কর, তারপর তর্ক করতে আয় নরেন্দ্র মোদির বীজ কোথাকার",বানান ভুল ধরতে হলে অপমান না করে ভদ্রভাবে দেখানো উচিত।,discouraging_abuse,abusive_language
622,শুভেন্দু কি তোর আব্বা লাগে নাকি? অবশ্য তোর মা তো বাংলাদেশী মাগি ইন্ডিয়াতে গিয়ে শুভেন্দুর চোদা কবে খেলো?,রাজনৈতিক ব্যঙ্গের সাথে পরিবার ও নারীদের টেনে অপমান করা খুবই নিচু মানের কথা।,warning_of_consequences,abusive_language
623,"কি বললি মাদ্রাসায় মা বোনদের ভাড়া দেওয়া হয়? তোর মা কে তো যাত্রাবাড়ী চৌরাস্তায় ভাড়া দেওয়া হয়, বেশ্যার পোলা, মাদ্রাসা নিয়ে উল্টাপাল্টা মন্তব্য করলে তোর জিভ টেনে ছিড়ে ফেলবো, নটির ছেলে কোথাকার","এভাবে হুমকি ও পারিবারিক অপমান করা গুরুতর, তাই এখনই থামা উচিত।",warning_of_consequences,threat
624,"হেডম থাকলে আয় ভারতের তুই তোর মা তোর গোষ্টীও ধ্বংস করে দিব, তোরে শালা ডাকতে ঘৃণা হয় কারণ তুই তো রাস্তায় জন্ম নেওয়া পতিতা মায়ের সন্তান, তুই তো বেশ সার্কিট পতঙ্গ",কারও পরিবার বা জন্ম নিয়ে আক্রমণ করলে নিজের কথাই দুর্বল হয়ে যায়।,discouraging_abuse,abusive_language
625,যাত্রাবাড়ী বাসিন্দা মাগি তোর মা যেখান থেকে তোর মত পতিতার ছেলে উঠে আসে,"এ ধরনের পারিবারিক অপমান খুবই কষ্টদায়ক, তাই শালীন ভাষা ব্যবহার করা উচিত।",empathy,abusive_language
626,তারপর আর কি হিন্দুরা তাদের মাকে পাছা দিয়ে ঢুকিয়ে বাঁশ দে। তো সেই সব হিন্দুদের থেকে ভালো কিছু আসা সম্ভব?,"কোনো ধর্মের মানুষকে এভাবে অপমান করা ঘৃণা ছড়ায়, সমালোচনা হলে ভদ্রভাবে করতে হয়।",moral_appeal,hate_speech
627,কেন বাংলাদেশকে আপনার দ্বিতীয় বাপের? তারা বোকাচোদা আপনিও কি তাই হবেন,দেশ নিয়ে প্রশ্ন থাকলে তা অপমান ছাড়া বলাই বেশি যুক্তিসঙ্গত।,fact_based,abusive_language
628,খানকির ছেলে তোর আব্বুর বিচি শুয়োরের বাচ্চা,পরিবার ও জন্মপরিচয় নিয়ে এমন কথা বলা খুবই অশালীন।,empathy,abusive_language
629,"নিজেদের বেলায় ১৬ আনা? লেংটা জাত, নিজেদের মা বোনদেরও বলে মাথায় ওড়না দিতে দিবে না, ল্যাংটা জাত কোথাকার, মা বোনও বুঝে না।",নারী ও পরিবারকে নিয়ে এভাবে অপমান করা মানসম্মত নয়।,moral_appeal,gender_abuse
630,কলেজ কি তাহলে তোর মার কলেজ নাকি খানকির পোলা। তোর মারে চুদি,শিক্ষাপ্রতিষ্ঠান বা মাকে টেনে গালি দিলে কথার কোনো মূল্য থাকে না।,discouraging_abuse,abusive_language
631,এদেশে বইসা ভারতের দালালি করলে শাউয়া ফাটায় দিমু,"হুমকি দিয়ে দেশপ্রেম দেখানো যায় না, বরং তা ভয় সৃষ্টি করে।",warning_of_consequences,threat
632,ভাই আপনি তো মূর্খের থেকেও খারাপ দেখতেছি,কাউকে মূর্খ বলার বদলে ভুলটা ভদ্রভাবে ধরিয়ে দিলে ভালো হয়।,discouraging_abuse,abusive_language
633,হা বোকাচোদা কি করবি সামনে এসে বলিস তো। বোকাচোদা ওই দেশে সংখ্যা কম তো তাই ঐরকম করতে পারে এখানে এসে করলে দেখতে পারবে,সংখ্যা বা দেশ নিয়ে বিদ্বেষপূর্ণ কথা না বলে শান্তভাবে মত জানানো উচিত।,warning_of_consequences,abusive_language
634,কেন ভাই? বাংলাদেশ কি তোর মারে চুদছে,"এমন অপমানজনক প্রশ্ন আলোচনা বন্ধ করে দেয়, তাই ভদ্রভাবে জিজ্ঞেস করা ভালো।",discouraging_abuse,abusive_language
635,"বাংলাদেশে মুসলমানরা কি তোর মা বোনকে চুদছে? নাকি তোর মাকে তিনবেলা নিয়ম করে হুজুররা ধর্ষণ করছে কোনটা? তোরা হচ্ছিস পৃথিবীর নিকৃষ্ট জাতি, ভারতীয়দের নিকৃষ্ট জাতি হিসেবেই চেনে।","ধর্মীয় গোষ্ঠীকে ধর্ষণ ও নিকৃষ্টতার সাথে জড়ানো ভয়ংকর বিদ্বেষ, এটা বন্ধ করা দরকার।",warning_of_consequences,hate_speech
636,"জন্মটা ঠিকঠাক ভাবে হয়েছে নাকি, নাকি কোন রাস্তায়, বস্তিতে অবশ্য তাদের আর কি গোবর খাওয়া মাথায় কি আর থাকবে",জন্ম বা বসবাসের জায়গা নিয়ে কটূক্তি করা অমানবিক এবং অযৌক্তিক।,empathy,abusive_language
637,মাদারচোদ উড়না মাথায় দিলে সমস্যা কি হ্যাঁ,পোশাক নিয়ে তাচ্ছিল্য না করে মানুষের পছন্দকে সম্মান করা উচিত।,moral_appeal,gender_abuse
638,ওয় কি চোদনা? স্মার্টবোর্ড পাইলেই মাস্টার সবাই।,কারও দক্ষতা নিয়ে ব্যঙ্গ না করে নির্দিষ্ট বিষয় ধরে আলোচনা করা ভালো।,fact_based,abusive_language
639,বুঝলাম না! রসায়নে ওনারে চোদতেছে? নাকি উনি রসায়নরে চোদতেছে,শিক্ষা নিয়ে রসিকতা করতে গিয়ে অশালীন হওয়া উচিত নয়।,discouraging_abuse,abusive_language
640,অশ্লীল পোশাকে মুসলমানরাই এগিয়ে। আপনি ঢাকাই চলচ্চিত্রের কিছু মাগিদের ফলো করলেই দেখতে পাবেন। আর একটা কথা ঘুমটার আড়ালে যে কতশত কুকীর্তি চলে সেটা তো আপনি ভালোই জানেন।,কোনো ধর্মের মানুষকে পোশাক বা আচরণের ভিত্তিতে একসাথে দোষী করা ঠিক নয়।,fact_based,hate_speech
641,খানকিমাগী তোর ঝাকানাকা মার্কা দুধ দুটো খেতে পার্সেল করে অসহায় বাচ্চাদের পাঠিয়ে দে। ওরা বাচুক,কারও শরীর নিয়ে এমন অশালীন কথা বলা খুবই অপমানজনক।,empathy,gender_abuse
642,তোরা লেংটা জাতি তোরা কি ইজ্জতের মর্যাদা বুঝবি। তোদের সবগুলো লেংটা মূর্তি,কাউকে লেংটা জাত বলা বা অপমান করা কোনো সম্মানজনক আলোচনা নয়।,moral_appeal,abusive_language
643,তোরে উল্টো করে ঝুলিয়ে লেংটা করে বারবিকিউ করা হবে। তুই ওয়েট কর।,"এই ধরনের হুমকি খুবই বিপজ্জনক, তাই এখনই থামা উচিত।",warning_of_consequences,threat
644,"তোর তোদের ফ্যামিলির সবাইকে নিয়ে লেংটা হয়ে যা, মান্দারির পোলা","পরিবারকে টেনে অপমান করলে শুধু বিদ্বেষই বাড়ে, সমাধান আসে না।",discouraging_abuse,abusive_language
645,"তোর মাকে নিয়ে আসিস ঢুকিয়ে পাঠিয়ে দেবো, যেখান থেকে বের হইছিলি সেখানে সেটিয়ে দেবো",মাকে টেনে এমন কথা বলা অত্যন্ত আঘাতমূলক এবং অশালীন।,warning_of_consequences,threat
646,মাগির ব্যাটা তোর এত অসভ্য একটা জাতি তাই তোদের কাছে এর চেয়ে বেশি কি আশা করা যায়,"একটি জাতিকে অসভ্য বলা পক্ষপাতদুষ্ট, তাই এমন সাধারণীকরণ বন্ধ করা দরকার।",fact_based,hate_speech
647,"তোর বোন সহ তোরেও ভইরা দেবে তারা দেখিস, বাইনচোদ","বোনকে জড়িয়ে হুমকি দেওয়া খুবই গুরুতর, তাই এভাবে কথা বলা উচিত নয়।",warning_of_consequences,threat
648,ল্যাংটা করে তোরে চার রাস্তার মোরে ঘোরানো উচিত। শুয়োরের বাচ্চা,মানুষকে অপমান বা প্রকাশ্যে লজ্জা দেওয়ার কথা বলা খুবই অমানবিক।,moral_appeal,abusive_language
649,তুই নাকি বাংলাদেশের মাদারচোদ। তোরে আগে গরু সার দিয়ে মিলন করাতে হবে তবেই তোর বিবেক খুলবে,"এভাবে হেয় করলে সমস্যা মিটে না, বরং আলোচনা আরও বিষাক্ত হয়।",discouraging_abuse,abusive_language
650,আপনার মত মাদারচোদ আর দুইটা নাই,ব্যক্তিগত অপমান না করে যুক্তি দিয়ে কথা বললে আপনার বক্তব্য শক্তিশালী হয়।,discouraging_abuse,abusive_language
651,"এদের রুচি কেমন? হিন্দুদের দেখলে তো বমি আসে। এইসব নর্তকীদের আঁকাটা পাঠা দরকার, এদের আগুনের জ্বলিয়ে মারা উচিত",একটি ধর্মের মানুষকে ঘৃণার চোখে দেখা এবং আগুনে মারার কথা বলা ভয়ংকর।,warning_of_consequences,hate_speech
652,"আমার কথা হলো হিন্দু ছেলেদের সাথে বেশ্যাপনা করে যদি ঠিক আছে, কিন্তু বোরকা পরে মুসলিম ও মুসলমানদের ছোট করছ কেন, নাকি বেশ্যাপনা আড়াল করার জন্য বোরখাকে ডাল হিসেবে ব্যবহার করছো",কারও পোশাক বা ধর্মকে অপমান না করে নীতিগত প্রশ্ন করলে তা বেশি গ্রহণযোগ্য হয়।,moral_appeal,hate_speech
653,"ও একটা মাগি, ওরে আগেও অনেক ছেলে ধরে খাইছে",কারও ব্যক্তিগত জীবন নিয়ে এভাবে কথা বলা খুবই কষ্টদায়ক।,empathy,gender_abuse
654,মেয়ের ফ্যামিলিকে জানান না হলেই দাসীর বাচ্চা দাস ওকে নিয়ে পালিয়ে হিন্দু বানিয়ে ফেলবে। বুঝিনা এই নিচু জাতের দাসীর বাচ্চা দাস গুলোর কাছে ওদের ধর্মের এ কোন মেয়ে বিয়ে দিতে চায় না?,"ধর্ম বা পরিবার টেনে এভাবে অপমান করা অন্যায়, সম্মান বজায় রাখা উচিত।",moral_appeal,hate_speech
655,এখন শোন তুই আমারে ১০ হাজার বলছোস না? তোর মারে একরাত পাঠায় দিস ১ লাখ দিব বাইনচোদ। চোদুগিরি অফ কর,"টাকা আর পরিবারের কথা টেনে হুমকি দেওয়া খুবই ক্ষতিকর, এটা বন্ধ করা দরকার।",warning_of_consequences,threat
656,নাটকির পুত এর আইডি লিংক শেয়ার করেন রিপোর্ট করি,অবমাননা না করে প্রমাণসহ রিপোর্ট করাই দায়িত্বশীল আচরণ।,fact_based,abusive_language
657,এই কুলাঙ্গারের পরিচয় নিশ্চিত করে হাত পা পারেন না? সে সাহস কোথা থেকে পায়,অন্যের পরিচয় জেনে আক্রমণ করার কথা বলা সহিংসতা বাড়াতে পারে।,warning_of_consequences,threat
658,"হিন্দু মানে উগ্রবাদী, যৌন কার্যক্রমকারি, ধর্ষণকারী ও ইন্ডিয়া পাচারকারী",একটি ধর্মীয় পরিচয়কে অপরাধের সাথে জুড়ে দেওয়া ঘৃণা ছড়ায় এবং ভুল।,fact_based,hate_speech
659,শুয়োরের বাচ্চারে কৌশলে ডেকে এনে এরপর হালাল করা যাইতো,কাউকে ফাঁদে ফেলে ক্ষতি করার কথা বলা খুবই বিপজ্জনক।,warning_of_consequences,threat
660,আস্তে চুদলেন কেন? এসব মাদারচোদের  ডেকে এনে ধরে জবাই করে দেওয়া উচিত,"জবাই করার মতো সহিংসতা ডাকা অপরাধের দিকে ঠেলে দেয়, তাই তা বন্ধ করা দরকার।",warning_of_consequences,threat
661,সবগুলা মেয়ের চেহারা আর বাহ্যিক ভাবে দেখেই বুঝা যাচ্ছে সব কয়টা নষ্ট মেয়ে।,চেহারা দেখে মেয়েদের চরিত্র নির্ধারণ করা অন্যায় এবং অবমাননাকর।,moral_appeal,gender_abuse
662,"এসব নষ্ট বেস্যা মেয়ে বিধর্মী দের কাছে গিয়ে মারা খেয়ে জাহান্নামে যাক, তাতে আমার/আমাদের কিছুই যায় আসেনা।",নারী ও ধর্ম নিয়ে এমন অভিশাপ দেওয়া খুবই অমানবিক এবং ক্ষতিকর।,warning_of_consequences,hate_speech
663,এরা কখনো মুসলিম হতে পারে না। এরা হচ্ছে বেশ্যা মাগি।,ধর্মীয় পরিচয় মাপার আগে কাউকে গালি দেওয়া উচিত নয়।,moral_appeal,gender_abuse
664,মুসলিম বেশধারী পতিতা নাস্তিকদের কিছুই বলার নাই,কারও বিশ্বাস বা পরিচয় নিয়ে এমন তাচ্ছিল্য ভদ্রতার বাইরে পড়ে।,discouraging_abuse,hate_speech
665,মাগিদের এত আকাটা ভালো লাগে কেন? ওদের জন্য পুরা মুসলিম জাতি লজ্জিত,নারীদের নিয়ে বাজে মন্তব্য করে পুরো জাতিকে জড়িয়ে দেওয়া ঠিক নয়।,moral_appeal,gender_abuse
666,"শাওয়ার পোস্ট কইরো না বুঝছো, ওরা কি দুধ খায় ওরা কি জানে না কোনটা ভালো কোনটা মন্দ, ওরা নিজেরাই যদি বেশ্যা হয় তো যায় তাহলে মাইনসে কি করব",কিশোর বা অন্য কাউকে অপমান না করে ভদ্রভাবে সীমা বোঝানো উচিত।,fact_based,abusive_language
667,কিরে অক্ষম শিবের ধন পুজারি শিবের মাল খাইয়া কি ব্রেইন গেছে? ১৪০০ বছর আগের সামাজিক বিশ্ব আর এখনকার বিশ্বের সাথে তুলনা চোদাস আর কত প্রমাণ করবি যে তোরা বোকাচোদা!,ধর্ম বা ইতিহাস নিয়ে তর্কে গালি না দিয়ে তথ্য ও যুক্তি ব্যবহার করা ভালো।,fact_based,abusive_language
668,"রেন্ডি মাল্লু ১০০ আয়াতের সূরার এক আয়াত পড়ে সব বুঝে যাবে, এই হলো মাল্লুর অবস্থা। গোমূত্র আর গোবরখোর কমজাত দালিতের বাচ্চা","ধর্ম, জাত বা পরিচয় নিয়ে অপমান করা অত্যন্ত অবমাননাকর এবং বিভাজনমূলক।",moral_appeal,hate_speech
669,"নিজের ধর্মের খবর নাই,আমাদের আগে আমাদেরটাই জেনে ফেলছস বাহ্ চুদির বাচ্চা বাহ্",অন্যের ধর্ম নিয়ে কথা বলার আগে নিজের ভাষা ও ভদ্রতা ঠিক রাখা উচিত।,discouraging_abuse,abusive_language
670,শালা শু‌য়োর তুই যে নি‌জে কুরআনের একটা অক্ষরও প‌রিস‌নি সেটা তোর ক‌মেন্ট প‌ড়ে বুঝ‌তে পার‌ছি,"ধর্মীয় জ্ঞান নিয়ে সমালোচনা করতে হলে অপমান নয়, ভদ্রভাবে বলা উচিত।",fact_based,abusive_language
671,যে শালার ঘরের শালা এই পোস্টটা করেছে তার জন্ম ঠিক নেই কারণ এটা দুটো মুসলিমের মধ্যে জায়গা সম্পত্তি নিয়ে ঝগড়া হচ্ছে তোমরা হিন্দুদের শুধু কাজ মুসলিমদের সাথে ঝগড়া লাগানো,দুই পক্ষের বিরোধে পুরো ধর্মীয় গোষ্ঠীকে টেনে আনা ঠিক নয়।,fact_based,hate_speech
672,"হিন্দু ধর্ম যেমন একটা মিথ্যাবাদী ধর্ম, তেমনি হিন্দু ধর্মের অনুসারীরাও মিথ্যাবাদী ও গুজববাজ। এভাবেই পুরো পৃথিবীতে মিথ্যা ও গুজব ছড়ানোতে ভারতের হিন্দুরা ১ নম্বর অবস্থান বরাবরের মতোই ধরে রেখেছে।","একটি ধর্মের সবাইকে মিথ্যাবাদী বলা ভুল, কারণ ব্যক্তির আচরণ দিয়ে গোষ্ঠী বিচার করা যায় না।",fact_based,hate_speech
673,বাংলাদেশি মুসলিম বলে নিজেকে ভুস্কি প্রমাণ করলো আপুটি,ধর্ম বা পরিচয়কে উপহাস না করে কাজ নিয়ে কথা বলা উচিত।,discouraging_abuse,abusive_language
674,মাগি ভাবছে কুল লাগছে নিজেকে,কাউকে ‘মাগি’ বলে অপমান না করে নিজের সমালোচনা ভদ্রভাবে বলা ভালো।,discouraging_abuse,gender_abuse
675,"কি রে বেজন্মা জারজ ,তোর মাকে চুদেছে কত শুয়োর যে তোর মতো কিটের জন্ম হয়েছে","কারও জন্ম নিয়ে এমন নোংরা কথা বলা গভীর অপমান, তাই এভাবে কথা না বলাই উচিত।",empathy,abusive_language
676,আমি তোর মাকে একাই চুদে রাজাকে পয়দা করেছি,"এ ধরনের পারিবারিক ও যৌন অপমান অত্যন্ত আক্রমণাত্মক, তাই তা বন্ধ করা দরকার।",warning_of_consequences,threat
677,আমি তোর মাকে নেংটা করে অলরেডি চুদে গাড় অনেক মোটা করে দিয়েছি আবার খেপালে মাত্র ২ সেকেন্ড লাগবে প্রেগন্যান্ট করতে।,"এভাবে সহিংস ও যৌন হুমকি দেওয়া খুবই বিপজ্জনক, তা থেকে সরে আসা দরকার।",warning_of_consequences,threat
678,আগে তোর মাকে চুদে আয় খানকির পোলা বেজন্মা,পরিবারকে টেনে হুমকি দেওয়া সম্পর্ক ও নিরাপত্তা দুটোই নষ্ট করে।,warning_of_consequences,threat
679,তোর লেখাতেই জঙ্গি মনোভাব প্রকাশ পাচ্ছে,"কারও লেখায় সমস্যা দেখলে সেটি যুক্তি দিয়ে ধরিয়ে দেওয়া উচিত, লেবেল লাগিয়ে নয়।",fact_based,abusive_language
680,পৃথিবীর সবথেকে বড় বানোয়াট ধর্ম হচ্ছে হিন্দু ধর্ম। হিন্দু ধর্মের লোকেরা যে পূজা করে সে পূজার কথা তাদের নিজের ধর্মগ্রন্থেই নেই,ধর্ম নিয়ে সমালোচনা করতে হলে নির্দিষ্ট তথ্য ও পাঠ্যসূত্র দেখিয়ে কথা বলা উচিত।,fact_based,hate_speech
681,জান্নাত ইসলাম হুর পরিচয় তানু নামের এই চারবারের ডিভোর্সি মাগী সিঙ্গেল সেজে আমার বন্ধুর থেকে অনেক টাকা নিয়েছে,কারও ব্যক্তিগত সম্পর্ক বা বিবাহজীবন নিয়ে অপমান করা ঠিক নয়; অভিযোগ থাকলে প্রমাণ দিন।,fact_based,gender_abuse
682,শুয়োরের বাচ্চা তোর বাসা কই রে? তোরে সামনে পাইলে জবাই করবো কসম,"সামনে পেলে জবাই করার কথা বলা সরাসরি হুমকি, যা খুবই বিপজ্জনক।",warning_of_consequences,threat
683,ওইটা আমার বাপ আর তোর আম্মুর বোন রেন্ডির ছেলে,কারও পরিবার নিয়ে এমন কটাক্ষ খুবই অশালীন এবং কষ্টদায়ক।,empathy,abusive_language
684,তোর মায়ের সাথে আমি সেক্স করে তোরে জন্ম দিয়েছি রে যৌনকর্মীর ছেলে,"মাকে টেনে যৌন অপমান করা খুবই আঘাতমূলক, তাই এ ধরনের কথা বলা উচিত নয়।",warning_of_consequences,threat
685,ওইটা তোর আম্মু ছিল। আর তোর বিশ্বাস না হলে তোর নানার কাছে শুনিস। তোর নানা তোর আম্মু যখন ৯ বছর তখন থেকেই তোর আম্মু গুয়া মারত। সেজন্য তোর মত সুদানির পুত জন্মাইছে,এভাবে পরিবার ও শিশুকালের কথা টেনে অপমান করা খুবই অমানবিক।,empathy,abusive_language
686,রাত বারোটার সময় কার বাল ফালাইতে বর্ডারে গেছে,এ ধরনের অশালীন কথাবার্তা বাদ দিয়ে ভদ্রভাবে কথা বলা উচিত।,discouraging_abuse,abusive_language
687,আজ পর্যন্ত শুনলাম না বিজেপি ভারতের কাউকে গুলি করছে। আমাগো আছে শুধু সাওয়া ভরা গল্প,এভাবে একপক্ষকে খারাপ আর আরেক পক্ষকে ভালো দেখানো ঠিক নয়; বাস্তব ঘটনা দেখে কথা বলা উচিত।,fact_based,hate_speech
688,এগুলা কি নারীবাদী নেড়ি কুকুরীর চোখে পড়ে না। এই নিয়ে তো কোনো সবর ও নাই। সুবিধাবাদী কুকুরী কতগুলা!,নারীবাদীদের অপমান করে কথা না বলে নির্দিষ্ট বিষয়ে শান্তভাবে আপত্তি জানানো ভালো।,discouraging_abuse,gender_abuse
689,কুত্তার মত গনধোলাই দেওয়া হোক এদেরকে,"গণধোলাইয়ের কথা বলা সহিংসতাকে উসকে দেয়, তাই এমন ভাষা বন্ধ করা জরুরি।",warning_of_consequences,threat
690,"পুটকিতে আগুন দিয়ে তাপ দিলে অথবা হোগার ভিতরে গরম ডিম দিয়ে থেরাপি দিতে পারলে মনে শান্তি হইতো, শালা অমানুষের বাচ্চা","এ ধরনের সহিংস ও অশালীন মন্তব্য মানুষের ক্ষতি করে, তাই তা থেকে সরে আসা উচিত।",warning_of_consequences,threat
691,এখন দরকার দিপুর পুটকি দিয়া গরম লোহা গরম করে ঢুকানো,"এভাবে নির্যাতনের কথা বলা অত্যন্ত বিপজ্জনক, তাই শান্ত ও নিরাপদ ভাষা ব্যবহার করা উচিত।",warning_of_consequences,threat
692,খানকির পোলাদের ধরে ফাঁসির ব্যবস্থা করেন,"ফাঁসির মতো শাস্তির কথা বলা সহিংসতা বাড়ায়, সমস্যার সমাধান এতে হয় না।",warning_of_consequences,threat
693,"এখন তারা কথা কেন বলে না? সুশীল, শাহবাগী, নারীবাদিরা কার ধন মুখে নিয়ে বসে আছে?",কারও নীরবতা নিয়ে এমন অশ্লীল আক্রমণ না করে ভদ্রভাবে প্রশ্ন করা উচিত।,discouraging_abuse,abusive_language
694,এটা অস্বাভাবিক কিছু না। গোমূর্খদের কাছে সে আর কি ভালো আশা করেন।,কোনো গোষ্ঠীকে অপমান না করে নির্দিষ্ট ঘটনার ভিত্তিতে কথা বলাই ভালো।,fact_based,hate_speech
695,আমরা চুপ থেকে লাভ নেই যারা আসবে সুশীল চুদারে তাদেরই চুদে দিবো,"হুমকি দিয়ে কথা বললে উত্তেজনা বাড়ে, তাই শান্তভাবে প্রতিবাদ করা উচিত।",warning_of_consequences,threat
696,পৃথিবীতে উগ্রবাদ জাতি দুইটাই এক ইসরায়েলি দুই ভারতের মালোয়ানের বাচ্চারা,"কোনো জাতিকে উগ্রবাদী বলা বিভাজন বাড়ায়, তাই সাধারণীকরণ করা উচিত নয়।",moral_appeal,hate_speech
697,তোর বাপ ভাই কি হিজড়া নাকি তাইলে,কারও পরিবার বা লিঙ্গ পরিচয় টেনে অপমান করা খুবই অমানবিক।,empathy,gender_abuse
698,আপনার বাবা তাহলে ছেলে বা পুরুষ না? তাহলে মনে হয় হিজড়া,"লিঙ্গ নিয়ে এমন ব্যঙ্গ করা কষ্টদায়ক, তাই ভদ্রভাবে কথা বলা উচিত।",empathy,gender_abuse
699,পরকীয়া নারী চুদে যে মজা সেই মজা দশটা বউকে চুদেও পাওয়া যাবে না,"নারীদের নিয়ে এ ধরনের কথাবার্তা খুবই অপমানজনক, তাই সংযত থাকা দরকার।",empathy,gender_abuse
700,"পুরুষ মানে চরিত্রহীন ৮০%। এইসব দেখলে মানসিক কষ্ট, ভয়ও হয়",একটি লিঙ্গের সবাইকে চরিত্রহীন বলা ঠিক নয়; মানুষের আচরণ ব্যক্তি ভেদে আলাদা।,fact_based,gender_abuse
701,"এই কালু আবার সুন্দরী বউ পাইছে! মেয়েদের চয়েস লুচ্চা, হিরোইন। পরে ঝামেলায় পড়লে তখন সব পুরুষের দোষ হয়ে যায়",মেয়েদের পছন্দ নিয়ে কটূক্তি না করে নির্দিষ্ট আচরণ নিয়ে কথা বলা ভালো।,discouraging_abuse,gender_abuse
702,"বেয়াদবের জাত এদের বিলিভ করা যায় না, ৯০% ই খারাপ, কেউ বলে কেউ বলে না এই আর কি","একটি পুরো জাতিকে খারাপ বলা ন্যায্য নয়, কারণ ব্যক্তি ভেদে আচরণ আলাদা হয়।",moral_appeal,hate_speech
703,"ছেলেরা লুচ্চামি করতে পছন্দ করে। দোষ দেয় ওয়াইফের, নিজেকে আগে ঈমানী কায়দায় আনেন","সব ছেলেকে লুচ্চা বলা ঠিক নয়, ব্যক্তিগত অভিযোগ হলে সেটি আলাদা করে বলতে হয়।",fact_based,hate_speech
704,চরিত্র খারাপ তোমার ভাতারের। তোমার ভাতারের দোষ দুনিয়ার সমস্ত পুরুষ তো ঘাড়ে নেবে না,সবার ওপর দোষ চাপানো ঠিক নয়; নির্দিষ্ট ব্যক্তির আচরণ নিয়ে কথা বলা উচিত।,fact_based,abusive_language
705,"ছেলে জাতের ওপর সব বিশ্বাস শেষ। আর মানুষ এত নিচু জাত কিভাবে হয় যার হাত ধরে এতদূর, যার সাথে এত কিছু তাকে ধোঁকা মাই গড","পুরুষদের একসাথে অবিশ্বস্ত বলা ঠিক নয়, এতে বিভেদই বাড়ে।",empathy,gender_abuse
706,"আলিফ কে খুন করল যেসব হিন্দু সুইপাররা, তাদের পরিবারের শাঁখা সিঁদুর পড়া বেশ্যারা প্রতিনিয়ত এখন চট্টগ্রাম করতে মব করে।",কোনো ধর্ম বা পেশার মানুষের বিরুদ্ধে খুনের অভিযোগ প্রমাণ ছাড়া বলা যায় না।,fact_based,hate_speech
707,"ভারত হলো পুরো সুইপার কলোনি, যা মূলত বৈধ স্থাপনা, এক রাতের মধ্যে বুলডোজার দিয়ে উচ্ছেদ করা হতো","একটি দেশকে সুইপার কলোনি বলা খুবই অপমানজনক, তাই এমন ভাষা ব্যবহার করা উচিত নয়।",moral_appeal,hate_speech
708,সুশীল বাঙ্গু হলো সব মুনাফিক। এরা মুসলমানদের ক্ষতি করছে আরো বেশি।,একটি গোষ্ঠীকে একসাথে মুনাফিক বলা ঠিক নয়; নির্দিষ্ট ভুল দেখিয়ে কথা বলা উচিত।,fact_based,hate_speech
709,তোর মার হেডা নটির পুত মালু,"কারও মাকে টেনে গালি দেওয়া খুবই নোংরা, তাই এটা বন্ধ করা দরকার।",warning_of_consequences,abusive_language
710,চুদির ভাই তোমার দেশ পৃথিবীর অন্যতম কসাই খানা। গরুর গোস্ত এক্সপোর্ট করে কি জবাই না করেই? বোকাচোদা সৃলেদার জুতার দোকানে কার চামড়া দিয়ে পণ্য তৈরী করে?,"একটি দেশকে কসাইখানা বলা ঘৃণামূলক, আর প্রশ্ন থাকলে তথ্য দিয়ে বলা ভালো।",fact_based,hate_speech
711,তোকে আগে জবাই করা হবে। তুই আয় বর্ডারে,"জবাই করার হুমকি খুবই ভয়ংকর, তাই এমন কথা বলা থেকে সরে আসা উচিত।",warning_of_consequences,threat
712,"তাহলে আগে গিয়ে মোদির দুই বন্ধুকে জবাই কর, ওরা দুইজন দুইটা কসাইখানা চালায়, দিনে ৫০ হাজার গরু জবাই হয় প্রতিদিন। বাল ছেড়ার দল","কারও বিরুদ্ধে জবাইয়ের কথা বলা সহিংস আহ্বান, এটা বন্ধ করা দরকার।",warning_of_consequences,threat
713,"ভারত দখল করবো, আর এক এক টা হিন্দু দরে জবাই করবো বেশি বারাবারি করলে","ধর্মীয় গোষ্ঠীর বিরুদ্ধে জবাইয়ের হুমকি ভয়ংকর, তাই তা থেকে এখনই সরে আসা উচিত।",warning_of_consequences,hate_speech
714,তোর মাকে ও পাকিস্তানের কুত্তা দিয়ে লাগানো হবে,পরিবারকে জড়িয়ে এমন অশালীন হুমকি দেওয়া খুবই কষ্টদায়ক।,empathy,threat
715,"এই বাঙ্গুর বাচ্চা, শালা উগ্রবাদী কোথাকার। তোদের জন্য ধর্মের বদনাম হয়।",কাউকে বাঙ্গুর বাচ্চা বলে অপমান না করে নির্দিষ্ট আচরণ নিয়ে কথা বলা ভালো।,discouraging_abuse,hate_speech
716,ভার্সিটিগুলো এক একটা সত্যিই পতিতালয়,"সব বিশ্ববিদ্যালয়কে পতিতালয় বলা অন্যায্য, কারণ এতে অনেক নিরীহ মানুষও অপমানিত হয়।",moral_appeal,gender_abuse
717,বলাৎকার আর ধর্ষণ আরেক নাম মাদ্রাসা,কোনো শিক্ষাপ্রতিষ্ঠানকে অপরাধের সঙ্গে এক করে দেখা অত্যন্ত বিভেদমূলক।,fact_based,hate_speech
718,"একাধিক পুরুষের সাথে বিছানায় যাওয়া ভার্সিটির এসব বেশ্যাগুলো আবার নারীদের ঘরে থাকা,পুরুষের একাধিক বিয়ে নিয়ে কথা বলে।",নারীদের চরিত্র নিয়ে এমন অপমানজনক ভাষা ব্যবহার করা উচিত নয়।,empathy,gender_abuse
719,আপনি এমনভাবে বলতেছেন যেন ভার্সিটির সব মেয়েদের পেশা এইটা কিংবা যারা এই নষ্টামিতে লিপ্ত তারা সবাই ভার্সিটিতে পড়ে।,একটি গোষ্ঠীর সব সদস্যকে একই রকম ধরে নেওয়া ঠিক নয়; নির্দিষ্ট মানুষকে নিয়ে কথা বলা ভালো।,fact_based,abusive_language
720,"আবালচোদা, পাকিস্তান যা তাইলে",কাউকে দেশছাড়া হতে বলা বা তাড়ানোর কথা বলা অশালীন এবং উত্তেজনাপূর্ণ।,warning_of_consequences,abusive_language
721,এ শালা বহুত জাউরা। এরে কয়েকদিন আগে ভারতীয় এক অনুষ্ঠান হতে বের করে দিয়েছিল ভিডিও বানানোর জন্য।,কথা বলার সময় অপমান না করে ঘটনা নিয়ে ভদ্রভাবে মন্তব্য করা উচিত।,discouraging_abuse,abusive_language
722,"আর তোরা মুসলিম দেশ গুলোতে কেন জাছ যদি এতোই পুটকি মারে তোদের, তাহলে সৌদি ডুবাই কাতারে কি করিস?",কোনো দেশের মানুষকে এমনভাবে অপমান না করে প্রশ্ন তুললে তা বেশি গ্রহণযোগ্য হয়।,moral_appeal,hate_speech
723,"চোরের জাতেরা, ২ দিন পর পর চুরির ঘটনায় ধরা পড়িস,এইদিক দিয়ে আমেরিকা, ইউ.কে এখন নতুন করে থাইল্যান্ডেও গিয়ে চুরি করা শুরু করেছিস,আবার ধরাও খেয়েছিস,লজ্জা করে না রে চোরের বাচ্চা?","একটি জাতিকে চোর বলা অন্যায্য, কারণ কিছু মানুষের অপরাধ দিয়ে সবাইকে বিচার করা যায় না।",fact_based,hate_speech
724,"ফকিন্নির বাচ্চা তোরা যে কানাডা, অস্ট্রেলিয়া, আমেরিকায় চৌদ্দ গোষ্ঠী নিয়া যাইয়া ঔসব দেশকে পাজিতস্তান বানাইয়া ফেলছোস",কোনো দেশের মানুষের ওপর এমন অপমান ছড়ানো শুধু ঘৃণা বাড়ায়।,moral_appeal,hate_speech
725,"মাদারচোদ আরব দেশে এসে বগা মুখে নেস, কুত্তার বাচ্চা মুসলিম দেশে গিয়ে গোলামি করো বড় বড় কথা",কোনো ধর্মীয় বা জাতিগত গোষ্ঠীকে এভাবে অপমান করা ঠিক নয়।,moral_appeal,hate_speech
726,ভিখারির বাচ্চা তুই মাদারচোদ। তোরা দুবাইতেও ভিক্ষা করস আমি নিজে ইন্ডিয়ান দুইটা ভিক্ষুক কে ২ দেরহাম ভিক্ষা দিছি,"কাউকে ভিখারি বলে ছোট করা অপমানজনক, ভদ্রভাবে কথা বলাই ভালো।",discouraging_abuse,abusive_language
727,"ইন্ডিয়ান ভিখারির বাচ্চা গাওয়ার গুলা পর্তুগাল এসে রাস্তায় হাগে, সেদিন কিছু ইন্ডিয়ান গান্ডুকে দেখলাম নেপালে পিটুনি খাচ্ছে রাস্তায় পানের থুতু ফেলার কারনে",কোনো জাতির মানুষকে নোংরা বলে একসাথে দোষ দেওয়া অন্যায়।,fact_based,hate_speech
728,তোরা পৃথিবীর জঞ্জাল আবর্জনা তদের দেখেই বমি আসে,"মানুষকে আবর্জনা বলা খুবই অমানবিক, এমন ভাষা বন্ধ করা দরকার।",empathy,hate_speech
729,"তোরা হইলি সারা পৃথিবীর গান্দাগি, যে খানে যাস নোংরা করিস আর গাড়া মারা খাস","একটি গোষ্ঠীকে সারা পৃথিবীর নোংরা বলা ঘৃণা ছড়ায়, সমাধান আনে না।",moral_appeal,hate_speech
730,খানকির পোলা গোবরখোর ইংলিশ না বুঝে গরুর বাচ্চার মত লাফাচ্ছিস।,কারও ভাষাজ্ঞান নিয়ে কটূক্তি না করে ভদ্রভাবে বোঝানো ভালো।,discouraging_abuse,abusive_language
731,হুম ইন্ডিয়ান ভিখারিরা পর্তুগালকেও ছাড়তেছে নাহ,"কোনো দেশের মানুষকে ভিখারি বলা তাচ্ছিল্যপূর্ণ, তাই এটি এড়িয়ে চলা উচিত।",warning_of_consequences,hate_speech
732,"বাঙালী যেখানে যাই ওইখানেই গন্ধ বানিয়ে ফেলে, সাথে যদি আবার ইন্ডিয়া থাকে তাহলে তো কথায় নাই, অভদ্রতার জাতগোষ্ঠি",একটি জাতিকে একসাথে অভদ্র বলা ন্যায্য নয়; ব্যক্তির আচরণ আলাদা করে দেখা উচিত।,fact_based,hate_speech
733,"বাংলাদেশে জায়গা নেই, তাই ওখানে গিয়েছে। কি করেই বা থাকবে , শুয়োরের মতো বাচ্চা পয়দা করলে।",কারও সন্তান বা জন্ম নিয়ে এমন মন্তব্য খুবই কষ্টদায়ক এবং অমানবিক।,empathy,abusive_language
734,ব্লগার ঠিক বলছে। এই নোংরা গুলোকে বের করে দেওয়া উচিৎ এরা সভ্য দেশে থাকার যোগ্য নয়।,কোনো গোষ্ঠীকে দেশ থেকে বের করে দেওয়ার কথা বলা সহনশীলতার বিরুদ্ধে যায়।,warning_of_consequences,hate_speech
735,ঠিকই আছে হাউয়ার পোলারা দেশটারে ধ্বংস করে দিছে দেশের বাইরে মানুষ গেলে যখন বলে বাংলাদেশী তখন কেউ সম্মান ইজ্জত দিতে চায় না,"একটি দেশের সব মানুষকে একসাথে দোষ দেওয়া ঠিক নয়, কারণ এতে নিরীহরাও আঘাত পায়।",moral_appeal,hate_speech
736,অশিক্ষিত মুর্খের মত থাকলে এরকম ই সব দেশে পচানি খাওয়া লাগবে,অশিক্ষিত বলে অপমান না করে ভুলটা দেখিয়ে দিলে মানুষ শিখতে পারে।,discouraging_abuse,abusive_language
737,এই মাদারচোদ বাংলাদেশ ইন্ডিয়া এদের নিয়া এই সব ভিডিও করে খানকির ছাওয়াল এ,কাউকে পরিবার টেনে গালি না দিয়ে ভিডিওর বিষয়টি ভদ্রভাবে বলা উচিত।,discouraging_abuse,abusive_language
738,মাঙ্গের নাতি রা ২০০ বছর ব্রিটিশ মতো যে লুটপাট করছিল ঠিক মতো ট্যাক্স দিত নাহ ওইগুলা কি?,"ঐতিহাসিক অভিযোগ থাকলে তা তথ্য দিয়ে বলা উচিত, গালি দিয়ে নয়।",fact_based,abusive_language
739,এই ইউটিউবার একটা বাইনসোদ । ওর সাউথ এশিয়ান ও আফ্রিকানদের নিয়ে অনেক চুলকানি।,কারও কনটেন্ট অপছন্দ হলে সেটি নিয়ে শালীন সমালোচনা করা যায়।,moral_appeal,abusive_language
740,বাংলাদেশ কে পাওয়া যায় ডাস্টবিনের কিনারে আর ফুটপাতে । দেশে কাজ করা সক্ষমতা নেই দেশের বাহিরে ভিখারির মত কাটে,কোনো দেশ বা জাতিকে ডাস্টবিনের সাথে তুলনা করা খুবই অপমানজনক।,warning_of_consequences,hate_speech
741,কোনো শিক্ষাগত যোগ্যতা নেই হুদাই ড্রামে করে ইউরোপ গিয়ে সেসব দেশের পরিবেশ নষ্ট করছে। অধিকাংশই অবৈধ এরা।নোংরা অশিক্ষিত। এর মধ্যে আবার একাংশ ছাপড়ি টিকটকার।,"অবৈধতা নিয়ে প্রশ্ন থাকলে সেটা নীতিগতভাবে বলাই ভালো, অপমান করে নয়।",fact_based,hate_speech
742,শুয়োরের বাচ্চারা শীঘ্রই লাঞ্ছিত হবে,এভাবে লাঞ্ছনার হুমকি দেওয়া পরিস্থিতিকে আরও খারাপ করতে পারে।,warning_of_consequences,threat
743,এই অমানুষের বাচ্চা শুকরের বাচ্চা বেজন্মা সুমেন্দু কি তোর আব্বা লাগে,পরিবার ও বংশপরিচয় টেনে এমন গালি দেওয়া খুবই অপমানজনক।,empathy,abusive_language
744,"তোর ভোদায় আমার কলাটা ভরে দিয়ে, একটা উচিত কাজ করতে চাই মাগী কোথাকার।",যৌন হুমকি দেওয়া ভয়ংকর এবং একেবারেই গ্রহণযোগ্য নয়।,warning_of_consequences,threat
745,মালাউনের বাচ্চারা যা শুরু করছে পরিষ্কার ভাবে এদের রামের সন্ত্রাস বাহিনী বলা যায় কারণ এই অমানবিক কাজ গুলো করার সময় এরা রামের নামে নাড়া লাগিয়েই করে।,"কোনো ধর্মীয় গোষ্ঠীকে সন্ত্রাসী বলা উত্তেজনা বাড়ায়, তাই এমন ভাষা বন্ধ করা দরকার।",warning_of_consequences,hate_speech
746,এরা চাকরি করে কিভাবে বেহায়ার দল। ভিক্ষা করা ভালো এর চেয়ে।,চাকরি বা পেশা নিয়ে তাচ্ছিল্য না করে নির্দিষ্ট আচরণ নিয়ে কথা বলা উচিত।,discouraging_abuse,abusive_language
747,খানকি মাগির পোলা বাংলাদেশের লোক ভালো তাই তোদের মন্দিরের মায়রে চুদিনি এখনো কেউ,ধর্মীয় স্থাপনা বা পরিবারকে টেনে এমন কথা বলা খুবই অশালীন।,warning_of_consequences,hate_speech
748,বাংলাদেশ থেকে মালুর বাচ্চা গো দূর করমো,কাউকে দেশ থেকে দূর করার কথা বলা সহিংস মনোভাব দেখায়।,warning_of_consequences,hate_speech
749,শুকরের পিছন দিয়ে এসব হিন্দু নেতাদের জন্ম,ধর্মীয় নেতাদের নিয়ে এভাবে কটাক্ষ করা সম্মানহানিকর।,moral_appeal,hate_speech
750,কিরে শুয়োরের বাচ্চা দেশে এখন এতো কিছু হচ্ছে ৫০০+ শিশু মারা গেছে এখন আর তোর আসমান কাপে না?,কারও দুঃখকে তুচ্ছ না করে সংবেদনশীলভাবে কথা বলা উচিত।,empathy,abusive_language
751,তুই তো একটা কুলাঙ্গার খানকি,এ ধরনের ব্যক্তিগত অপমান আলোচনা বা সমাধানকে সাহায্য করে না।,empathy,abusive_language
752,মাঙ্গের বেডি আবার কান্না করতেছে,কাউকে কান্নাকাটি নিয়ে বিদ্রূপ না করে সহানুভূতিশীল হওয়া ভালো।,empathy,abusive_language
753,এইসব কাজ গুলা কিছু বাইনচোদ মানুষ আছে জার জন্মের ঠিক নাই হাজারও পুরষের বিজ দিয়ে এই সব মানুষ বানানো,কারও জন্ম বা পরিবার নিয়ে কটূক্তি করা খুবই আঘাতজনক এবং অশোভন।,empathy,abusive_language
754,কিরে মাদারচোদ কেমন কথা কস তুই। তোর জন্মের ঠিক আছে জরজ সন্তান,জন্মপরিচয় নিয়ে অপমান করা মোটেও যুক্তিসংগত নয়।,discouraging_abuse,abusive_language
755,খানকির পুলা তর মার হেডা দিয়া ডুকায় দিম তরে পাইলে,"এভাবে হুমকি দেওয়া ভয়ংকর, তাই এখনই এমন ভাষা বন্ধ করা উচিত।",warning_of_consequences,threat
756,খানকির পোলা তুই কি জরিত আছোস মাদারচোদ এই খানকির পোলাকে খুঁজে বের করেন সবাই,কারও বিরুদ্ধে খুঁজে বের করার ডাক দেওয়া উত্তেজনা ও ভয় বাড়ায়।,warning_of_consequences,threat
757,এই শালার পুতে মনে হয় দালাল,কারও উদ্দেশ্য নিয়ে সন্দেহ থাকলে সেটি প্রমাণ দিয়ে বলা উচিত।,fact_based,abusive_language
758,এই মালাউন গুলো আস্কারা পায় কিছু মুসলিম নামক মুনাফিক গুলার কারণে,কোনো ধর্মীয় গোষ্ঠীকে একসাথে দোষী করা অন্যায় এবং ক্ষতিকর।,warning_of_consequences,hate_speech
759,"একটা সত্য কথা হচ্ছে, হিন্দুরা এত পরিমান মুসলমান মেয়েদের চুদেছে যে কারণে বর্তমানে বাংলাদেশে খানকির ছেলে আর বেশ্যার ছেলে দিয়ে ভরে গেছে",একটি ধর্ম বা জাতিকে যৌন অপমানের সাথে জড়ানো খুবই ঘৃণামূলক।,moral_appeal,hate_speech
760,এসব করার দরকার নেই বোরকা পরা বেশ্যাগুলো হিন্দুদের খাটে পাঠালে আশা করি সম্প্রীতি বজায় থাকবে,নারী ও ধর্ম নিয়ে এমন ভাষা ব্যবহার করা সম্প্রীতি নষ্ট করে।,warning_of_consequences,hate_speech
761,এরকম ফেক নিউজ যখন বাংলাদেশের শুরু হবে তোদের শিক্ষা পেয়ে তাদের বোনের সাথে শুরু হবে তখন কি করবে খানকি অসভ্য বেশ্যা মাগীর দুর্গা ছেলে,"ফেক নিউজের সমালোচনা করতে হলে তথ্য দিয়ে কথা বলা উচিত, পরিবারকে টেনে নয়।",fact_based,abusive_language
762,"আওয়ামী কুত্তার বাচ্চারা এসব নিউজ দেখে এড়িয়ে যায় কিভাবে? তাহলে ওদের মায়েরা কি বেশ্যা ছিল, তাহলে কেনো তাদের ভারত প্রীতি এত, কেনো তারা কখনো এই বিষয়ে মুখ খোলে না",দলীয় সমালোচনা থাকলেও মাকে বা পরিবারকে টেনে গালি দেওয়া উচিত নয়।,empathy,abusive_language
763,"তোদের এক একটাকে জবাই করার সময় অতি সন্নিকটে, ধরবো আর জবাই দিবো","জবাইয়ের হুমকি খুবই বিপজ্জনক, তাই তা উচ্চারণ করা বন্ধ করা দরকার।",warning_of_consequences,threat
764,অনেক বেজন্মা কঠোর পন্থী হিন্দু আছে। এরা বট আইডি দিয়ে বলছে ভুয়া নিউজ। জন্মের ঠিক নেই এদের,কোনো ধর্মের সবাইকে একসাথে বেজন্মা বলা অন্যায্য এবং বিদ্বেষমূলক।,fact_based,hate_speech
765,ভারতের হিন্দু উগ্রবাদী অসভ্য বর্বর জাতি। কুত্তার শামিল তারা,"কোনো ধর্মীয় গোষ্ঠীকে বর্বর বলা ঘৃণা বাড়ায়, সমাধান নয়।",warning_of_consequences,hate_speech
766,আমার মাদারচোদের বাংলাদেশি মিডিয়া কুত্তার বাচ্চা গুলো খবর খুঁজে পায়না পরিমনি কখন পায়খানায় গেছে এগুলো করে,"মিডিয়ার সমালোচনা করলে নির্দিষ্ট খবর বা কাজ দেখিয়ে বলা উচিত, গালি দিয়ে নয়।",fact_based,abusive_language
767,তোরে চোদেন এদের। স্থানীয়রা কি বাল ফালায়,অন্যকে অপমান না করে নিজের আপত্তি ভদ্রভাবে জানানো বেশি কার্যকর।,discouraging_abuse,abusive_language
768,মোল্লারা থোরে ধরে চোদে তাই মোল্লাদের দোষ। ঘটনা ফাস করলেই গায়ে এসে পড়ে,কারও বিরুদ্ধে যৌন অপমানের ভাষা ব্যবহার না করে প্রমাণসহ কথা বলা উচিত।,fact_based,hate_speech
769,ডিফেন্স চোদাও? ডিফেন্স তোদের মতো খানকিদের হোগা দিয়ে ভরে দিবো,এ ধরনের হুমকি ও অশালীনতা বন্ধ না করলে পরিস্থিতি আরও খারাপ হবে।,warning_of_consequences,threat
770,"শালা গোমূত্র খোর জাত, তোর বাপ মোদির কাছে যা","কোনো জাতিকে গোমূত্রখোর বলা অপমানজনক, ভদ্রভাবে বিরোধিতা করা উচিত।",moral_appeal,hate_speech
771,জামাত দেখিন আবার কখন তোরে উঠায় না নেয় শালা মাদারচোদ,রাজনৈতিক বিরোধ থাকলেও হুমকি ও গালাগালি দিয়ে কথা বলা ঠিক নয়।,warning_of_consequences,threat
772,গোমূত্র বেশি খাইছোস মাদারচোদ। তোর মাকেও এই ড্রেসে দেখতে চাইছে,কারও মাকে টেনে অপমান করা খুবই অশালীন এবং কষ্টদায়ক।,empathy,abusive_language
773,তোদের ধর্মের পরিচয় দিলে চুতমারানীর পোলা,ধর্মীয় পরিচয় নিয়ে উপহাস করা সহনশীলতার পরিপন্থী।,warning_of_consequences,hate_speech
774,জামাত কি তোর মায়েরে ছোট কাপড় পড়া শিখাইছে মালু পাজিত,কারও মাকে বা পোশাককে টেনে এমন কথা বলা অপমানজনক।,fact_based,abusive_language
775,"তোর মতো বড় মাপের খানকির ছেলে জন্ম নেয় কনডম দুর্ঘটনায়, তাই তোরা কোন কথা আসলে তোদের আব্বাকে ডেকে আনিস, মাদারচোদ",কারও জন্ম নিয়ে এভাবে কটূক্তি করা খুবই নিচু মানের আচরণ।,empathy,abusive_language
776,হিন্দু খানকির পোলা জামাত কি তোর মারে চুদছে?,"ধর্মীয় পরিচয় টেনে গালি দেওয়া ভদ্রতার বাইরে, এভাবে বলা উচিত নয়।",warning_of_consequences,hate_speech
777,তোর মা বোনদের নেংটা করে দেখ তোদের এসব ভালো লাগবে? সব জায়গায় এসে কি এটা প্রমাণ করা লাগে যে তুই মোদির বীর্য থেকে জন্ম নেওয়া একটা কিট,পরিবারকে টেনে এমন অপমানজনক কথা বলা খুবই আঘাতের।,empathy,abusive_language
778,"মুত খোর তোর ‍মুত খোর দেশ নিয়ে থাক এই দেশের কথায় কেন নাক ঢুকাস, এই খানকির পোলা",কোনো দেশের মানুষকে অপমান না করে নিজের সীমার মধ্যে ভদ্রভাবে কথা বলা উচিত।,discouraging_abuse,abusive_language
779,শুয়োরের বাচ্চা তোকে জবাই করবো।,জবাইয়ের হুমকি অপরাধমূলক এবং অত্যন্ত বিপজ্জনক।,warning_of_consequences,threat
780,"জানোয়ারের বাচ্চা, গোমূত্র খাইতে খাইতে ব্রেন ওর পুটকিতে চলে গেছে",কাউকে জানোয়ার বলা আর ব্রেন নিয়ে বিদ্রূপ করা অসম্মানজনক।,empathy,abusive_language
781,মেয়েটাকে আমার সামনে পেলে জবাই করতাম,"মেয়েটাকে জবাই করার কথা বলা গুরুতর সহিংস হুমকি, যা বন্ধ করা দরকার।",warning_of_consequences,threat
782,তোমার শাউয়ায় এতো কুর কুরি কেন,কাউকে নিয়ে অশ্লীল মন্তব্য না করে ভদ্রভাবে প্রশ্ন করা উচিত।,discouraging_abuse,abusive_language
783,তুমি মাগি তোরে উচিত কাজ করেছে,"কারও প্রতি অপমানজনক সমর্থন দেখানোও নোংরা আচরণ, তাই এমন ভাষা না ব্যবহার করা উচিত।",moral_appeal,gender_abuse
784,আরো বেশি করে প্রেম কর হিন্দু নাস্তীক ছেলের সাথে লজ্জা করেনা নষ্ট নাস্তীক মেযে হিন্দু ছেলের আকাঁটা ধন নাপাক পানি পেটে নিতে,"ধর্ম, সম্পর্ক আর নারীদের নিয়ে এমন অপমানজনক কথা কষ্টদায়ক এবং ঘৃণামূলক।",empathy,hate_speech
785,"মুসলিম ঘরে জন্ম নিযে নাস্তীক আকাঁটা হিন্দু ছেলে সাথে মিসা করে গিন লজ্জা আসেনা তোর রুচি সাজে থুথু দিলাম ও তার সাথে জুতা মারলাম তোকে, সর জাহান্নামী নাস্তীক নষ্ট মেয়ে",কারও ধর্ম ও সম্পর্ক নিয়ে এত অপমান করা সহনশীল সমাজের জন্য ক্ষতিকর।,warning_of_consequences,hate_speech
786,"শুয়োরের বাচ্চাকে ইন্ডিয়া নিয়ে পতিতালয় এ সেল করে দিলে উচিৎ শিক্ষা হতো, জুতো পেটা করলেন না কেনো।","কাউকে বিক্রি বা মারধরের কথা বলা ভয়ংকর, তাই তা থেকে সরে আসা উচিত।",warning_of_consequences,threat
787,হোগামারা দেওয়ার আগে হুশ ফিরে নাই শালীর বেটি শালীরা,"এভাবে শরীর নিয়ে অপমান করলে শুধু কষ্টই বাড়ে, কোনো সমাধান হয় না।",empathy,abusive_language
788,মাগী তুই জাহান্নামী তুমি ধ্বংস হও,কাউকে ধ্বংসের অভিশাপ দেওয়া খুবই অমানবিক এবং ক্ষতিকর।,warning_of_consequences,threat
789,তুই আরো বড় মাদারচোদ। তোর মাগী আকটা ধন মালাউন এর ধন নিতে গেছে কেন আবার তোদের মত খানকির পোলারা এসব মাগীর পাশে দাড়াস মুসলিম নামের কলংক তোরা,ধর্মীয় ও পারিবারিক অপমান মিশিয়ে কথা বললে বিদ্বেষই বাড়ে।,warning_of_consequences,hate_speech
790,ই আমার একটা প্রশ্নের জবাব দে ওরে লাগাতে দিলো কেন? লাগানোর সময় চোদনের মজায় মাথায় কাজ করেনি ?,কারও ব্যক্তিগত সম্পর্ক নিয়ে এমন আক্রমণাত্মক প্রশ্ন না করাই ভালো।,fact_based,abusive_language
791,"এই চুতমারানি খানকিমাগী রে আগুন দিয়া জ্বালায় দেন, এই বালের খানকিমাগী বাংলাদেশের কলঙ্ক।","আগুনে জ্বালানোর কথা বলা ভয়ংকর সহিংসতা, তাই এমন হুমকি দেওয়া বন্ধ করা দরকার।",warning_of_consequences,threat
792,"সঠিক কথা বলেছেন, এগুলো হলো মাগী , কোন রুচি নাই হালাল হারাম বুঝেনা, মুসলিম কান্ট্রি , মুসলিম ছেলের কি অভাব",নারীদের ‘মাগী’ বলে ছোট না করে আচরণ নিয়ে ভদ্রভাবে কথা বলা উচিত।,moral_appeal,gender_abuse
793,তাহলে তার পাশে কেন তোদের মুসলিম সমাজ দাড়াবে বল তাকে পতিতালয়ে পাঠা আকটার দাসী কে,কারও পাশে দাঁড়ানো বা না দাঁড়ানো নিয়ে সিদ্ধান্তে গালাগালি না দিয়ে যুক্তি ব্যবহার করা ভালো।,discouraging_abuse,abusive_language
794,তোমার হোগামারা শেষ৷ এখন পালাইছে। বেয়ক্কল মেয়ে,কাউকে বেয়ক্কল বলা ও শরীর নিয়ে কথা বলা অপমানজনক।,empathy,gender_abuse
795,এই কুত্তী! তুই এহন মুখ না ঢেকে জায়গামত ঢাকলে এই বিপদে পড়তি না,"ভুল বা আপত্তি থাকলেও ভদ্র ভাষা ব্যবহার করা উচিত, অপমান নয়।",fact_based,gender_abuse
796,তুই একটা মাগি তুই একটা হিন্দুর সাথে কেমনে গুমাইলি? তুর বাড়ী কোথায় বল তুকে আমি খুন করবো তুই মুসলিম নামের কলঙ্ক,ধর্ম ও ব্যক্তিগত সম্পর্ক টেনে খুনের হুমকি দেওয়া অত্যন্ত ভয়ংকর।,warning_of_consequences,threat
797,"কাফের টা উচিত করেছে, মুনাফিক মার্কা মুসলমান কে আরো পতিতা বানানে উচিত",কাউকে কাফের বা পতিতা বানানোর কথা বলা ঘৃণা ও সহিংসতা ছড়ায়।,moral_appeal,hate_speech
798,"তোর মতোন খানকি মাগীদের কুরবানীর সময় কুরবানী করে দিয়া উচিত আর তোর মা, বাপ তো তোর থেকে বড়ো হারামি মেয়ে বাইরে পড়াশোনা করার নামে নাঙ্গ করে বেড়াচ্ছে তাও তাদের খোঁজ নাই।",কুরবানীর নামে কাউকে বলি দেওয়ার কথা বলা ভয়াবহ এবং অমানবিক।,warning_of_consequences,threat
799,এই মাগী মুসলিম ছেলে অভাব পরেছে দেশে। এই মাদারচোদ মুসলিম হবে হয়নি তার পরেও তুই সম্পক করেছোত কেনো এখন খেয়ে দিছে এখন বাল ফালা।,নারী বা সম্পর্ক নিয়ে অপমান না করে সমস্যাটি ভদ্রভাবে বলা উচিত।,discouraging_abuse,gender_abuse
800,এই খানকী বিয়ের আগে চোদাইতে গেলি কেনো এই বেশ্যা মাগী।,কারও ব্যক্তিগত জীবন নিয়ে এভাবে কথা বলা খুবই কষ্টদায়ক।,empathy,gender_abuse
801,এ সমস্ত খানকিদের একটাই জায়গা দৌলদিয়া,"মেয়েদেরকে এক জায়গায় পাঠিয়ে দেওয়ার কথা বলা অবমাননাকর, এটা বন্ধ করা দরকার।",empathy,gender_abuse
802,"তোরা মরতে পারিস না? মিডিয়ার সমনে এমন কথা বলিস? লজ্জা করে না, তোমার সমাজের শত্রু","মৃত্যুর কথা বলা বা লজ্জা দেওয়া সমস্যার সমাধান নয়, বরং উত্তেজনা বাড়ায়।",warning_of_consequences,threat
803,"বন্ধুরা এই সমস্ত পতিতার নিউজ কেউ প্রচার করবেন না, সে হিন্দু ছেলে বাসায় এনে চোদা খাওয়ার পরে মিডিয়ার সামনে আসে, কেউ এদের পাশে দাঁড়াবেন না এটা পতিতা এরা টাকার বিনিময়ে এগুলো করে",কারও ব্যক্তিগত জীবন নিয়ে গুজব ছড়ানো ঠিক নয়; প্রমাণ ছাড়া এমন কথা বলা উচিত নয়।,fact_based,gender_abuse
804,এই মাগি দেশে কি মুসলিম ছেলের অভাব ছিল। আর গুলো সনাতনী হিন্দু রা পরিকল্পিত ভাবে করে। এই হিন্দুরা নিকৃষ্ট নোংরা জাতি,একটি ধর্মের মানুষকে একসাথে নোংরা বলা খুবই বিভেদমূলক।,moral_appeal,hate_speech
805,"আরে মাগি, কোনো হিন্দু মুসলিম হয় না মেয়েদের কে খেয়ে দেয়ার পরে আর চোদার টাইম নাই",ধর্ম আর নারীকে একসাথে অপমান করা খুবই অশালীন ও ঘৃণামূলক।,fact_based,hate_speech
806,আমি একজন মুসলিম হয়ে বলছি এই খানকিমাগীর জন্য কেউ বেশি মাতামাতি করবেন না যেমন মেয়ে তেমন ঠিক হয়েছে এজন্য নষ্ট করে দিয়েছে একে সমাজের বাইরে বের করে দেন। খানকিমাগী,কাউকে সমাজের বাইরে বের করে দেওয়ার কথা বলা সহনশীলতার পরিপন্থী।,warning_of_consequences,gender_abuse
807,তোদের মতন মাগী দের গুলি করে মারতে হয় নটি,"নারীদের গুলি করে মারার কথা বলা ভয়ংকর সহিংসতা, এটা একেবারেই গ্রহণযোগ্য নয়।",warning_of_consequences,threat
808,তোদের মত চোদানি মাগিদের মাথার ভিতরে গিলু নাই? হিন্দু ছেলেরা মুসলিম মেয়েদের কে টার্গেট কেন করে বুঝনা? তোরা এরপরে হিন্দু ছেলেকে বন্ধু বানাস তোদের রুচি এত খারাপ কেন,"নারী ও ধর্মকে টেনে গালি দেওয়া মানসিক আঘাতের কারণ হয়, তাই সংযত থাকা উচিত।",empathy,hate_speech
809,"হিন্দুর বেশ্যার জারজ সন্তান গুলাকে তোদের মত কিছু মুসলিম বেশ্যারা চিনিশ না, এইসব হিন্দুর বেশ্যার জঙ্গি গুলা উগ্রবাদি ইসকন এদের কাজই তোদের মত দুই টাকার কিছু মুসলিম মাগিকে হিন্দু বানানো",একটি ধর্মীয় গোষ্ঠীকে জঙ্গি বা বেশ্যা বলে আক্রমণ করা খুবই ক্ষতিকর।,warning_of_consequences,hate_speech
810,"খানকি আবার পর্দা চোদাচ্ছে, তোরে ইউজ করছে","পর্দা বা নারীর পোশাক নিয়ে এভাবে কথা বলা ঠিক নয়, ভদ্রভাবে আলোচনা করা উচিত।",moral_appeal,gender_abuse
811,"খানকি মাগি, বেশ্যাপনা করেছে তখন মনে ছিল না? এখন নাটক করতে আসছো",কারও চরিত্র নিয়ে এমন আক্রমণ না করে নির্দিষ্ট ঘটনার কথা বলা ভালো।,warning_of_consequences,gender_abuse
812,এই সব খানকি মাগী গুলোরে জুতা পেটা করে পাথর মেরে হত্যা করা হোক,"জুতা পেটা বা পাথর মেরে হত্যার কথা বলা ভয়াবহ, তাই তা থেকে সরে আসা উচিত।",warning_of_consequences,threat
813,মুসলমান হয়ে হিন্দু ছেলেদের সাথে মাগীবাজী কর আর ইসলামের দুর্নাম করো তোমাগো মত মেয়েদের ফাঁসি দেওয়া দরকার,ধর্ম ও নারীদের জড়িয়ে ফাঁসির কথা বলা ঘৃণামূলক ও বিপজ্জনক।,warning_of_consequences,threat
814,এরকম মহিলা টাই বেশি খারাপ টাকার  লিগা এরা সব কিছু করতে পারে,"কোনো নারীকে টাকার জন্য খারাপ বলা ন্যায্য নয়, কারণ মানুষের উদ্দেশ্য ভিন্ন হতে পারে।",empathy,gender_abuse
815,তোদের মতো কুলাঙ্গার মহিলা দের জন্য মুসলিমদের এই অবস্থা,পুরো একটি ধর্মের সমস্যার দায় নারীদের ওপর চাপানো অন্যায়।,warning_of_consequences,hate_speech
816,তোর শিলার মায়েরে চুদি মাগির ঘরের মাগী আগে মুসলিম হ তারপর বিলাইয়া দে আকাটা এত পছন্দ তোদের,পরিবার ও ধর্মকে একসাথে টেনে অপমান করা খুবই আঘাতজনক।,fact_based,abusive_language
817,"তোরা হিন্দুদের সাথে না গিয়ে একটা কুকুরের সাথে করতি, তাও এটার থেকে ভালো ছিলো",কারও সম্পর্ক নিয়ে কুকুরের সাথে তুলনা করা অত্যন্ত অপমানজনক।,warning_of_consequences,gender_abuse
818,"আরও চোদা খাও, মুসলমান হিজাবী মেয়েদের উপর থেকে বিশ্বাস উঠে গেছে।",একজন নারীকে ধর্মীয় পরিচয় দিয়ে অপমান না করে নির্দিষ্ট আচরণ নিয়ে কথা বলা উচিত।,empathy,gender_abuse
819,এইসব বেশ্যাদের এরকম করাই উচিত কারণ এদের তো গার্জিয়ান কোন ফ্যামিলি নাই তারা হিন্দুদের চোদন খেতে গেছে বেশ্যারা,পরিবার নেই বলে কাউকে বেশ্যা বলা খুবই নিষ্ঠুর এবং অমানবিক।,warning_of_consequences,gender_abuse
820,"মাগী খানকী. আর জায়গা ফেলি না, মালুর বাচ্চা ছাড়া।",অপমানের ভাষা ছাড়া নিজের অবস্থান স্পষ্ট করলে কথা আরও গ্রহণযোগ্য হয়।,empathy,abusive_language
821,হিন্দুদের কাছে পাছা দিয়ে এখন হাজি সাজা এই গুলো টাটকা শয়তান,"ধর্মীয় গোষ্ঠীকে নিয়ে এমন কটাক্ষ বিভেদ বাড়ায়, তাই তা এড়িয়ে চলা উচিত।",warning_of_consequences,hate_speech
822,"এই মাগির পোলাদের একদিন বিচার হবে, তোদের ডেড়ার মারে চুদি",বিচারের কথা বললেও পরিবারকে টেনে গালি দেওয়া উচিত নয়।,warning_of_consequences,threat
823,কুত্তা গুলো বেশি বেড়ে গেছে এদের কে গরুর সাথে বেধে রাখা উচিত,মানুষকে কুকুরের সাথে তুলনা করে বাঁধার কথা বলা খুবই অমানবিক।,moral_appeal,abusive_language
824,তোর মারে জামাত চুইদা তোরে পয়দা করছে। আফসোস তাও তুই নমশূদ্র সুইপার হয়ে মরবি,"কারও জাত বা পরিবার নিয়ে এমন কথা বলা খুবই অপমানজনক; মানুষের পরিচয় নয়, তার আচরণ নিয়ে কথা বলা উচিত।",moral_appeal,hate_speech
825,তোরে নুনু কেটে ভারতে পাঠিয়ে দিব মালুর বাচ্চা,"এমন হুমকি খুবই বিপজ্জনক, তাই এখনই থেমে গিয়ে শান্তভাবে কথা বলা দরকার।",warning_of_consequences,threat
826,অমুসলিম বাংলাদেশ পাকনামি করে বেশি শয়তানের চাচা তুই,ধর্ম বা পরিচয় দিয়ে কাউকে শয়তান বলা ঠিক নয়; নির্দিষ্ট আচরণ নিয়ে ভদ্রভাবে কথা বলা উচিত।,moral_appeal,hate_speech
827,মানুষ হ। তোরা তো এমনি অমানুষ,"কাউকে অমানুষ বলা সমস্যার সমাধান করে না, বরং সম্পর্ক আরও খারাপ করে।",empathy,abusive_language
828,ধুর খানকির পোলা ইস্কন জঙ্গি,"একটি ধর্মীয় সংগঠনকে জঙ্গি বলা ঘৃণা ছড়ায়, তাই এমন সাধারণীকরণ এড়ানো উচিত।",warning_of_consequences,hate_speech
829,খানকির পোলা আমার নবী সম্বন্ধে কোন বাজে মন্তব্য করবি না,"ধর্মীয় ব্যক্তিত্ব নিয়ে মন্তব্য করতে হলে অপমান নয়, সম্মানজনক ভাষা ব্যবহার করা উচিত।",moral_appeal,hate_speech
830,"এই মাদারচোদ এর পাওয়া গেছে, যেখানে পাওয়া যায় সেইখানে তোর মধ্যম দিয়ে গোমূ্ত্র খাওয়ার ব্যবস্থা কর","এভাবে অপমান ও নির্যাতনের কথা বলা খুবই অমানবিক, তাই তা বন্ধ করা উচিত।",warning_of_consequences,threat
831,"শালার গেরুয়া বাহিনী, সব জায়গাতে জামাতের দোষ খোঁজে","রাজনৈতিক সমালোচনা থাকলে তা গালাগালি ছাড়া, প্রমাণসহ বলা বেশি যুক্তিসংগত।",fact_based,abusive_language
832,অপূর্ব দেব রায় তুই আসলেই উন্নতমানের হারামি,কাউকে হারামি বলা অপমানজনক; নির্দিষ্ট ভুল দেখিয়ে সমালোচনা করাই ভালো।,discouraging_abuse,abusive_language
833,শুয়োরের বাচ্চা দিল্লি থেকে কমেন্ট করছে। জামাত তোর মারে চোদা শিখাইছে।,কোনো মন্তব্য অপছন্দ হলে গালি না দিয়ে ভদ্রভাবে জবাব দেওয়া উচিত।,discouraging_abuse,abusive_language
834,"তোর মারে চুদি, তোর হিন্দু জাতের মারে চুদি, তোর হিন্দু ধর্ম চুদি",ধর্ম আর পরিবারকে একসাথে গালি দেওয়া খুবই ঘৃণামূলক এবং অশালীন।,warning_of_consequences,hate_speech
835,ভাই আমি ইউল্যাব স্কুল এন্ড কলেজের সাবেক শিক্ষার্থী। আমি ওই মাদারচোদ টিচারকে খুব ভালো করে চিনি। মাদারচোদ এর মাথায় টাক আলগা চুল লাগায়,"শিক্ষক নিয়ে অভিযোগ থাকলে সেটা তথ্য ও উদাহরণ দিয়ে বলা উচিত, গালি দিয়ে নয়।",fact_based,abusive_language
836,মোল্লারা কি তোকে পুটকি মারছে,"এ ধরনের অশালীন ভাষা কাউকে ছোট করে, তাই ভদ্রভাবে প্রশ্ন করা উচিত।",discouraging_abuse,abusive_language
837,খানকির পোলাদের এখন পাবেন না। তারা এখন চোখে দেখে না,"কারও শারীরিক অবস্থাকে নিয়ে বিদ্রূপ করা মানবিক নয়, তাই এড়িয়ে চলা উচিত।",empathy,abusive_language
838,"তোর মত নটির মুখে এগুলাই মানায়, ইসলাম বলছে? নারীদেরকে টাইট প্যান্ট পরতে টাইট জামা পরতে? কিরে নটি কোথায় বলছে ইসলাম বল",ধর্ম নিয়ে প্রশ্ন করতে হলে নারীদের অপমান না করে ভদ্রভাবে আলোচনা করা উচিত।,moral_appeal,hate_speech
839,"উনি শিক্ষক হয়ে একজন নারীর গায়ে হাত দেওয়ার অধিকার কে দিয়েছে? ওনাকে শুধু শিক্ষক না যেকোন মানুষ, তোরা তো নটি তোদের থেকে এগুলা নরমাল লাগবে","শিক্ষক হোন বা অন্য কেউ, কারও গায়ে হাত দেওয়ার অধিকার নেই; তবে অভিযোগটি প্রমাণসহ বলা উচিত।",fact_based,abusive_language
840,ল্যাংটা হওয়া আরো ভালো। তুইও ল্যাংটা হও,পোশাক বা শরীর নিয়ে অপমান না করে ভদ্রভাবে মত প্রকাশ করা উচিত।,moral_appeal,gender_abuse
841,জঙ্গি মোদির পুত তোর জ্বলে কেন,রাজনৈতিক বিরোধ থাকলেও পরিবার টেনে অপমান করা ঠিক নয়।,discouraging_abuse,abusive_language
842,"এখানে যদি হুজুর হতো তখন মাদারির বাচ্চারা হুজুরের পিছনে লাগতি, মালাউনের বাচ্চারা",কোনো ধর্মীয় গোষ্ঠীকে নিয়ে এমন আক্রমণাত্মক কথা বলা বিভেদ বাড়ায়।,moral_appeal,hate_speech
843,"হিন্দু মাগির ছেলে, অন্যায় করলে তো বলবেই। মোল্লা হইলে এতক্ষণে তোর মার গুয়া অব্দি জ্বলা উঠতো খানকির ছেলে",অন্যায়ের সমালোচনা করতে হলে ধর্ম বা পরিবার টেনে গালি না দিয়ে নির্দিষ্ট ঘটনা বলা উচিত।,fact_based,hate_speech
844,তাহলে বট চুদানির পোয়া গুলা তোলপাড় চোদাইতে,"উসকানিমূলক কথা বললে সমস্যার সমাধান হয় না, বরং উত্তেজনা বাড়ে।",warning_of_consequences,threat
845,ঐ খানকির বাচ্চা কে গরম তেলে ফ্রাই করা হোক,"এ ধরনের সহিংস কল্পনা খুবই বিপজ্জনক, তাই তা থেকে সরে আসা উচিত।",warning_of_consequences,threat
846,সুশীল সমাজের চোদানিনা কোথায় এখন?,সুশীল সমাজ নিয়ে বিরক্তি থাকলেও অপমানজনক শব্দ ব্যবহার না করাই ভালো।,discouraging_abuse,abusive_language
847,সুশীল নামের কুলাঙ্গাররা এবং হলুদ সাংবাদিকরা মুখে কুলুপ এঁটে বসে থাকবে কারণ সত্য হোক বা মিথ্যা হোক এটা কোন মাদ্রাসা না,"সাংবাদিকতা বা সমাজ নিয়ে সমালোচনা করতে হলে গালি নয়, নির্দিষ্ট উদাহরণ প্রয়োজন।",fact_based,abusive_language
848,কিছু সাড়ে হারামজাদা আছিল মোল্লাদের ভিতরে এগুলা কই এ বাইনচোদ এর গুষ্টি গুলা কই আমি সমস্ত মোল্লাদেরকে বলতেছি না বা আলেমদেরকে বলতেছি না,সব মোল্লা বা আলেমকে এক করে দেখা ঠিক নয়; নির্দিষ্ট ব্যক্তির কাজ আলাদা করে বলা উচিত।,fact_based,abusive_language
849,আমি ওই সমস্ত জানোয়ারের বাচ্চা গুলোকে বলতেছি যারা বিএনপিকে সরাসরি সমর্থন করেছিল,রাজনৈতিক মতের কারণে কাউকে জানোয়ারের বাচ্চা বলা খুবই নিম্নমানের আচরণ।,moral_appeal,abusive_language
850,এরা মুসলিম মেয়ে নয় এরা হলো মুসলিম নামের এখন খানকি পতিতা মাগি,নারীদের ধর্ম বা পরিচয় নিয়ে এমন অপমান করা কষ্টদায়ক ও অনুচিত।,empathy,gender_abuse
851,মন বাঙ্গু মেয়েদের মুসলিম বলাটা মুসলমানদের সম্মান নষ্ট করার শামিল,কারও বিশ্বাস বা পরিচয় নিয়ে এমন মন্তব্য না করে ভদ্রভাবে কথা বলা উচিত।,moral_appeal,hate_speech
852,জেনেশুনে গোবর খাওয়া মালাউনদের সাথে পুটকি মারা দেয় সে আমার বোন হবে কেনো! এমন বোন হওয়ার আগে কাইটা নদীতে ভাসিয়ে দিতাম,কারও পরিবার বা ধর্ম নিয়ে এমন হিংসাত্মক কথা বলা ভয়ংকর এবং অমানবিক।,warning_of_consequences,hate_speech
853,কিছু বলার ভাষা নেই গার্ডিয়ান অসতর্ক হলে পর্দাওয়ালী একটা মেয়েও হিন্দু জানোয়ার কুত্তাদের শিকার হয়ে যায়,ভুক্তভোগীকে বা ধর্মকে টেনে অপমান না করে নিরাপত্তার বিষয়টি ভদ্রভাবে বলা উচিত।,empathy,hate_speech
854,এই সকল বারোভাতারী মেয়েদের নিউজ না করে তাদের পরিবারের কাছে কি প্রশ্ন তাদের অনুভূতি কেমন তাদের মেয়ে হিন্দু ছেলের সাথে রাত্রি যাপন করে,কারও ব্যক্তিগত জীবন নিয়ে খবর করতে হলে সম্মান ও সংবেদনশীলতা রাখা জরুরি।,moral_appeal,gender_abuse
855,নারী স্বাধীনতা! নারীদেরকে আপাতত চলাফেরার সুযোগ দেওয়ার এটাই ফল,"নারীর স্বাধীনতাকে দোষারোপ করা ঠিক নয়; সমস্যার সমাধান আচরণে, স্বাধীনতায় নয়।",fact_based,gender_abuse
856,এই মেয়ে মাগি দেহ ব্যবসা করে,কারও জীবিকা বা চরিত্র নিয়ে এমন কথা বলা খুবই অপমানজনক।,empathy,gender_abuse
857,যে যেমন তার জন্য ঠিকই রয়েছে এটা। বারোভাতারী মেয়েদের জন্য তো এটাই পারফেক্ট। এরা হলো চারদিকে কাপড়ে আবৃত হিজাবি মাগি,মেয়েদের পোশাক বা চলাফেরা নিয়ে অপমান না করে ভদ্রভাবে কথা বলা উচিত।,moral_appeal,gender_abuse
858,এরা হিজাবি খানকি তার প্রতি বিন্দু মাত্র দরদ নাই। যারা নিজের ধর্মের বিধি নিষেধ মানে না তারা আবার কিসের মুসলিম?,ধর্মীয় পরিচয় টেনে গালি দেওয়া বন্ধ করে নির্দিষ্ট আচরণ নিয়ে কথা বলা উচিত।,discouraging_abuse,hate_speech
859,এই কুত্তার বাচ্চাদেরকে জবাই করতে হবে সাথে এই কুলাঙ্গার মেয়েদেরকেও,"জবাইয়ের আহ্বান খুবই বিপজ্জনক, তাই এ ধরনের কথা বলা থেকে বিরত থাকা দরকার।",warning_of_consequences,threat
860,"আরে মূর্খচোদা মুতখোর তোর জাতি যে কুত্তার জাতের প্রাণী, এগুলো তোদের কাজই কথায় বোঝা যায়। পারলে তোদের যে ধর্ম বানানো ধর্ম না এটার প্রমান দে","কোনো জাতি বা ধর্মকে কুকুরের জাত বলা বিদ্বেষ ছড়ায়, প্রমাণ থাকলে তা ভদ্রভাবে উপস্থাপন করা উচিত।",fact_based,hate_speech
861,কয়েকটা মোল্লা মিলে দেখলাম তোর মাকে চুদে ভোদা ফাটিয়ে দিচ্ছে,কারও মাকে নিয়ে এভাবে যৌন অপমান করা খুবই অমানবিক এবং কষ্টদায়ক।,empathy,abusive_language
862,মাদারচোদ নষ্টামি করার জিনিস পাস না? তোরে বলছে ওরা রিলেশন করে?,অশালীন ভাষা বাদ দিয়ে ভদ্রভাবে প্রশ্ন করলে বক্তব্যটা বেশি গ্রহণযোগ্য হয়।,discouraging_abuse,abusive_language
863,এই মাদারচোদ শুয়োরের বাচ্চা এটা তুই কি পোস্ট করছিস? তোর নামে মামলা করব,"অভিযোগ থাকলে মামলা বা রিপোর্টের কথা ভদ্রভাবে বলা উচিত, গালি দিয়ে নয়।",fact_based,abusive_language
864,"শালা মাদারচোদ কি করবি রে তুই আমার? তুই কে রে, আমাকে চিনিস।","এভাবে চ্যালেঞ্জ ছুড়ে দেওয়া উত্তেজনা বাড়ায়, তাই শান্তভাবে কথা বলা ভালো।",warning_of_consequences,threat
865,তুই আমার বালও ছিড়তে পারবি না। কাকে ভয় দেখাস রে বাল,ভয়ভীতি দেখানো বা পাল্টা হুমকি দেওয়া দুটোই সমস্যা বাড়ায়।,warning_of_consequences,threat
866,আপনারা শুধু বিশ্ববিদ্যালয়ে পড়ুয়া ছেলে মেয়ে দোষ খুজেন। হুজুররা এর চেয়ে আরো খারাপ,একপক্ষকে দোষ দিয়ে আরেকপক্ষকে ছেড়ে দেওয়া ঠিক নয়; নির্দিষ্ট আচরণ নিয়ে সমালোচনা করুন।,fact_based,abusive_language
867,"কোন মাগীকে হিন্দু ছেলের সাথে দেখলে, সঙ্গে সঙ্গে নাম ঠিকানা ছবি দিয়ে এবং বাবা-মায়ের নাম সহ সম্পূর্ণ এড্রেস ভাইরাল করবেন",কারও ব্যক্তিগত তথ্য ভাইরাল করা গোপনীয়তা ভঙ্গ করে এবং ক্ষতি ডেকে আনে।,warning_of_consequences,threat
868,হিন্দুর অপবিত্র মাগিদের সবার চিনতে হবে ভুল করেও যেন হিন্দু নাপাক মাগীকে কোন মুসলমান বিয়ে না করে,নারী ও ধর্মকে একসাথে অপমান করা ঘৃণামূলক এবং অন্যায্য।,moral_appeal,hate_speech
869,তোদের মত খানকির ছেলের জন্য রাস্তায় মেয়ে লোক বের হতে পারে না বুঝছোছ শুয়োরের বাচ্চা,রাস্তায় নারীদের নিরাপদ চলাচল নিশ্চিত করা দরকার; কাউকে গালি দিলে সমাধান হয় না।,empathy,gender_abuse
870,মাদারচোদ আমাদের মত মানুষের সামনে পড়লে তোর গাড়ির হাল ভেঙ্গে দিত খানকির ছেলে,"এভাবে শারীরিক ক্ষতির হুমকি দেওয়া বিপজ্জনক, তাই থামা উচিত।",warning_of_consequences,threat
871,"যে শুয়রের এই অপকর্ম করেছে ওই জারজ সন্তানের ছবি দেয়া হোক। এটা গো মূত্রের ভারত না, এটা স্বাধীন বাংলাদেশে।",কারও ছবি ছড়িয়ে অপমান করা বা পুরো দেশকে গালি দেওয়া সমাধান নয়।,fact_based,hate_speech
872,আইন দিয়ে কাজ হবে না ওই হিন্দু মেয়েটার মাথায় ফুটন্ত গরম পানি বালতি ভরে মাথায় ডালা হোক,"এ ধরনের নির্যাতনের কথা বলা ভয়ংকর, তাই তা থেকে দূরে থাকা দরকার।",warning_of_consequences,threat
873,এর তীব্র নিন্দা ও দিককার জানাই এইসব জানোয়ারের বাচ্চা জানুয়ারদের কে জুতা পিটা করা উচিৎ,নিন্দা জানাতে চাইলে জুতা পেটার মতো সহিংস কথা না বলে শান্ত ভাষা ব্যবহার করুন।,warning_of_consequences,threat
874,"আরে আবালচোদা, ইলেকট্রিক বাসে এসি এমনিতেই থাকে। ডিজেল চালিত এসি বাসে চাইতে ইলেকট্রিক বাসের খরচ অনেক কম",তথ্যগত বিষয়ে আলোচনা করতে গালিগালাজ না করে যুক্তি ও তথ্য ব্যবহার করা ভালো।,fact_based,abusive_language
875,বাংলাদেশের বেশিরভাগই হিন্দুদের বীজ নামে মুসলিম আবার অনেক খানকির পোলার এটা বললেও জ্বলে,"কোনো ধর্মীয় গোষ্ঠীকে উপহাস করলে শুধু বিদ্বেষই বাড়ে, তাই এমন ভাষা এড়িয়ে চলা উচিত।",moral_appeal,hate_speech
876,ধরে পিটায় মাইরা ফেলেন বাংলাদেশ নিজেই ইসকন জঙ্গী সন্ত্রাসী,সহিংসতার আহ্বান বন্ধ করা দরকার; মতভেদ থাকলে শান্তিপূর্ণ পথে সমাধান খোঁজা উচিত।,warning_of_consequences,threat
877,"বারোভাতারী হট ই থাকে, কত বেটা লগে যে করছে হিসাব নাই","কাউকে ‘বারোভাতারী’ বলে ছোট করা ঠিক নয়, কারণ এতে মানুষের মর্যাদা ক্ষুণ্ন হয়।",empathy,gender_abuse
878,ওরে ধরেন প্রশাসন কি বাল ফালায় ওইখানে,প্রশাসনের কাজ নিয়ে প্রশ্ন থাকলে সেটি শালীন ও স্পষ্ট ভাষায় বলা উচিত।,discouraging_abuse,abusive_language
879,ভুসকি টা মরলে তো আলহামদুলিল্লাহ,"কারও মৃত্যু কামনা করা অত্যন্ত অমানবিক, তাই এমন কথা বলা বন্ধ করা দরকার।",warning_of_consequences,threat
880,খানকিটা যদি সত্যি মারা যায় আগামী শুক্রবার মসজিদে মিলাদ দেবো,কারও মৃত্যুকে উৎসবের মতো দেখানো খুবই অসংবেদনশীল এবং আঘাতজনক।,empathy,threat
881,"গণভবনের চুন্নি মারা গেছে, হেহে","মৃত্যু নিয়ে বিদ্রূপ করা মানবিক নয়, তাই এ ধরনের মন্তব্য এড়িয়ে চলা উচিত।",empathy,abusive_language
882,"বাইনচোদ তোর বয়স ১৮ হয় নাই তোর এখনি যৌবনে ঠেলা দেয়, তোরে সামনে পাইলে জুতা গু লাগাইয়া দু গালে দুইটা বাড়ি দিতাম","কাউকে মেরে ফেলা বা মারার কথা বলা সহিংস, তাই তা থেকে সরে আসা দরকার।",warning_of_consequences,threat
883,তসলিমা মূর্তির পিছে বাঁশ দিয়ে পানি ঢুবানোকে কখনো অপচয় বলবে না কেন না বললে তসলিমার যোনির ভেতর হিন্দু সন্ত্রাসীরা মন্ত্র পড়তে পড়তে বাশ ঢুকিয়ে দিবে,"এমন অশালীন ও সহিংস ভাষা ব্যবহার করা খুবই ক্ষতিকর, তাই বন্ধ করা উচিত।",warning_of_consequences,threat
884,তারপরও এইসব বেশ্যা তসলিমাদের হিন্দু সন্ত্রাসীদের কাজ ভালো মনে হয়,কাউকে বেশ্যা বলে আক্রমণ না করে তার বক্তব্যের সঙ্গে ভদ্রভাবে দ্বিমত করা উচিত।,discouraging_abuse,gender_abuse
885,এই জমানোর নতুন নর্তকী এরা পতিতালয়ের পতিতাদের চাইতে ওরা নিকৃষ্ট এদের কি বাপ ভাই তারা জীবিত নাই নাকি তাদের এগুলো ব্যবসা,নারীকে নর্তকী বা পতিতা বলে অপমান করা খুবই অমানবিক।,empathy,gender_abuse
886,ঘর থেকে নারী বাহির হওয়া মানে উন্নত মানের নর্তকী বেশ্যা নারী হওয়া,নারীর বাইরে বের হওয়া বা কাজ করা অপমানের বিষয় নয়; এটি তার অধিকার।,moral_appeal,gender_abuse
887,এই খানকির পোলারে খুইজা বাহির কইরা অর ধনটা কাইটা দাও কেউ। আর আমাকে নক দাও আমি ওরে টাকা দিমু প্রমিস করলাম,"এভাবে যৌন নির্যাতনের কথা বলা অত্যন্ত বিপজ্জনক, তাই তা বন্ধ করা উচিত।",warning_of_consequences,threat
888,"আসলে আমরা নামে মুসলমান হলেও কালচার ড্রেসআপ এবং ফ্যামিলি গুলোর দিকে তাকালে মনে হয়, আমরা শয়তানের প্রতিবেশী",নিজের সমাজকে শয়তানের প্রতিবেশী বলা আত্মসমালোচনার বদলে অবমাননা হয়ে যায়।,moral_appeal,abusive_language
889,শাওয়া মাওয়া ছিড়া ফালাইতে হবে খানকির,"ভাঙচুর বা হিংসার ভাষা পরিস্থিতিকে আরও খারাপ করে, তাই এটি বন্ধ করা দরকার।",warning_of_consequences,threat
890,এইসব জারজ ছেলে মেয়ে এগুলার কি কেউ নাই নাকি,জারজ বলে কাউকে হেয় না করে সমস্যাটা মানবিকভাবে দেখা উচিত।,empathy,abusive_language
891,গর্ভকালীন সময় উল্টা সাইডে অতিরিক্ত পোনদাইলে এ ধরনের বাস্টার্ড জন্ম নেয়,"এ ধরনের অশালীন মন্তব্য খুবই কষ্টদায়ক, তাই সংযত ভাষা ব্যবহার করা উচিত।",empathy,abusive_language
892,আমাদের মুসলিম মাগিরা যায় কেন এদের সাথে? ঠিকই আছে,নারীদের সিদ্ধান্ত নিয়ে অপমান না করে বিষয়টি শান্তভাবে দেখা উচিত।,moral_appeal,gender_abuse
893,পতিতা নষ্টা মুসলিম মেয়েদেরকে বিয়ে করার দায়িত্ব অনলাইন মোল্লাদের। তারা এসব নষ্টাকে বিয়ে করুক আমাদের জন্য দৃষ্টান্ত স্থাপন করুক,নারীদের পতিতা বলে দাগিয়ে দেওয়া খুবই অবমাননাকর এবং অন্যায়।,moral_appeal,gender_abuse
894,এই বেশ্যাটা ইসকোনি হিন্দু,কারও ধর্ম ও চরিত্র একসাথে টেনে অপমান করা বিভাজন বাড়ায়।,warning_of_consequences,hate_speech
895,এই খানকিরে আগে যেনা ব্যভিচারের শাস্তি দেওয়া হোক,"শাস্তির কথা বলার আগে আইনগত ও নৈতিক পথ অনুসরণ করা উচিত, হুমকি নয়।",warning_of_consequences,threat
896,"তুই আমার বাচ্চার ব্যাপারে কথা বলার আগে নিজের শিক্ষাগত যোগ্যতার সার্টিফিকেট আমাকে ইনবক্স কর, গোবরের বাচ্চা, দুই টাকার মগজওয়ালা মানুষ বললাম কি আর বুঝলি কি? ছাগলের ১৩ নাম্বার বাচ্চা",অপমানের বদলে নিজের অবস্থান ও যুক্তি পরিষ্কার করলে কথাটা বেশি কার্যকর হয়।,fact_based,abusive_language
897,শোন হাদারামের বাচ্চা হাদারাম প্রয়োজন পড়লে এড্রেস ইনবক্স করে দেবো। আমার বাচ্চার পা ধোয়া একটু পানি খেয়ে যাস,এভাবে হুমকি ও অপমান করা খুবই নিম্নমানের আচরণ।,warning_of_consequences,threat
898,আপনি যে একটা অসভ্য মহিলা এটা আপনার দেখি বোঝা যায়। নিজেও হয়তো বিয়ের আগে আকাম কুকাম করে আসছেন তাই এমন চিন্তা ধারা আর ভাষা,কারও চরিত্র নিয়ে অনুমান না করে নির্দিষ্ট কথার ওপর ভদ্রভাবে প্রতিক্রিয়া দেওয়া উচিত।,discouraging_abuse,gender_abuse
899,"এই বাচ্চা বাল পাকনা, সোজা সাপটা না",কাউকে বাল পাকনা বলে ছোট করা আলোচনাকে দুর্বল করে।,discouraging_abuse,abusive_language
900,"শাওয়ার নাচ, কয়দিন পরে খাট কাঁপাবে এই মাগি","নারীকে শরীর বা ভবিষ্যৎ নিয়ে অপমান করা অশালীন, তাই তা এড়িয়ে চলা উচিত।",empathy,gender_abuse
901,ওই শালার নুনুর মধ্যে গরম তেল ঢালা হোক,"এটি ভয়ংকর নির্যাতনের ভাষা, যা কখনোই গ্রহণযোগ্য নয়।",warning_of_consequences,threat
902,ঐ মহিলা শরীলে গরম পানি ঢেলে দেয়া হোক,"কারও শরীরে গরম পানি ফেলার কথা বলা ভয়াবহ সহিংসতা, এটা বন্ধ করা দরকার।",warning_of_consequences,threat
903,হিন্দুরা ইতর জাত এটা নিয়ে কোনো সন্দেহ নাই যতই মুখোশ পড়ুক কোনো ছাড় নেই।,কোনো ধর্মীয় গোষ্ঠীকে ইতর জাত বলা ঘৃণা ছড়ায় এবং অন্যায়।,moral_appeal,hate_speech
904,ভাই কথা ক্লিয়ার এই সেকুলার আদালত চুদি,সংবিধান বা আদালত নিয়ে সমালোচনা থাকলে তা শালীন ভাষায় বলাই ভালো।,discouraging_abuse,abusive_language
905,"গুরুর প্রতি হিন্দু মহিলার এত মায়া, গুরু হিন্দু মহিলার সউয়া দিয়া ভইরা দেও",ধর্মীয় বা নারীদের নিয়ে এভাবে অশালীন কথা বলা খুবই আপত্তিকর।,warning_of_consequences,hate_speech
906,ঐ হিন্দু খাটাস মহিলার ছবি কেন প্রকাশ করছেনা মিডিয়া?,মিডিয়ার সমালোচনা থাকলে অপমান না করে প্রশ্নটি পরিষ্কারভাবে করা উচিত।,fact_based,gender_abuse
907,ঐ কুত্তীকে গলায় রশি দিয়ে টানা হোক।,"কাউকে গলায় রশি দিয়ে টানার কথা বলা ভয়ংকর সহিংসতা, তাই তা বলা উচিত নয়।",warning_of_consequences,threat
908,ওই খানকি ছেলেকে বুঝাতে হবে রেপিস্টরা পর্দা বুঝে না,ধর্ষকের সঙ্গে পোশাক বা পর্দার সম্পর্ক নেই; দায় সবসময় অপরাধীর ওপরই পড়ে।,fact_based,abusive_language
909,খানকির পোলা খানকির বাঙ্গু গুলো কোথায় যদি এটা নিয়ে কোনো প্রতিবাদ নাই মিছিল নাই! নেরীবাদীর মারেচুদি,"নারীবাদী বা অন্যদের অপমান না করে, সমস্যাটা স্পষ্টভাবে তুলে ধরা উচিত।",discouraging_abuse,abusive_language
910,"জারজ বাঙ্গালী রা পাকিস্তানীদের খারাপ বলে অথচ ১৯৭১ সালে পাকিস্তানী সেনা রা বুঝেছিলো যে জারজ বাঙ্গালী রা ই খারাপ।জারজ বাঙ্গালী জাত এর মতো নষ্ট,অহংকারী,ইতর আর লুচ্চা জাতি আর নাই।",একটি পুরো জাতিকে নষ্ট বলা অন্যায্য এবং ঘৃণামূলক।,fact_based,hate_speech
911,১৯৭১ সালে পাকিস্তানী সেনা রা জারজ বাঙ্গালী ছেলেদের পুটকি ফাটানো ছিলো সঠিক কাজ।,"যুদ্ধ বা নির্যাতনের প্রশংসা করা খুবই বিপজ্জনক, তাই এমন কথা না বলাই উচিত।",warning_of_consequences,threat
912,বেশ্যা পল্লীতে জন্ম নেয়া এসব ছেলেপেলেদের থেকে আর কি আশা করেন?,কারও জন্মস্থান বা পরিবার নিয়ে এমন অপমানজনক কথা বলা ঠিক নয়।,empathy,abusive_language
913,এই জানো'য়ারগুলো জন্মের সময়ই মরে যায় নি কেন?,কারও মৃত্যু কামনা করা অমানবিক; রাগ হলেও এমন কথা বলা উচিত নয়।,warning_of_consequences,threat
914,এই খানকির পোলারে রাস্তায় লটকানো যায় না?,"জনসমক্ষে লটকানোর মতো কথা বলা সহিংসতা ডেকে আনে, তাই তা বন্ধ করা দরকার।",warning_of_consequences,threat
915,"আপনাগো দলের সব বকচোদরে আমি সাপোর্ট করি না, যাদের দিয়ে কিছু দেশের জন্য হয় এদের কে সাপোর্ট করি কোনো বোকচোদ রে না, মাথায় গেছে ভাইয়া?",কাউকে বোকচোদ বলা ছাড়াও নিজের রাজনৈতিক মতটি পরিষ্কারভাবে বলা সম্ভব।,discouraging_abuse,abusive_language
916,ইডেন কলেজ হলো বেশ্যাপাড়া,একটি শিক্ষাপ্রতিষ্ঠানকে এমন নামে ডাকা খুবই অপমানজনক।,moral_appeal,gender_abuse
917,রাতে জবাই করে আলাদা আলাদা করে বিভিন্ন ফ্রিজে রেখে কুত্তাদের খাওয়াবো,"এটি ভয়ংকর সহিংসতার ভাষা, যা বাস্তবেও ক্ষতি ডেকে আনতে পারে।",warning_of_consequences,threat
918,কোন এক খানকিমাগি পোস্ট দিছে,অন্যের পোস্ট পছন্দ না হলে গালি না দিয়ে এড়িয়ে যাওয়া ভালো।,discouraging_abuse,abusive_language
919,"বিশ্ববিদ্যালয়কে বেশ্যাবিদ্যালয় বানাইলে সমস্যা নাই, সমস্যা চায়ের আড্ডায়।",বিশ্ববিদ্যালয় নিয়ে সমালোচনা করতে চাইলে গালি না দিয়ে নির্দিষ্ট সমস্যা বলা উচিত।,fact_based,abusive_language
920,"তোর মার ভোদা, মাদারীপুরের ঘটনা শালা মুত খোর",কোনো ঘটনার সমালোচনা করতে গিয়ে পরিবার বা অশালীন ভাষা ব্যবহার করা ঠিক নয়।,discouraging_abuse,abusive_language
921,গুগলে সার্চ করে দেখেন নেংটির বাচ্চা,কাউকে নেংটির বাচ্চা বলে তাচ্ছিল্য না করে তথ্যভিত্তিক কথা বলা উচিত।,fact_based,abusive_language
922,ঠিক হইসে। মাগীর বেটি মারা গেসে। এখন মালুদের মরার পালা,কারও মৃত্যু নিয়ে বিদ্রূপ বা পাল্টা হুমকি দেওয়া খুবই অমানবিক।,warning_of_consequences,threat
923,কোন হিন্দু মাগির ছেলে এই ভুয়া নিউজ ছড়ায় তাকে আইনের আওতায় আনা উচিত।,"ভুয়া খবর ছড়ালে আইনগত ব্যবস্থা নেওয়া যেতে পারে, তবে ধর্ম বা মাকে টেনে গালি দেওয়া ঠিক নয়।",fact_based,hate_speech
924,খানকি পোলা এখনো জীবিত কেন?,কারও মৃত্যুর কামনা করা বা বেঁচে থাকা নিয়ে ক্ষোভ দেখানো উচিত নয়।,empathy,threat
925,সালার ওই জাগায় আমরা থাকলে ওগোরে খুন করতে ২বার ভাবতাম না,"খুনের কথা বলা খুবই বিপজ্জনক, তাই এ ধরনের ভাষা বন্ধ করা দরকার।",warning_of_consequences,threat
926,বাল এর বন্ধু ধনের বন্ধু অগো মতো বন্ধু চুদি,"বন্ধুকে নিয়ে অপমানজনক কথা বললে সমস্যা আরও বাড়ে, তাই ভদ্র থাকা উচিত।",discouraging_abuse,abusive_language
927,ভাই অনেক মাঝে কিছু হিজড়া থাকে না এরাই তারা,"হিজড়া পরিচয় নিয়ে এমন ব্যঙ্গ করা ঠিক নয়, সবার প্রতি সম্মান থাকা উচিত।",moral_appeal,hate_speech
928,তারা মনে হয় বোকাচোদা শালারা বসে বসে দেখছে আবার,"কাউকে বোকাচোদা বলা সমস্যার সমাধান করে না, বরং বিদ্বেষ বাড়ায়।",discouraging_abuse,abusive_language
929,সব এক একটা মাদারচোদ তা নাহলে ওরা এইভাবে মারতে পারে নাকি,সবাইকে একসাথে গালি দিলে আসল সমস্যাটা আড়াল হয়ে যায়।,fact_based,abusive_language
930,ভাই ক্লাসমেট শালারা বলদ। বন্ধু নামে কলঙ্ক,"বন্ধুদের নিয়ে এমন কথা বললে সম্পর্ক নষ্ট হয়, তাই ভদ্রভাবে কথা বলা ভালো।",empathy,abusive_language
931,"ভাই মানবতা পুটকি মারা খাইছে, পোলাপানের কতটুকু সাহস হইলে।",মানবতা হারানোর কথা বললেও অপমানজনক ভাষা না ব্যবহার করাই ভালো।,moral_appeal,abusive_language
932,তোর চোখ আমার জুতা থেকে সরিয়ে আমার পুটকিতে ঢুকায় রাখ,এমন অশালীন কথা শুনে কাউকে অপমান করা ছাড়া আর কিছু হয় না।,empathy,abusive_language
933,গাজা খোর বন্ধুরা ও তো বিপদে কাজে আসে তারা গাজা খাওয়ার ও যোগ্য না তারা হলো হাফ লেডিজ,নেশা বা লিঙ্গ পরিচয় টেনে অপমান না করে নির্দিষ্ট আচরণ নিয়ে কথা বলা উচিত।,moral_appeal,abusive_language
934,আমাদের ক্লাসে এইভাবে আসলে খানকির পোলারা বুঝতো মজা কারে কয়,হুমকি দিয়ে মজা বোঝানো ভালো না; শান্তভাবে সীমা বোঝানো উচিত।,warning_of_consequences,threat
935,"ধনের বন্ধু সব, হা করে দেকে",কাউকে এভাবে উপহাস না করে ভদ্রভাবে কথা বলা উচিত।,discouraging_abuse,abusive_language
936,ভাই হিজলার গায়েও জোর আছে কিন্তু এই হালাগো গায়ে নাই,হিজড়া পরিচয় নিয়ে ব্যঙ্গ না করে মানুষের শক্তি বা দুর্বলতা নিয়ে ভদ্রভাবে কথা বলা উচিত।,moral_appeal,hate_speech
937,এইযে হইলো হিজড়া নামক বন্ধু গুলা,বন্ধুদের লিঙ্গ পরিচয় দিয়ে বিদ্রূপ করা অমানবিক।,empathy,hate_speech
938,এমন ধনের বন্ধু থাকার চেয়ে না থাকা অনেক ভালো,অপমান না করে সরাসরি ভদ্রভাবে দূরত্ব বজায় রাখা যায়।,discouraging_abuse,abusive_language
939,মাদারচোদ গুলা বইসা আছে ধন ছাড়া বেডা,অশালীন ভাষা বাদ দিলে আপনার বক্তব্য অনেক বেশি শোনা যাবে।,discouraging_abuse,abusive_language
940,দাঁড়ায় দাঁড়ায় দাঁড়ায় দেখলো সবগুলো শালা হিজরা আমার বালের ক্লাসমেট,ক্লাসমেটদের হিজড়া বলে তাচ্ছিল্য করা খুবই অপমানজনক।,moral_appeal,hate_speech
941,এইখানে যদি আমাদের ক্লাসের বন্ধুরা থাকত হেডা ভাংগি দিতাম,"কাউকে আঘাত করার কথা বলা ঠিক নয়, এতে ক্ষতিই বাড়ে।",warning_of_consequences,threat
942,ওই কতো বড় কিশোর গ্যাং আমার জেলায় আসতে বলল ওর মায়ের পুটকিতে ভইরা দিতাম খানকির পোলারে,এভাবে সহিংস প্রতিশোধের কথা বলা খুবই বিপজ্জনক।,warning_of_consequences,threat
943,"ক্লাসমেটরা কি হিজড়া ?,ওদের গায়ে শক্তি নাই? মারে না কেন?",মানুষকে লিঙ্গ পরিচয় দিয়ে বিচার না করে পরিস্থিতি বুঝে কথা বলা উচিত।,fact_based,abusive_language
944,সাথের গুলো কি বলদ নাকি ভোদাই ভাই,"সাথীদের নিয়ে গালি দিলে সমাধান নয়, বরং উত্তেজনা বাড়ে।",discouraging_abuse,abusive_language
945,"ধিক্কার জানাই, কোন বালের ক্লাসমেট ওগুলা, কিভাবে প্রতিবাদ না করে পারলো হিজড়ার দল গুলো! কিভাবে টোকাইরা এসে গায়ে হাত তোলে","প্রতিবাদ না করার সমালোচনা করা যায়, কিন্তু হিজড়া বলে আক্রমণ করা উচিত নয়।",moral_appeal,hate_speech
946,"মাদারচুদ এত গুলা থাকতে ২ জনে হেতারে মারে খানকির ছেলেরা চাইয়া রইছে, এই ২ জন রে আমাদের এনে পাডাইয়েন দেখি আমার বন্দু গুলার সামনে আমারে চোখ রাইখা কতা কইতে পারে নি","এভাবে মারধরের প্রশংসা বা ভয় দেখানো সমাধান নয়, শান্ত থাকা উচিত।",warning_of_consequences,threat
947,ব্যাঞ্চে থাকা মোটা বাইঞ্চুদ দেখে কিছুই করলো না,কারও শরীর বা প্রতিক্রিয়া নিয়ে অপমান করা মানসিক আঘাত দেয়।,empathy,abusive_language
948,বোকাচোদা বন্ধু গুলা রে আমার বন্ধু হলে তোদের গুয়া থাকতো না,বন্ধুত্বকে অপমান না করে সোজাসুজি ভদ্রভাবে অসন্তোষ জানানো ভালো।,discouraging_abuse,abusive_language
949,বন্ধু নামক খানকীর পোলারা দাঁড়াইয়া দাঁড়াইয়া দেখে,বন্ধুদের উপর এভাবে আক্রমণ করলে সম্পর্ক আর কথাবার্তা দুটোই নষ্ট হয়।,empathy,abusive_language
950,এতোগুলা বাইনচুদ বসে তামশা দেখছে নিজের বন্ধুকে মারছে অন্ন কেউ এসে ছি ছি,"এমন দৃশ্য দেখলে শান্তভাবে প্রতিবাদ করা উচিত, গালি দিয়ে নয়।",discouraging_abuse,abusive_language
951,বেঞ্চে বসে থাকা বাকিগুলো বন্ধু নামের মাদারচোদ।,"বন্ধুদের নিয়ে এমন কথা বললে ভদ্রতা হারিয়ে যায়, সমালোচনা শালীন হওয়া উচিত।",discouraging_abuse,abusive_language
952,আমার বন্ধু হইলে সবার পুটকি লাল করে দিতো,"হুমকি দিয়ে সাহস দেখানো কার্যকর নয়, বরং বিপদ বাড়ায়।",warning_of_consequences,threat
953,আরে ক্লাসের সবগুলাই আবাল চুদা,সব ক্লাসমেটকে একসাথে গালি দিলে কোনো সমস্যার সমাধান হয় না।,discouraging_abuse,abusive_language
954,পুটকির ভিতরে একটা করে সিদ্ধ ডিম ডুকায় দিলে কিশোর গ্যাং বলতে কিচ্ছু থাকবে না,"এ ধরনের সহিংস কল্পনা খুবই ক্ষতিকর, তাই তা এড়িয়ে চলা উচিত।",warning_of_consequences,threat
955,"এই মাগীর পরবর্তী ঠিকানা কলকাতার পতিতালয়, কিছুদিন এই মুশরিক তাকে ভোগকরে পরে ভারতীয় মাফিয়াদের হাতে বিক্রি করে দিবে।",নারীকে এমনভাবে বর্ণনা করা খুবই অমানবিক এবং অপমানজনক।,empathy,gender_abuse
956,"কি আর হবে মাগি গাভিন হয়ে হাসপাতালে গিয়ে পেট ফেলে, হয়তো কোনো ভাল পুরুষের বউ হবে",কারও গর্ভাবস্থা বা ব্যক্তিগত জীবন নিয়ে এমন কথা বলা খুবই কষ্টদায়ক।,empathy,gender_abuse
957,দেখবি কেমনে? যৌনপল্লিতে কন্ডম দুর্ঘটনায় জন্ম হলে!,জন্ম বা পরিবার নিয়ে এমন বিদ্রূপ করা অত্যন্ত অপমানজনক।,empathy,abusive_language
958,"কুকুরের যেমন ঘরের প্রয়োজন হয়না,, রাস্তা ঘাটে বাসর করে? এরা মনে হয় কুকুরের জাত, তাই যেখানে সেখানে কাম সাইড়া ফেলতেছে।",মানুষকে কুকুরের সঙ্গে তুলনা করা অপমানজনক; ভদ্রভাবে অভিযোগ করা উচিত।,moral_appeal,abusive_language
959,পোন্দাপুন্দি করছে? এইটুকু নিতে পারিস না? ধোন দাড়ায়া যায় এইটুকু তেই? শালা চোদনা কোথাকার! এইটা দেইখাই হ্যান্ডেল মারা লাগে তোদের!!,"কঠিন ভাষায় কথা বললে উত্তেজনা বাড়ে, তাই শান্তভাবে বিষয়টি বলা ভালো।",warning_of_consequences,threat
960,ফেস গুলা ঢাইকা দেন কেন? আমরাও খানকিদের কে দেখতে চাই আমরাও আবাসিক হোটেলে মাগিদের কে দেখতে চাই আমাদেরও মন চায় খানকিদের কে লাগাইতে,নারীর শরীর বা পোশাক নিয়ে এভাবে কথা বলা খুবই অশালীন।,moral_appeal,gender_abuse
961,"ধুর সালারে। নিজের বোনের সাথে কর,হালাল পুত পড়তে আসসিস না হানিমুনে আসসিস","পরিবারকে টেনে অশালীন কথা বলা খুবই কষ্টদায়ক, তাই ভদ্রভাবে সমালোচনা করা উচিত।",empathy,abusive_language
962,হালার পুলিশ পারে খালি বাইকার গো লগে। জোকার শালারপুতেরা,কাউকে এভাবে অপমান না করে সমস্যাটা নির্দিষ্টভাবে বললে কথার গুরুত্ব বাড়ে।,discouraging_abuse,abusive_language
963,আর তুই কার চোদা খাইয়া হইছ? কুত্তার?,কারও জন্ম বা পরিবার নিয়ে এভাবে কথা বলা খুবই অশালীন এবং কষ্টদায়ক।,empathy,abusive_language
964,এত কিছু হচ্ছে তা নিয়ে টেনশন নাই খালি জুলাই চোদায়,এভাবে বিদ্রূপ না করে ঘটনাটা নিয়ে শান্তভাবে কথা বলা বেশি উপকারী।,discouraging_abuse,abusive_language
965,এই টোকাইদের এমন মাইর দিতে হবে যেনো বেঁচে থাকার ইচ্ছে ওদের না থাকে।ওসব টোকাই দেশ থেকে ২/৩ কোটি নাই করে দিলেও সমস্যা নাই,"মানুষকে মেরে ফেলার কথা বলা ভয়ংকর, তাই এমন ভাষা থেকে সরে আসা দরকার।",warning_of_consequences,threat
966,"দাড়ি টুপিকে টেনে আনা লাগবেই, নাহলেতো কিছু জারজ সন্তানদের পেটের ভাত হজম হবে না",দাড়ি বা টুপি নিয়ে অপমান করা ঠিক নয়; সমালোচনা থাকলে তা বিষয়ভিত্তিক হওয়া উচিত।,moral_appeal,hate_speech
967,আরে কুকুরের বাচ্চা তোদের এতো জলে চুলকায় তা ডাক্তার দেখে ভালো মলম নিস না কে,কাউকে কুকুরের বাচ্চা বলা বন্ধ করে সমস্যা হলে তা ভদ্রভাবে বলা উচিত।,discouraging_abuse,abusive_language
968,ওর জম্মের সমস্যা আছে. বিশ্বাস না হলে ও ডিএনএ টেস্ট করাতে পারে।মারানির পুত,কারও জন্ম নিয়ে কটূক্তি না করে নির্দিষ্ট অভিযোগটা প্রমাণসহ বলা ভালো।,fact_based,abusive_language
969,শাউয়া দিয়া ভইরা দিমু ফাউল কথা চুদাস বাইনচোদ,"এভাবে হুমকি ও গালাগালি দিলে পরিস্থিতি আরও খারাপ হয়, তাই থামা উচিত।",warning_of_consequences,threat
970,"এক মাদারচুদ হুজুর কমেন্ট করেছে এত সাজ সজ্জা ভাল না।এই খানকিরপোলা তোরা যে মাদ্রাসায় ছেলেদের বলৎকার করছ,ছেলেরা কি সাজ সজ্জা করে।",কোনো ধর্মীয় প্রতিষ্ঠানকে যৌন অপরাধের সাথে জুড়ে দেওয়া খুবই গুরুতর ও অন্যায্য।,warning_of_consequences,hate_speech
971,"এটা দেখেই বোঝা যাচ্ছে এডিট করা, আপনি তো মুসলমান না জানোয়ার একটা","এডিট নিয়ে সন্দেহ থাকলে সেটি ভদ্রভাবে দেখানো উচিত, ব্যক্তিকে জানোয়ার বলা ঠিক নয়।",fact_based,abusive_language
972,ভাই আগে ইডিট শিখে তারপর এমন পোষ্ট করিস! জাওরা কোথাকার,কাউকে শেখাতে চাইলে অপমান না করে ধৈর্য ধরে বলা বেশি কার্যকর।,discouraging_abuse,abusive_language
973,"এডিট করছেন বোঝাই যাচ্ছে শয়তানের বাচ্চারা, দাঁড়ি টুপি দেখলে জ্বলে তোদের",দাড়ি-টুপি দেখলেই বিদ্বেষ ছড়ানো ঠিক নয়; বিষয়টা নিরপেক্ষভাবে দেখা উচিত।,moral_appeal,hate_speech
974,এইসব কুত্তার বাচ্চারা ইসলামটাকে শেষ করে দিছে,কিছু মানুষের আচরণের জন্য পুরো ধর্মকে দায়ী বা ছোট করা যায় না।,fact_based,hate_speech
975,"কিছু শুয়োরের বাচ্চার সভাবটাই এমন, যে কোনো দোষ হলেই সেখানে দাড়ি টুপি ওলা না থাকলেও তাকে জোর করে হলেও সেখানে নিয়ে আসবে।",কোনো অভিযোগে সবসময় একটি গোষ্ঠীকে টেনে আনা ঠিক নয়; প্রমাণ ছাড়া সিদ্ধান্তও ঠিক না।,fact_based,abusive_language
976,এদের মত মাদারচোদরা তো মুসলিমি না,কারও ধর্মীয় পরিচয় নিয়ে এমন বিচার করা উচিত নয়; মানুষকে কাজ দেখে মূল্যায়ন করা ভালো।,moral_appeal,hate_speech
977,এই জন্য ই হুজুরদের বদনাম হয় বোকাচোদার বাল একটা,"কোনো একটি গোষ্ঠীকে গালি দিলে বদনাম কমে না, বরং ঘৃণা বাড়ে।",discouraging_abuse,abusive_language
978,অত্যন্ত সুক্ষ্ণভাবে এডিট করে ইসলামোফোবিয়া ছড়াচ্ছে শাহাবাগি কিটগুলি!,ইসলামোফোবিয়া নিয়ে উদ্বেগ থাকলে তা প্রমাণসহ ও শান্তভাবে তুলে ধরা উচিত।,fact_based,hate_speech
979,এইসব ভন্ড ও লুচ্চা হুজুরদের নজরটাই খারাপ। এরা বাচ্চাদের মাঝেও নোংরা খুঁজে বেড়ায়। এই বদমাইশকে সামনে পাইলে আগে জুতা পেটা করতাম।,"কারও প্রতি জুতা পেটার কথা বলা সহিংস, তাই অভিযোগ থাকলে আইনগত পথে যাওয়া উচিত।",warning_of_consequences,threat
980,বোকাচোদা। একজন খুন করে ফেলছে তার বেলায় কিছু না। আর এর সামান্য একটা কমেট তোর মায়ের ভোদায় গিয়ে লাগছে তাই না। মাদারচোদ,খুনের মতো গুরুতর বিষয়কে তুলনা করে হেয় করা খুবই অমানবিক এবং অশালীন।,empathy,abusive_language
981,কিছু জানোয়ারের বাচ্চা আছে যারা সুদু চেষ্টা করে কি ভাবে হুজুরদের দোষ বাহির করা যায়,"দোষ খোঁজার চেষ্টা থাকলে সেটি নির্দিষ্ট তথ্য দিয়ে করা ভালো, গালি দিয়ে নয়।",fact_based,abusive_language
982,বান্দির পুতেরা একটা মানুষ কোন এঙ্গেলে কি বুঝাতে চাইছে সেটা না বুঝে পোস্ট করে ফেলে ভিউ মারাননির পোলাপান,কারও উদ্দেশ্য না বুঝে তাড়াহুড়া করে আক্রমণ না করাই ভালো।,discouraging_abuse,abusive_language
983,চুতিয়া বাঙালি চুতিয়াগিরিতে সেরা রে,"একটি জাতিকে এভাবে গালি দেওয়া ঠিক নয়, সমালোচনা হলে ভদ্র ভাষায় বলা উচিত।",moral_appeal,hate_speech
984,আবালচোদা পোস্টকারীকে বলতেছি হুজুরে কি বলল না বলল সেই দিকে নজর না দিয়া যে শালার ঘরের শালা ধর্ষণ যে করছে ওই হালার ঘরের হালারে আইনা শাস্তি দে।,"ধর্ষণের মতো গুরুতর অপরাধে প্রমাণসহ ব্যবস্থা নেওয়া উচিত, গালাগালি নয়।",fact_based,abusive_language
985,"ওর মাইরে চুদে দেওয়া দরকার, এই খানকির ছেলেরে জুতা দিয়ে পিঠানো দরকার","এভাবে শাস্তি ও মারধরের কথা বলা খুবই বিপজ্জনক, তাই তা বন্ধ করা দরকার।",warning_of_consequences,threat
986,এত একটা বাচ্চা মেয়ে কি আছে তার মধ্যে। চোদনা হুজুরের কমেন্ট দেখলে শরীর জলে।,বাচ্চা মেয়েকে টেনে এমন কথা বলা বা গরম হওয়া দুটোই অশালীন; শান্ত থাকা দরকার।,empathy,abusive_language
987,বোকাচোদা গুলা আছেই ঝামেলা লাগাইতে,কাউকে বোকাচোদা বলে ঝামেলার উৎস বলা সমস্যার সমাধান করে না।,discouraging_abuse,abusive_language
988,পোস্টকারী কুত্তার বীর্য থেকে জন্ম নেওয়া।,কারও জন্ম বা পরিবারকে টেনে এমন কথা বলা খুবই আঘাতমূলক।,empathy,abusive_language
989,খানকির পোলা তোর মারে চুদে সব হুজুর রা,"পরিবারকে টেনে অপমান করা খুবই কষ্টদায়ক, তাই এমন ভাষা বন্ধ করা উচিত।",empathy,abusive_language
990,বোকাদোচা তুই একজনের কথা নিয়ে পুরো সম্প্রদায়ের উপর চাপাস কেন? ব্রেইন কি তোর পুটকিতে,"একজনের কথা দিয়ে পুরো সম্প্রদায়কে দোষ দেওয়া ঠিক নয়, আর অপমানও অপ্রয়োজনীয়।",fact_based,abusive_language
991,"দুই একটা বাইঞ্চোদের জন্য সবাইকে দোষ দিচ্ছিস কেন? আর ইসলাম কি দাড়ি টুপি ওয়ালাদের কাছে সীমাবদ্ধ, বোকারাম।",কিছু মানুষের ভুলে সবাইকে দোষী করা বা ধর্মকে সীমাবদ্ধ করা দুটোই ভুল।,fact_based,abusive_language
992,বান্দির পো রে দইরা উল্টা জুলানো দরকার।,"উল্টা ঝুলিয়ে দেওয়ার কথা বলা নির্যাতনকে উসকে দেয়, তাই এটা বলা বন্ধ করা উচিত।",warning_of_consequences,threat
993,মাথায় কি সমস্যা আছে নাকি দাড়ি টুপি থাকলে কি জামাতের লোক এইসব আবালদের কখনো পরিচয় হয় না এরা মূর্খ মূর্খই থাকবে,দাড়ি-টুপি বা রাজনৈতিক পরিচয় নিয়ে কটাক্ষ না করে নির্দিষ্ট কাজ নিয়ে কথা বলা ভালো।,moral_appeal,hate_speech
994,"উগ্রবাদী মারাও, গুখোর কোথাকার, গরুর গোবর আর মুত্র খেয়ে তোদের মস্তিস্কেও এখন গোবর আর মুত্র হয়ে গেছে। সালা চারালের গুস্টি","উগ্রবাদের বিরুদ্ধে কথা বলতে গিয়েও এমন গালি দেওয়া ঠিক নয়, এতে নিজেই বিদ্বেষ বাড়ে।",warning_of_consequences,hate_speech
995,"আরে বোকাচোদা তুই যে বোকাচোদা তা তোর কথার মাধ্যমেই বোঝা যাচ্ছে জঙ্গির বাচ্চা, গরুর গবর আর মুত খাই হিন্দুরা পারলে ওদের যে বল যা,",কাউকে জঙ্গির বাচ্চা বা বোকাচোদা বলা ছাড়াও কঠোর সমালোচনা করা সম্ভব।,discouraging_abuse,hate_speech
996,"বাঙ্গালি হচ্ছে আবেগ চুদা মানুষ, এরা কিছু ইমোশনাল দেখলেই শুরু হয়ে যায়। কমেন্টটা এডিট করা বুঝাই যাচ্ছে, কিন্তু কি করার ওই যে দাড়ি টুপি ওয়ালা মানুষ, সাওয়া তো চুলকাবেই।",একটি জাতিকে আবেগচাপা বা চুলকানি দিয়ে উপহাস করা সঠিক নয়; নির্দিষ্ট পোস্ট নিয়ে কথা বলা ভালো।,moral_appeal,abusive_language
997,ওর মারে চুদি। খানকির পোলা ছোট বাচ্চা দেখেও এই কমেন্ট চুদায় বাঙ্গু। কোথাকার!,শিশুর প্রসঙ্গ টেনে এমন ভাষা ব্যবহার করা খুবই কষ্টদায়ক ও অশোভন।,empathy,abusive_language
998,"যারা বলতেছে এডিট, তোরা এত বোকাচোদা কেন? শুধু এই কমেন্টটা কাট করছে ওই পোস্টের। হায়রে ইলিটারেট বাঙ্গু।",ভুল ধরাতে চাইলে অপমান না করে তথ্য দেখানোই বেশি কার্যকর।,discouraging_abuse,abusive_language
999,"কুত্তার পয়দারা, সাজাটা দোষের না। দোষ তো মানুষ হইয়া এমন জঘন্য কাজ করা, নিষ্পাপ বাচ্চা মেয়ে।","অপরাধীর শাস্তি দরকার, কিন্তু অপমানজনক ভাষা না ব্যবহার করাই ভালো।",empathy,abusive_language
1000,"কারো নামে বদনাম করার জন্য এডিট করবি, প্রফেশনালভাবে কর। আনপ্রফেশনালভাবে করছস কেন, মক্কেল চোদা?",মিথ্যা বা এডিট নিয়ে প্রশ্ন থাকলে সেটি পেশাদার ভাষায় করা উচিত।,fact_based,abusive_language
1001,"জি ভাই, বয়স হয় নাই বলে ছোট থেকে এইসব প্র্যাকটিস করা উচিত। কি লজিক বাপু! বাহ চুদির ভাই।",কাউকে অপমান না করে যুক্তি দিয়ে বলা যায় যে এ ধরনের পরামর্শ ঠিক নয়।,discouraging_abuse,abusive_language
1002,কুত্তার বাচ্চারা তোদের এতো জ্বলে কেনো ইসলাম নিয়ে। তোদের আর কোনো কাজ নাই ইসলাম ধর্মের পিছনে পরে থাকিস। গোবর আর মুত্র খাওয়া ছেড়ে দিয়ে দেখ আবর্জনা আসলে তোরা ই,ধর্ম নিয়ে মতভেদ থাকলেও কুকুরের বাচ্চা বলা বা গোবর-মুত্রের কথা বলা অশালীন।,warning_of_consequences,hate_speech
1003,"তোদের লজ্জা হবে কবে বল,গুবর খাওয়া জাতি তরা, মেথর কি করে বুঝবে আতরের ঘ্রান।",একটি জাতিকে গোবর খাওয়া জাতি বলা খুবই অপমানজনক এবং বিভেদমূলক।,moral_appeal,hate_speech
1004,তোমাকে বিড়ালে চুদে জন্ম দিছে মনে হয়,কারও জন্ম নিয়ে এভাবে ব্যঙ্গ করা অত্যন্ত কষ্টদায়ক।,empathy,abusive_language
1005,"তর মার আব্বা হলাম আমি তর মারে চুদি সালা হিন্দু হিন্দুর দল, আবর্জনা",ধর্মীয় গোষ্ঠী ও পরিবারকে একসাথে গালি দেওয়া খুবই অশালীন ও ঘৃণামূলক।,warning_of_consequences,hate_speech
1006,ওই খান্কিরছেলে তোরে যদি এখন সামনে পাইতাম কুদার কসম তোরে কুত্তার মতো পিতাটাইম,"সামনে পেলে মারার হুমকি দেওয়া খুবই বিপজ্জনক, তাই এখনই থামা উচিত।",warning_of_consequences,threat
1007,তদের মতো নাস্তিকের বাচ্চাদের কমেন্ট করতে বলে কে,কারও বিশ্বাস নিয়ে এমন তাচ্ছিল্য না করে ভদ্রভাবে মত প্রকাশ করা উচিত।,moral_appeal,hate_speech
1008,জন্মের ঠিক নেই খানকির পোলা,কারও জন্ম নিয়ে অপমান করা খুবই নিম্নমানের এবং কষ্টদায়ক।,empathy,abusive_language
1009,"শুয়োরের বাচ্চা, তুর জন্ম অশুদ্ধ, শালা জানোয়ার",কারও জন্মকে অশুদ্ধ বলা বা জানোয়ার বলা অপমানজনক; এ ধরনের কথা বন্ধ করা উচিত।,empathy,abusive_language
1010,এই নাস্তিকের বাচ্চা কে জিন্দা মাটিতে পুতা দরকার,কাউকে জীবন্ত মাটিতে পুঁতে দেওয়ার কথা বলা ভয়ংকর সহিংসতা।,warning_of_consequences,threat
1011,কুত্তার বাচ্চা তদের মত তো আর গরুর মুত খাইনা,কাউকে কুকুরের বাচ্চা বলা বা গরুর মূত্র টেনে আনা অপ্রয়োজনীয় অপমান।,discouraging_abuse,abusive_language
1012,"মৃণাল রায় ম্যানেজারের নাতি, তোরে সামনে পাইলে জিভ ছিঁড়ে ফেলবো কুত্তার বাচ্চা।","জিভ ছিঁড়ে ফেলার হুমকি খুবই ভয়ংকর, তাই সেটা বলা বন্ধ করা দরকার।",warning_of_consequences,threat
1013,"এই খানকির পুত, অচলা বাস ঢুকাইয়া দিবো।","এভাবে শরীর নিয়ে নির্যাতনের কথা বলা ভয়াবহ, তাই এমন ভাষা ব্যবহার করা উচিত নয়।",warning_of_consequences,threat
1014,"মাদেরচোদ, তোরা হইতাছস ফেরাউন, তোরা হইতাছস মালাউন। শালা মালাউন, তোদের মতো মালাউনদের আগুনে পুড়াইয়া মারে, তখন ইসলাম হইতাছে শান্তির ধর্ম শালা ফেরাউন।","কোনো গোষ্ঠীকে আগুনে পোড়ানোর কথা বলা ভয়ংকর, ধর্মের নামেও এমন কথা বলা উচিত নয়।",warning_of_consequences,hate_speech
1015,"তোর মাকে চুদি, বেশ্যার বেটা।","মাকে টেনে গালি দেওয়া খুবই কষ্টদায়ক, তাই এভাবে কথা না বলাই ভালো।",empathy,abusive_language
1016,দেশের সম্পদ নষ্ট করা আচোদা বাঙ্গু,"দেশের সম্পদ নষ্টের অভিযোগ থাকলে নির্দিষ্ট কাজ দেখিয়ে কথা বলা উচিত, গালি দিয়ে নয়।",fact_based,abusive_language
1017,এই জন্যই দেশের কোনো উন্নতি হয় না। অসুস্থ মানসিকতার মানুষের অভাব নেই এই দেশে,দেশের সমস্যার কথা বললেও পুরো জনগণকে অপমান না করে নির্দিষ্ট সমস্যা দেখানো ভালো।,fact_based,abusive_language
1018,"মানসিক বিকারগস্ত পাবলিক এরা, চিকিৎসার প্রয়োজন","মানসিক স্বাস্থ্য নিয়ে কথা বলার সময় বিদ্রূপ নয়, সংবেদনশীলতা দরকার।",empathy,abusive_language
1019,"মোট কমেন্ট ৪ টা তার মধ্যে ১ টা হচ্ছে হুজুর টাইপ একজনের আর এটাই আপনার চোখে লাগলো, বাকি ৩ টা গিয়ে আপনার মার হো গায় লাগলো বাহ চু দির ভাই",কোনো মন্তব্য নিয়ে আপত্তি থাকলে অপমান না করে ভদ্রভাবে দেখানো উচিত।,discouraging_abuse,abusive_language
1020,তোমার আব্বু বাকিদের নিয়েও বলে বুঝছো বাট তোমার এই আম্মুযে শুধু হুজুর হুজুর করে এটা তোমার চোখে লাগে না? আর তোমার আম্মুর মতে হুজুররা কি মানুষ না? ওদের ভুল হতে পারে না? সব খনকির পোলারা,পরিবার ও ধর্মীয় গোষ্ঠীকে একসাথে টেনে গালি দেওয়া অত্যন্ত অশালীন।,warning_of_consequences,hate_speech
1021,অপরাধ যে করুক তাকে সর্বোচ্চ শাস্তি দেয়া হোক৷ চাই সে হুজুর হোক বা অন্য কেউ কিন্তু তোরা খামকির পোলারা শুধু হুজুদের দোষ নিয়ে পড়ে থাকস কেন?,"অপরাধীর শাস্তির কথা বলা ঠিক আছে, তবে কাউকে গালি না দিয়ে ন্যায্যভাবে কথা বলা ভালো।",moral_appeal,abusive_language
1022,"একজনতো বললো, রসে টসবস ঐটা তর হোগায় লাগে নাই কেন? আর হুজুরেরটা কেন একেবারে হোগায় ভেতর গিয়ে লাগছে এটা আগে ক্লিয়ার কর মাদারচোদ।","এমন অশালীন প্রশ্ন মূল আলোচনাকে নষ্ট করে, তাই ভদ্রভাবে স্পষ্টতা চাওয়া উচিত।",discouraging_abuse,abusive_language
1023,আরেক মাগি লাভ রিয়েক্ট দেয়,কাউকে মাগি বলে আক্রমণ না করে আচরণ নিয়ে কথা বলা উচিত।,empathy,gender_abuse
1024,শালারা আসলেই অশিক্ষিত,অশিক্ষিত বলে অপমান না করে ভুলটা দেখিয়ে দিলে কথাটা বেশি কার্যকর হয়।,discouraging_abuse,abusive_language
1025,হাউয়্যা হাদীর অনুসারী জামাতি শুয়োরের বাচ্চা এরকম চিন্তা কারও মাথায় আসবে না।,রাজনৈতিক বা ধর্মীয় গোষ্ঠীকে শুয়োরের বাচ্চা বলা ঘৃণা বাড়ায়।,moral_appeal,hate_speech
1026,এরা পুরুষ না এরা জানোয়ার,কাউকে জানোয়ার বলা বা পুরুষত্ব নিয়ে ব্যঙ্গ করা অপমানজনক।,empathy,abusive_language
1027,শুয়োর এর চেয়েও খারাপ এরা,মানুষকে শুয়োরের চেয়েও খারাপ বলা খুবই অমানবিক।,empathy,abusive_language
1028,এরা মানুষ? এরা যৌন কর্মীর ১০০৯ নাম্বার কাস্টমার এর সন্তান,কারও পরিবার বা জন্ম নিয়ে এমন কথা বলা খুবই কষ্টদায়ক।,empathy,abusive_language
1029,এগুলো অজর্মা।এইগুলার মা জানে না এদের বাপ কে।,কারও মাকে বা পিতৃপরিচয়কে টেনে অপমান করা খুবই অশালীন।,warning_of_consequences,abusive_language
1030,এরা হইলো মাদ্রাসায় চোদা খাওয়া পোদমোল্লা। খানকির পোলাদের পুটকি মারতে মারতে ব্রেইন নাই হয়ে গেছে।,মাদ্রাসা নিয়ে এমন ভয়ংকর অপমান করা সহনশীলতার বিরুদ্ধে যায়।,warning_of_consequences,hate_speech
1031,ইরান এর উচিত বাংলাদেশে বোম্ব ফেলা। এই দেশটাকে মানচিত্র থেকে মুছে দেওয়া উচিত।,কোনো দেশের ওপর বোমা ফেলার কথা বলা ভয়াবহ যুদ্ধের আহ্বান।,warning_of_consequences,threat
1032,সব গুলো ভবিষ্যৎ এর ধর্ষক।। এদের ছবি গুলো কোনো সামাজিক গ্রুপে দিয়ে দিন। যাতে করে তাদের প্রতিবেশীরা তাদের থেকে সাবধানে থাকে।,"কাউকে আগাম ধর্ষক বলা প্রমাণ ছাড়া ঠিক নয়, আর ছবি ছড়িয়ে দেওয়া গোপনীয়তা নষ্ট করে।",fact_based,abusive_language
1033,এই জন্যই দেশের কোনো উন্নতি হয় না। অসুস্থ মানসিকতার মানুষের অভাব নেই এই দেশে,দেশের সমস্যার কথা বললেও অপমান না করে নির্দিষ্ট কারণ দেখানো ভালো।,moral_appeal,abusive_language
1034,সব গুলো যৌনকর্মীর ছেলে৷,কারও জন্ম বা পরিবারকে টেনে এমন অপমানজনক কথা বলা খুবই কষ্টদায়ক।,empathy,abusive_language
1035,"এডিযে কতো বড় নডির পোলা,সেটা কমেন্ট দেখে বুঝা যা",এভাবে ব্যক্তিগত আক্রমণ না করে ভদ্রভাবে সমালোচনা করা উচিত।,discouraging_abuse,abusive_language
1036,"এরা মানুষ না, এরা এক একটা জারজ",মানুষকে জারজ বলে দাগিয়ে দিলে কোনো আলোচনা এগোয় না।,empathy,abusive_language
1037,এরা বাপ হারা ছেলে। যাদের জন্ম রাস্তায় তারা তো এমন মানসিকতার হবে ১০০/১০০,জন্মস্থান বা পিতৃহীনতা দিয়ে কারও চরিত্র বিচার করা ঠিক নয়।,empathy,abusive_language
1038,এই শালাদের একই সাথে সেম মামলায় ঢুকিয়ে দেওয়া হোক.... এরাও অপরাধী,"অভিযোগ থাকলে আইনগতভাবে ব্যবস্থা নেওয়া যায়, কিন্তু কাউকে গালি দেওয়া উচিত নয়।",fact_based,abusive_language
1039,এসব কমেন্ট করা লোকদের লিঙ্গ জনসম্মুখে কেটে দেয়া উচিত। এই চুতমারানি গুলাই এরকম ধর্ষণ ঘটায়।,"এভাবে অঙ্গচ্ছেদের কথা বলা ভয়ংকর সহিংসতা, আর ভিকটিম-ব্লেমিংও ঠিক নয়।",warning_of_consequences,threat
1040,জানোয়ারের বাচ্চারা বলে কি এদের আগে ফাসি দেয়া দরকার নাহয় এরাই কালকে নিজের বোন নিজের মেয়েকেও ছারবে না,ভবিষ্যৎ অপরাধের জন্য কাউকে ফাঁসি দেওয়ার কথা বলা উচিত নয়; প্রমাণভিত্তিক ব্যবস্থা দরকার।,warning_of_consequences,threat
1041,"বাদ দেন না, বৃষ্টিময় রাতে ভুল পথে গিয়ে ওদের জম্ম। সব কথা কি কানে নিতে হয়।ভুল পথে পৃথিবীতে আসা জানোয়ার।",কারও জন্ম বা পথভ্রষ্টতা নিয়ে এমন মন্তব্য খুবই আঘাতমূলক।,empathy,abusive_language
1042,"ওদের জন্মের ঠিক নাই, এরাই করে এ কাজগুলা। জানোয়ারগুলা",জন্ম নিয়ে আক্রমণ না করে নির্দিষ্ট কাজের সমালোচনা করাই ভালো।,discouraging_abuse,abusive_language
1043,এরা কি মানুষ নাকি এরাও সেই লোক? কুত্তার বাচ্চারা..,কাউকে কুত্তার বাচ্চা বলে খাটো না করে আচরণ নিয়ে কথা বলা উচিত।,discouraging_abuse,abusive_language
1044,কি লেভেলের জানোয়ার এইগুলা। তোদের জন্ম আদও ঠিক আছে'তো তোরাও মানুষ?? মায়ের পেটে জন্ম তোদের?? ছি ছি,মানুষকে জানোয়ার বলা বা জন্ম নিয়ে প্রশ্ন তোলা কষ্টদায়ক এবং অমানবিক।,empathy,abusive_language
1045,নামে মানুষ স্বভাব তো ড্রেনের পশুর মতো,কারও স্বভাব নিয়ে আপত্তি থাকলে পশুর সঙ্গে তুলনা না করাই ভালো।,discouraging_abuse,abusive_language
1046,রক্তচোষা জানোয়ার নিকৃষ্ট এদের জীবন্ত কবর দেওয়া উচিত,"জীবন্ত কবর দেওয়ার কথা বলা ভয়ংকর ও অমানবিক, এটা বলা বন্ধ করা দরকার।",warning_of_consequences,threat
1047,এই খানকিরপোলাগো ব্রেন হেগো হোগার মধ্যে। এদিরে কুত্তা পিটান পিটানো উচিত,"মানুষকে পিটানোর কথা বলা অশান্তি বাড়ায়, আর অপমানও অপ্রয়োজনীয়।",warning_of_consequences,threat
1048,"আমাদের দেশের মানুষগুলো মানুষ না। কুত্তার বাচ্ছা,শুয়োরের বাচ্ছা। এদের রক্তেই দোষ আছে। শালার পুতদের কারণেই দেশের এই অবস্থা।",একটি দেশের মানুষকে একসাথে কুকুর-শুয়োর বলা অনুচিত এবং ক্ষতিকর।,moral_appeal,hate_speech
1049,এসব জানোয়ারদের মরন হয় না?,"কারও মৃত্যু কামনা করা মানসিক ক্ষতি ডেকে আনে, তাই এমন কথা বলা উচিত নয়।",empathy,threat
1050,অসুস্থ মস্তিষ্কে মানুষ না পশুতে ভরে গেছে আমাদের বাংলাদেশে।,সমাজের সমস্যা নিয়ে কথা বললেও অপমান না করে সংবেদনশীলভাবে বলা উচিত।,empathy,abusive_language
1051,ধার্মিক রুপী নাস্তিকের দল ভোটের লাগি ধর্ম বেইচ্চা মানুষরে অমানুষ বানাইসে,রাজনৈতিক বা ধর্মীয় সমালোচনা করতে হলে প্রমাণ ও নির্দিষ্ট উদাহরণ দরকার।,fact_based,hate_speech
1052,এরাই সেই রেপিষ্ট ধরনের লোক।এদের খুজে বের করা উচিত। এক একটা মাদারচোদ,"অপরাধের অভিযোগ থাকলে প্রমাণসহ বলুন, কিন্তু গালি দিয়ে কথা বলবেন না।",fact_based,abusive_language
1053,খ. রহমান এই খাঙ্কির বাচ্চায় একটা নাস্তিক! আমি কয়েকটা গ্রুপে এই জানোয়ারের কমেন্টস পড়ছি!,কারও বিশ্বাস বা মন্তব্য নিয়ে অপমান না করে নির্দিষ্ট ভুল দেখানো উচিত।,discouraging_abuse,abusive_language
1054,কইলাম তো ভাই খানকির পুতের দেশে মাগির পুতের বসবাস,দেশ বা মানুষের কথা এভাবে অপমান করা খুবই ঘৃণামূলক।,moral_appeal,hate_speech
1055,উদ্ভট কমেন্টকারী কৃমি বাইঞ্চোদগুলারে শূলে চড়ানো উচিত,"শূলে চড়ানোর মতো কথা বলা ভয়াবহ সহিংসতা, তাই তা বন্ধ করা দরকার।",warning_of_consequences,threat
1056,ঐ জানোয়ারটার সাথে এ নরপশু গুলোরও শাস্তি হওয়া উচিত। দেখবেন পড়ে এরাই আবার ধর্ষন করবে।,শাস্তির কথা বললেও কাউকে নরপশু বলা বা ভবিষ্যৎ ধর্ষক বলে দাগানো ঠিক নয়।,warning_of_consequences,threat
1057,আমি শিওর এরা কোন যৌনকর্মীর ছেলে না হয় কোন যৌনকর্মী কারন কোন ভালো ঘরের সন্তান কখনো একটা বাচ্চা মেয়েকে নিয়ে এভাবে কথা বলতে পারে না,কাউকে ভালো ঘরের সন্তান নয় বলে দাগিয়ে দেওয়া ন্যায্য নয়; আচরণ নিয়েই কথা বলা উচিত।,fact_based,abusive_language
1058,"শয়তানের কোনো ধর্ম বা জাত হয় না৷ এদের জন্মের সময় এদের মা-বাবার উচিত ছিলো গলা টিপে মেরে ফেলার৷ বলা তো যায় না, কাল এদের মধ্যেই কেউ একটা এমন শিশুর জীবন নষ্ট করবে৷","কারও জন্মের সময় মারা ফেলার কথা বলা ভয়ংকর, আর এমন সন্দেহও প্রমাণ ছাড়া বলা উচিত নয়।",warning_of_consequences,threat
1059,এসব কুরুচিপূর্ণ জানোয়ারের বাচ্চাগুলোকে আইডেন্টিফাই করে এদেরকেও কঠিন শাস্তি প্রদান করতে হবে।এরাও ভবিষ্যতে এমন অপরাধ করতে পারে,ভবিষ্যৎ অপরাধী বলে কাউকে চিহ্নিত করা যায় না; আইনগতভাবে প্রমাণের ভিত্তিতে ব্যবস্থা নিতে হয়।,fact_based,abusive_language
1060,"যারা এমন খারাপ কমেন্ট করছে, তারাই আসল বিকৃত মস্তিষ্কের অমানুষ।",অন্যকে বিকৃত মস্তিষ্কের বলে দাগানোর বদলে নির্দিষ্ট মন্তব্যের জবাব দেওয়া ভালো।,discouraging_abuse,abusive_language
1061,জানোয়ারের বাচ্চারা বলে কি এদের আগে ফাসি দেয়া দরকার নাহয় এরাই কালকে নিজের বোন নিজের মেয়েকেও ছারবে না,ফাঁসি দেওয়ার আগে অভিযোগ প্রমাণ করা জরুরি; ভয় দেখানো সমাধান নয়।,warning_of_consequences,threat
1062,"এগুলো কাউকে ধর্ষন করছে গিয়ে দেখেন শয়তান তো শয়তানের ভাই বোঝাই যায়, শালার পুতরা বাংলাদেশ বলেই পারছোস এমন করতে এটা বলে মুসলিম দেশ ধিক্কার জানাই খিস্টান এর চেয়েও খারাপ,",ধর্মকে অপরাধের সঙ্গে জুড়ে ঘৃণা ছড়ানো খুবই বিপজ্জনক।,moral_appeal,hate_speech
1063,ওদের শুয়োরের বাচ্চা বললে শুয়োর কে অপমানিত করা হবে।,কাউকে শুয়োর বলা বন্ধ করাই ভালো; অপমানের মাত্রা বাড়িয়ে কোনো লাভ নেই।,discouraging_abuse,abusive_language
1064,মাদারচোদের বাচ্চারা৷ সে শাউয়ার দেশে ধর্ষকের বিচার হয়না সে শাউয়ার দেশে এসব কমেন্টকারীর বিচার চাওয়া বিলাসিতা। মাদারচোদ মার্কা একটা দেশের নাগরিক আমি!,দেশকে গালি না দিয়ে বিচারব্যবস্থার সমস্যাটা নির্দিষ্টভাবে বলা বেশি দরকারি।,fact_based,abusive_language
1065,এদের মেন্টালিটি রাস্তার কুত্তার চেয়ে খারাপ,"মানুষের মানসিকতা নিয়ে এমন পশুর তুলনা করা ঠিক নয়, এতে বিদ্বেষ বাড়ে।",empathy,abusive_language
1066,খাংকির পোলাদের মস্তিষ্ক বিকৃত,কাউকে মস্তিষ্ক বিকৃত বলা অপমানজনক; সমালোচনা চাইলে তা ভদ্রভাবে করুন।,discouraging_abuse,abusive_language
1067,এই কুত্তার বাচ্চা গুলা রে খুঁজে বের কইরা এখন এই মাইরা ফেলে উচিত নয়তো এইগুলো কখন না কখন এইসব করবো সমাজ এর কিটপতঙ্গ এইগুলা,কাউকে খুঁজে মেরে ফেলার কথা বলা ভয়ংকর এবং সমাজের জন্য ক্ষতিকর।,warning_of_consequences,threat
1068,"কোন লেভেলের বাইনচোদ এইগুলো, একটা বাচ্চাকে নিয়েও এই ধরনের মন্তব্য করে","শিশু নিয়ে এমন মন্তব্যকে নিন্দা করা যায়, তবে গালি না দিয়ে বলাই ভালো।",empathy,abusive_language
1069,এই সমস্ত মাদারচোদের মাইরে আমি চুদি,"এভাবে প্রতিশোধের ভাষা ব্যবহার করলে সমস্যা আরও বাড়ে, তাই তা বন্ধ করা উচিত।",warning_of_consequences,threat
1070,পৃথিবীর অনেক দেশ স্বাধীন হওয়ার পর সভ্যতায় ফিরেছে। আর আমরা কি সভ্য জাতি হতে পারছি? দিন দিন অসভ্য জানোয়ারের চেয়েও নিকৃষ্ট হয়ে যাচ্ছি।,সমাজ নিয়ে হতাশা থাকলেও মানুষকে জানোয়ার বলা না করাই ভালো।,moral_appeal,abusive_language
1071,বাংলাদেশ এর মানুষ এর মধ্যে ২৫% মানুষ মানসিক বিকারগস্ত সাইকোপাথ। ৪০% মানুষ এর চিন্তাই খারাপ। সাইকোলজিকাল ডাওনফল।,এভাবে শতাংশ ধরে পুরো জনগণকে খারাপ বলা বৈজ্ঞানিক নয়।,fact_based,abusive_language
1072,"এই কথাগুলো যে চোদানির পোলারা বলছে, তাদের প্রত্যেকের মা*য়রে চুদি",পরিবারকে টেনে এমন গালি দেওয়া খুবই কষ্টদায়ক এবং অশালীন।,empathy,abusive_language
1073,এই খানকির পোলাদের একটু খুঁজে বের করা যায় না,কারও খোঁজ বের করে আক্রমণ করার ভাবনা খুবই বিপজ্জনক।,warning_of_consequences,threat
1074,"ভেবেছিলাম করোনায় হারামি গুলা কমবে, বালডা কিছুই করতে পারল না।",মানুষকে হারামি বলে অপমান না করে পরিস্থিতি নিয়ে নিরপেক্ষভাবে কথা বলা উচিত।,discouraging_abuse,abusive_language
1075,এরা কী মানুষের পেট থেকে বেড় হয়েছে? আমার তো মনে হচ্ছে কুত্তার পেট থেকে হইছে।,মানুষকে কুকুরের পেটের সাথে তুলনা করা অপমানজনক এবং অমানবিক।,empathy,abusive_language
1076,"এই দেশে মানুষ রুপি জানুয়ার বেশি,আর এরাই সে ধর্ষক।",একটি দেশের মানুষকে ধর্ষক বলে দাগানো খুবই অন্যায্য এবং ক্ষতিকর।,moral_appeal,hate_speech
1077,"কুত্তা গুলাকে প্রকাশ্যে মৃত্যু দন্ড দেওয়া উচিত মৃত্যুর আগে অবশ্যই নূন্যতম ৪ ঘন্টা পাশবিক নির্যাতন করা উচিৎ, যা দেখে সকল ধর্ষক এই কাজ করার আগে ১০০০০০০০০ বার চিন্তা করে",পাশবিক নির্যাতনের কথা বলা ভয়ংকর; আইনের মাধ্যমে শাস্তিই নিরাপদ পথ।,warning_of_consequences,threat
1078,পরিকিয়ার গন্ধ পাচ্ছি ওর নাকটা কেউ কাইটা দেন কোন গন্ধই পাবে না,কারও নাক কেটে ফেলার কথা বলা অত্যন্ত সহিংস ও অমানবিক।,warning_of_consequences,threat
1079,"বিকৃত মানসিক প্রতিবন্ধী লোকজন, সমাজের জঘন্য কীট এরা দেখতে মানুষের মতো মনে হয়",প্রতিবন্ধিতা বা মানসিক সমস্যাকে অপমানের ভাষায় ব্যবহার করা ঠিক নয়।,empathy,abusive_language
1080,সমাজে সুশিল যারা তারাই মানুষ রুপী জানোয়ার।আপনি কমেন্টস সেকশনে আসলেই অনেক গুপ্ত ধর্ষকদের দেখা পাবেন।,"কারও প্রতি এমন অভিযোগ থাকলে প্রমাণসহ বলা উচিত, আর সাধারণীকরণও ঠিক নয়।",fact_based,abusive_language
1081,সবচেয়ে অবাক করা বিষয় এমন কমেন্টকারীর মধ্যে হুজুর কয়েকটা থাকেই। শালারা ধর্ম বেইচা নারীদের ভোগ করতে চায়।,ধর্মীয় লোকজনকে একসাথে দোষী বা ভোগবিলাসী বলা খুবই অন্যায়।,moral_appeal,hate_speech
1082,"এরাই আগে পরে কোনো না কোনো ধর্ষণের সাথে জড়িত। এরা এদের মা, বোন কিংবা মেয়েদের এভাবেই দেখে। কারণ এদের কাছে সম্পর্ক না মেয়ে ম্যাটার করে।",ভবিষ্যৎ ধর্ষক বলে কাউকে দাগানো যায় না; প্রমাণ ছাড়া এমন মন্তব্য ঠিক নয়।,fact_based,abusive_language
1083,"যখন লোকজন বলে ৯০% মুসলিমের দেশ তারপর দিনে রাতে হাজার কাজে দেখবে দেশের ১০ মুসলিম, ১০% ভিন্নধর্মী আর ৮০% মুনাফিক!",কোনো ধর্মের মানুষকে শতাংশ ধরে মুনাফিক বলা ন্যায্য নয়।,moral_appeal,hate_speech
1084,অমানুষের বাচ্চা এগুলা। এদের নিজেদের জন্মের ঠিক নেই,জন্ম নিয়ে অপমান না করে আচরণ নিয়েই সমালোচনা করা উচিত।,empathy,abusive_language
1085,বাংলাদেশ একটা থার্ড ক্লাস কান্ট্রি আর বাংলাদেশের মানুষের বেশিরভাগের মনমানসিকতাও থার্ড ক্লাস,একটি দেশের সব মানুষকে থার্ড ক্লাস বলা খুবই সাধারণীকরণ।,fact_based,abusive_language
1086,অশিক্ষিত মূর্খ অসভ্য জাতির কাছে কী আশা করেন? এদের জন্ম মৃত্যু সব এমন পরিবেশে যেখানে থেকে ভদ্রলোক রা 100 হাত দূরে থাকে।,মানুষকে অশিক্ষিত বলে ছোট না করে সমস্যার দিকটা ভদ্রভাবে বলা ভালো।,discouraging_abuse,abusive_language
1087,এদের ১০-১২ টা কুকুর দিয়ে পিছন মারা উচিত । তখন বুঝবে কেমন লাগে। কুত্তার বাচ্চাদের জন্ম ঠিক নাই ।,এভাবে নির্যাতনের কথা বলা খুবই বিপজ্জনক এবং অমানবিক।,warning_of_consequences,threat
1088,যারা বাজে কমেন্ট করেছে এদের জন্মের সমস্যা নাতো এমন কুরুচিপূর্ন কথাবার্তা বলতে পারতো না,জন্ম নিয়ে প্রশ্ন না তুলে মন্তব্যের ভাষা নিয়েই কথা বলা উচিত।,empathy,abusive_language
1089,এইসব পোলাপান রে দিয়ে কোনো কিছুই হবে না জীবনে,কারও ভবিষ্যৎ আগেভাগে বাতিল করে দেওয়া খুবই অন্যায্য।,empathy,abusive_language
1090,এইসব মাদারচোদ গুলোর আইডি তে যাইয়া ইচ্ছা মত গালিগালাজ আর এক তালে রিপোর্ট মারা উচিৎ শালা বেজন্মার বাচ্চারা জন্মের ঠিক নাই বলেই এমন চিন্তা মাথাই আসে,"গালিগালাজের বদলে নিয়ম মেনে রিপোর্ট করাই উত্তম, আর ব্যক্তিগত অপমান এড়িয়ে চলা উচিত।",discouraging_abuse,abusive_language
1091,এই কমেন্ট যে বা যারা করেছে আজ যদি ওদের ঘরের কেওর সাথে হতো তাহলে অমানুষের বাচ্চাগুলো উচিত শিক্ষা হতো,অন্যের পরিবারের ক্ষতি কল্পনা করা খুবই অমানবিক।,empathy,threat
1092,আরে আবাল চুদা এই স্ক্রিনশট গুলোর প্রমান কই যে এগুলো এই শিশুর ধর্ষণ কে নিয়েই কমেন্ট করছে প্রমান দেখা,প্রমাণ না দেখে কাউকে দোষী বলা ঠিক নয়; আগে যাচাই করা দরকার।,fact_based,abusive_language
1093,গরীব থেকে মুর্খ। মুর্খ পরিবারের জন্ম নেয়া মুর্খ এবং অসভ্য সন্তান।,দারিদ্র্য বা পরিবারের পরিচয় নিয়ে অপমান করা কখনোই ন্যায্য নয়।,moral_appeal,abusive_language
1094,"এইগুলা বুসকির ছেলে, পুরুষ জাতির কলঙ্ক।","পুরুষদের একসাথে কলঙ্ক বলা ঠিক নয়, নির্দিষ্ট আচরণ নিয়ে কথা বলা উচিত।",moral_appeal,abusive_language
1095,"আপনি দশটি বাচ্চা নিলে স্বামী স্ত্রী মিলে দশটি বাইনচোদ পয়দা করলেন, কারণ বাচ্চা খালি জন্ম দিলেই হয়না, শিক্ষা ও দেওয়া লাগে, আর, দু জন মিলে দশটা পরিপূর্ণ মানুষ বানাইতে পারবেন‌ না","অভিভাবকত্ব নিয়ে সমালোচনা করতে হলে গালি নয়, যুক্তি দিয়ে বলা ভালো।",fact_based,abusive_language
1096,আমার তো মনে হয় শালাদের বাপ মা কোনদিন শিক্ষা দিয়েছে কিনা । আর আমার মনে সন্দেহ যারা এসব কমেন্ট করেছে মনে হয় তাদের বাপ মা কোনদিন তাদেরকে স্কুলে পাঠায়নি জঙ্গলের আদিবাসী,শিক্ষা বা পরিবারের অভাব নিয়ে অপমান না করে আচরণ নিয়ে কথা বলা উচিত।,fact_based,abusive_language
1097,যে খানকির পোলারা কমেন্ট করছে এগুলা ওই মাদারচোদের পরিবারের যেদিন এই ঘটনা ঘটবে সেদিন বুঝব অমানুষের দল,"কারও পরিবারের ওপর ক্ষতি কল্পনা করা খুবই ভয়ংকর, তাই এমন চিন্তা বাদ দেওয়া উচিত।",warning_of_consequences,threat
1098,"এই খাংকির পোলাদের কেউ গনধোলাই দিতে হবে, বেশ্যার বাচ্চা সব কটাই","গণধোলাইয়ের হুমকি দিয়ে কথা বললে সহিংসতা বাড়ে, তাই শান্ত ভাষা ব্যবহার করা উচিত।",warning_of_consequences,threat
1099,এই গুলো যায়া কমেন্ট করছে তারা হইল পতিতা জম্ম নেওয়া,"কারও জন্ম বা পরিবার টেনে এমন কথা বলা খুবই কষ্টদায়ক, তাই সমালোচনা থাকলে ভদ্রভাবে বলা উচিত।",empathy,abusive_language
1100,এখানে যারা বাচ্চাটার বয়স নিয়ে প্রশ্ন তুলছে তারা কুত্তার পুটকি দিয়ে জন্ম নিচে আর তারা বেশির ভাগ বাচ্চা বলৎত কার কারি,"বাচ্চার বয়স নিয়ে প্রশ্ন থাকলে তা প্রমাণসহ বলা যায়, কিন্তু গালি দিয়ে কথা বললে মূল বিষয়টা হারিয়ে যায়।",fact_based,abusive_language
1101,"এই বাংলাদেশেই এমন মাদারচোদ খানকির পোলাদের পাওয়া যায় জঘন্য মন-মানসিকতা হেডা মানুষ , যাদের জন্ম হয়তো রাস্তায় কুকুর চোদার কারণে এই রকম মাদারচোদ দের জম্ম হয়","জন্ম বা পরিবার নিয়ে এমন অপমান করা অমানবিক, তাই নির্দিষ্ট আচরণ নিয়ে কথা বলা ভালো।",empathy,abusive_language
1102,"এগুলো সব টোকাই নিচু শ্রেণী, আর এসব অপকর্ম তো এই লো ক্লাস কামলাদের দ্বারাই হয়ে থাকে, যারা বাজে কমেন্ট করছে এগুলো টোকাইদের ধরে জেলখানায় নিয়ে থেরাপি দেয়া উচিত",শ্রেণি বা পেশা দেখে কাউকে ছোট করা ঠিক নয়; ভুল হলে আচরণ ধরে সমালোচনা করাই উচিত।,moral_appeal,abusive_language
1103,"ভুটকির পোলা গো কি ঘরে মেয়ে সন্তান জন্মায় নাই, ওদের মেয়েদের সাথে এমন হলে তখন কি এমনই বলতো?? জারজগুলা সব",কাউকে জারজ বলে আঘাত না করে নিজের ক্ষোভটা শান্তভাবে বলা ভালো।,empathy,abusive_language
1104,এদের থেকে জন্ম নিবো যে গুলা সব জানোয়ার হবে একটাও মানুষ হবে না,কারও ভবিষ্যৎ বা জন্ম নিয়ে এমন মন্তব্য খুবই কষ্টদায়ক এবং অন্যায়।,empathy,abusive_language
1105,এরা জানোয়ার। এরা গণতন্ত্রের অযোগ্য,"ভুল আচরণের সমালোচনা করা যায়, কিন্তু মানুষকে জানোয়ার বলে পুরোপুরি বাতিল করা ঠিক নয়।",moral_appeal,abusive_language
1106,"এদের শরীরে মনে হয়, শুয়োরের রক্ত আছে!","মানুষকে শুয়োরের সঙ্গে তুলনা করলে বিদ্বেষই বাড়ে, তাই এমন ভাষা এড়িয়ে চলা উচিত।",moral_appeal,abusive_language
1107,"এই কমেন্ট গুলা যেই লুচ্চা গুলো করছে তাদের ধরে আগে জবাই করার দরকার। বেহায়া, বেয়াদব মার্কা লোকজন। এগুলোর বোধহয় জন্মের ঠিক নাই , বেহায়া গুলা।","জবাই করার কথা বলা ভয়ংকর, আর জন্ম নিয়ে কটূক্তি করাও অমানবিক; থামা দরকার।",warning_of_consequences,threat
1108,"রোজা মুখে খুবই লজ্জা লাগছে। কিন্তু গালি মুখে চলে আসতেছে এগুলো কোন ধরনের কুত্তার বাচ্চা। কুত্তার অপমান হবে, বর্তমানে মানুষের চাইতে কুকুর অনেক ভালো।",রাগের সময়ে হলেও গালির বদলে সংযত ভাষা ব্যবহার করলে কথাটা বেশি গ্রহণযোগ্য হয়।,discouraging_abuse,abusive_language
1109,অশিক্ষিত টোকাই ফকিন্নির বাচ্চার হাতেও যখন ফেসবুক থাকে এমন তো হবে।,অশিক্ষিত বা ফকির বলে কাউকে ছোট না করে নির্দিষ্ট মন্তব্যের জবাব দেওয়া ভালো।,discouraging_abuse,abusive_language
1110,খানকির পোলা রা ওর মার হেডা দিয়া যেম্নে আইছে তেমনে আবার তাগো মার হেডার বিত্রে টিপ দিয়া পুরাই দিলে ঠিক হইতো সবগুলার বাপ একাধিক,"পরিবারকে টেনে এমন অশালীন কথা বললে শুধু আঘাতই বাড়ে, সমাধান হয় না।",empathy,abusive_language
1111,আমার দেশের কিছু কিছু মানুষের বিবেকে কুত্তায় প্রস্রাব করছে,সমাজ নিয়ে ক্ষোভ থাকলেও কুকুরের প্রস্রাবের মতো ভাষা ব্যবহার করা উচিত নয়।,discouraging_abuse,abusive_language
1112,মাদ্রাসা গুলো বন্ধ করলে অমানুষ গুলো কিছু কমবে।,একটি শিক্ষাপ্রতিষ্ঠান বন্ধের কথা বলার আগে সমস্যাটা নির্দিষ্টভাবে দেখা দরকার।,fact_based,hate_speech
1113,এ সমাজ নষ্ট মানুষ দিয়ে ভরে গেছে এখানে একটা শিশুও নিরাপদ নয়,"শিশুর নিরাপত্তা নিয়ে ভয় থাকলে সেটা সহানুভূতির সঙ্গে বলা উচিত, কষ্ট কমানোর জন্য।",empathy,abusive_language
1114,এই খানকির পোলারা ভালো হবে কবে? একটা বাচ্চা মেয়েরে নিয়েও কী ধরনের কথা।,একটা শিশুকে নিয়ে এমন কথা বলা নিন্দনীয়; ভদ্রভাবে প্রতিবাদ করাই সঠিক।,empathy,abusive_language
1115,খ. রহমান খানকির নাতি সবজায়গায় নেতামি করে,কারও পরিবার টেনে অপমান না করে তার আচরণ নিয়েই কথা বলা উচিত।,discouraging_abuse,abusive_language
1116,আজকে বড়লোকের গুষ্টি চুদে দিবো,"অন্যকে ক্ষতি করার হুমকি দেওয়া খুবই বিপজ্জনক, তাই এখনই থামা উচিত।",warning_of_consequences,threat
1117,বাইনচোদ এর বাচ্চা গুলি বস্তিতে থাকে একবার আমি  কলেজ থেকে বাসায় আসতেছিলাম রোড ক্রস করবো ট্রাক থামসে বাট এই অটো থামে না উল্টা আমায় গালি দিচ্ছে,বস্তিতে থাকে বলে কাউকে ছোট না করে রাস্তায় যে আচরণটা খারাপ হয়েছে সেটা নিয়ে কথা বলা ভালো।,empathy,abusive_language
1118,"মেয়ে হইলো ভোগের জিনিস। এরা বাসায় থাকবে স্বামীকে সুখ শান্তি দিবে, শ্বাশুড়ির ঠ্যাং টিপে দিবে বাচ্চা দেখাশুনো করবে। আল্লাহ এইজন্যই এদেরকে বানাইসে এদের বাহিরে কাজ কি",নারীকে ভোগের জিনিস বলা বা ঘরেই আটকে রাখার ধারণা খুবই ভুল ও অবমাননাকর।,moral_appeal,gender_abuse
1119,"কালকে বাসে জাস্ট আমি যেখানে নামবো তার দুই মিনিট আগে সিট থেকে উঠে দাঁড়ায়ছি, তাই আমাকে যা তা বলছে বাসের লোকেরা, ফালতু মহিলার কত যে কি, সব বেডারা এক",রাস্তায় বা বাসে কারও আচরণ নিয়ে রাগ হলেও সব মানুষকে একসাথে দোষ দেওয়া ঠিক নয়।,fact_based,abusive_language
1120,"এখনকার রিক্সাওয়ালা মেক্সিমামই কুত্তালীগের পোলাপান যারা গ্রাম থেকে পালিয়ে এসে শহরে রিক্সা চালায়, খোঁজ নিয়া দেখেন আপনার ভাই বন্ধু দুই একটারে পেয়ে যাবেন।",রিকশাচালকদের একসাথে অপমান না করে নির্দিষ্ট অভিযোগ থাকলে সেটি ভদ্রভাবে বলা উচিত।,moral_appeal,abusive_language
1121,"উহু। রোহিঙ্গা এরা। এদের চেহারা, আচরণ ভালো করে খেয়াল করে দেখবেন। ওরা জানে ওদের কোন ডাটাবেজ নাই, মার্ডার, রেপ করে ভ্যানিশ হয়ে যাওয়ার ক্ষমতা আছে এদের।",কোনো গোষ্ঠীকে আগেই অপরাধী ধরে নেওয়া ঠিক নয়; প্রমাণ ছাড়া এমন ধারণা করা অন্যায়।,fact_based,hate_speech
1122,এই শুয়োরের বাচ্চাগুলা আমাদের চ্যারিটির টাকায় চলে আর এগুলা করে। আমাদের উচিত সব রিকশাওয়ালাদের কোনো ধরনের চ্যারিটি সাপোর্ট না দেয়া। রিকশা বয়কট করে এদেরকে না খাওয়াই মারা উচিত।,কারও প্রতি সহায়তা বন্ধ করার হুমকি না দিয়ে অভিযোগ থাকলে তা নীতিগতভাবে বলা উচিত।,warning_of_consequences,threat
1123,ফাইজলামী চোদাইতে আসছো খানকীর লোপা? তোমার বাসায় মা বোন নাই? নাকি বাপের পেটে জন্ম নিছো?,পরিবার টেনে এমন বিদ্রূপ করা খুবই অশালীন; নিজের আপত্তিটা ভদ্রভাবে বলা উচিত।,empathy,abusive_language
1124,"মাগির বাচ্চা, বেজন্মার জাত তোর মারে সম্মান করতে পারিস না আবার মানুষকে থ্রেট দেশ খানকির বাচ্চা তোর লোকেশন কই? তোরে ক্রসফায়ার করা লাগবে","মাকে জড়িয়ে অপমান ও ক্রসফায়ারের হুমকি দুটোই ভয়ংকর, তাই তা বন্ধ করা দরকার।",warning_of_consequences,threat
1125,ভিডিও করে জানোয়ারদের ভাইরাল করে দিতেন! উঠতে বসতে যখন লাত্থি উষ্ঠা খেত তখন মজা বুঝত,কারও অপমানজনক ভিডিও ছড়ানো বা মারধরের কথা বলা সমাধান নয়।,warning_of_consequences,threat
1126,চান্দা সরকার আইসে দেশের তো এই হাল হবেই,দেশের অবস্থা নিয়ে সমালোচনা থাকলে তা অপমান ছাড়া নির্দিষ্টভাবে বলা উচিত।,discouraging_abuse,abusive_language
1127,"একটাই গালি ঐ লোকের জন্য দরকার ছিলো, শুধু বলতেন নারী খেকো রাজাকারের বাচ্চা ওমনি হার্ট এটাক করতো।","কাউকে হার্ট অ্যাটাক করানোর কথা বলা হিংসাত্মক, তাই এমন ভাষা ব্যবহার করা ঠিক নয়।",warning_of_consequences,threat
1128,"বিএনপি চুদি, দেশের সিস্টেম চুদি, গভার্নমেন্ট চুদি",রাজনীতি নিয়ে রাগ থাকলেও এত গালি দিলে কথার গুরুত্ব কমে যায়।,discouraging_abuse,abusive_language
1129,"এই খানকির ছেলেদের সুযোগ দেন কেনো? রাস্তায় ইট, পাথর পান নাই? মাথার মধ্যে মারতেন বা নুনুর মধ্যে মেরে উচিৎ শিক্ষা দিতেন। দোষ তো আমাদের সাধারণ মানুষেরই।",কারও ওপর ইট-পাথর মারা বা আঘাত করার কথা বলা খুবই বিপজ্জনক।,warning_of_consequences,threat
1130,খুবই জঘন্য অনুভূতি। নিজের ফ্যামিলি মেম্বার কারো সাথে এমন হলে কতটা খারাপ লাগতো এটাই ভাবতাছি।এই মধ্যে বা বয়সী লোকগুলা একেকটা মাদারচোদ।,"নিজের পরিবারের কথা ভেবে কষ্ট লাগা স্বাভাবিক, কিন্তু গালি না দিয়ে নিন্দা জানানো ভালো।",empathy,abusive_language
1131,ওগুলো সব ব্রেন ওয়াশড জামাতি জংগি,ব্রেনওয়াশড বা জঙ্গি বলে দাগিয়ে দিলে সমস্যার সমাধান হয় না।,moral_appeal,hate_speech
1132,আপু সাথে চাকু রাখবেন। কোন কিছু করতে পারবোনা। শুয়োরের বাচ্চা রা,"চাকু রাখার পরামর্শও ভয়ের পরিবেশ তৈরি করে, তাই নিরাপদ ভাষা ব্যবহার করা উচিত।",warning_of_consequences,threat
1133,রিকসাওয়ালা জাত শুয়োরের বাচ্চা।বিশেষ করে টেসলা চালায় যারা।জানোয়ার,একটি পেশাকে শুয়োরের বাচ্চা বলা খুবই অপমানজনক; কাজের সমালোচনা ভদ্রভাবে করা উচিত।,moral_appeal,abusive_language
1134,"একদম মনের কথা বলছেন, এই খানকির বাচ্চাদের জন্য ঢাকায় চলাচল করা দুর্বিষহ হয়ে গেছে। মনটায় চাই গুলি করে মারি। দুনিয়ার নেশাখোর, আর অচল বুইড়া গুলো অটো নিয়ে রাস্তার ১২ টা বাজাইছে।",বিরক্তি থাকলেও গুলি করে মারার কথা বলা ভয়ংকর; ট্রাফিক সমস্যার সমাধান আইন মেনে করা উচিত।,warning_of_consequences,threat
1135,তার ঘরে মেয়ে সন্তান হলেও কুলাঙ্গার ই হবে।,মেয়ে সন্তানকে কুলাঙ্গার বলা বা আগেই বিচার করা খুবই অমানবিক।,empathy,gender_abuse
1136,রিকশাওয়ালাদের প্রতি মানবতা দেখানো চোদনা সুশীলগুলো পোস্টে হাহা দিচ্ছে।,"মানবতা দেখানোকে ব্যঙ্গ করা ঠিক নয়, সহানুভূতিই সমাজকে ভালো রাখে।",moral_appeal,abusive_language
1137,সবগুলা জানোয়ার।এদের কোনো মেয়ে মানুষে জন্ম দেয়নি কুত্তায় জন্ম দিছে। কুত্তার ও জাত আছে এগুলা তো কুত্তার থেকেও অধম।,"মানুষকে কুকুরের চেয়েও অধম বলা খুবই অমানবিক, তাই এমন ভাষা এড়িয়ে চলা উচিত।",empathy,abusive_language
1138,ঠিক এসব কারনেই আমি রিকশা ওয়ালাদের মানুষ হিসেবে ট্রিট করিনা। আমি ওদের মধ্যে কুত্তা দেখি তাই কুত্তার মতো ব্যবহার করি। একটা কিছু করলেই ঠাপ দি শুয়োরগুলোকে,কারও প্রতি কুকুরের মতো ব্যবহার করা বা মারধর করা সমস্যাকে আরও বাড়ায়।,warning_of_consequences,threat
1139,"মূর্খের দেশে কীসের ভদ্রতা আশা করেন। জাতিই তো এইটা মূর্খ এদের যতটুকু শিক্ষিত করা হইসে ব্রিটিশরা কলেজ, বিশ্ববিদ্যালয় দিয়ে করসে নাইলে তো বিশ্ব থেকে আলাদা এক পশুজাত থাকতাম আমরা।",পুরো জাতিকে মূর্খ বলা অতিরঞ্জন; সমস্যার সমালোচনা করতে হলে নির্দিষ্ট উদাহরণ দরকার।,fact_based,abusive_language
1140,কুত্তার বাচ্ছা রিকশাওয়ালা গুলোকে এজন্যই মানুষ ৫-১০ টাকা কমও দেয় চড়ও দেয়,কম টাকা দেওয়া বা চড় মারা কোনোটাই ন্যায্য নয়; সম্মান রেখে কথা বলা উচিত।,moral_appeal,abusive_language
1141,৫ আগস্টের পর দেশে শুওরের বাচ্চার সংখ্যা বেড়ে গেছে। এটা মানতে হবে। আর বিগত তিন মাসে এই শুওরের বাচ্চাগুলা কোনো কন্ট্রোলে আসেনি।,একদলকে শুয়োরের বাচ্চা বলা গালি ছাড়া আর কিছু নয়; সমালোচনা হলে ভদ্রভাবে করা উচিত।,discouraging_abuse,abusive_language
1142,এসব কুত্তা জানোয়ার পুরুষদের দেখলে থুতু দিতে মন চায় গায়ে আর চায় শালারপুর বিচি ২টা কেটে গলায় ঝুলায় রাখি,এতটা ঘৃণা প্রকাশ করা খুবই বিপজ্জনক; রাগ থাকলেও থামা দরকার।,warning_of_consequences,threat
1143,ঢাকার রাস্তায় মেক্সিমাম অকারেন্সগুলা এই কিছু এমন খানকির পোলা টাইপের অটোওয়ালারা ই করে।,অটোচালকদের সবাইকে এমন অপমান করা ঠিক নয়; নির্দিষ্ট সমস্যাটা আলাদা করে বলা উচিত।,fact_based,abusive_language
1144,অটোরিকশাওয়ালাদের বেপরোয়া আচরণ ও অন্যায়ের প্রতিবাদ করলে সুশীল সাজা কিছু ভন্ড বেজন্মা মাদারচুদদের দয়ামায়া উপচে পড়তে থাকে। গরীব দোহাই দিয়ে সব অপরাধ ঢেকে ফেলার চেষ্টা করে,প্রতিবাদ করতে হলে গালি না দিয়ে সমস্যা ও দায়িত্ব দুটোই স্পষ্টভাবে বলা ভালো।,fact_based,abusive_language
1145,এই বাইনচোদ গুলারে আগে ধরেন! এদের ধইরা আগে সহবাস কইরা দেয়া উচিৎ,"কারও বিরুদ্ধে যৌন নির্যাতনের কথা বলা ভয়ংকর, তাই এমন হুমকি বন্ধ করা দরকার।",warning_of_consequences,threat
1146,যে সব খানকি মাগি পোলারা এই সব কইতেছে। ওগো বোনের লগে এই কাজটা হইলে তখনও কি সেইম কথাটা বলতো।,পরিবারকে টেনে অপমান না করে একই প্রশ্ন ভদ্রভাবে করা যায়।,empathy,gender_abuse
1147,"ওরা সবাই খানকি মাগির বাচ্চা, ওদের জন্ম হয়ছে ১০০ পুরুষের দ্বারা হয়তো সেইজন্য তাদের মানুষত্ব বোধ নেই","জন্ম বা মায়ের সাথে এভাবে অপমান করা অমানবিক, তাই এড়িয়ে চলা উচিত।",empathy,abusive_language
1148,খাম্বা তারেক বিচার করতে পারবে না কারন সে জাতীয় মাদারচোদ,রাজনৈতিক নেতাকে গালি দিলে সমালোচনার ভার কমে যায়; নির্দিষ্ট কারণ বলাই ভালো।,discouraging_abuse,abusive_language
1149,ও মানুষের শরীলে আগুন ধরিয়ে দিন শিক্ষা পাবে। একজনকে আগুন দিয়ে পুড়িয়ে দিলে। এরকম কাজ করার আগে ১০০ বার চিন্তা করবে!,"আগুনে পোড়ানোর কথা বলা ভয়াবহ, আর শাস্তির ভাষা দিয়ে শিক্ষা দেওয়াও ঠিক নয়।",warning_of_consequences,threat
1150,এই জন্যই একটা কথা সবসময় বলি। মানুষ মূলত বাইনচোদ,মানুষকে একসাথে গালি দিলে নিজের বক্তব্যেরই ক্ষতি হয়।,discouraging_abuse,abusive_language
1151,আরে মূর্খ এটা আয়রনী করছে রে বন্ধু-বান্ধবদের সাথে কমেন্টে ফান করছে এটা নরমাল ফান এর লেগে এত বড় সাহিত্য রচনা করলেন,কোনো বিষয় ব্যঙ্গ বা মজা হলে সেটি ভদ্রভাবে বুঝিয়ে দিলেই হয়।,fact_based,abusive_language
1152,ফকিন্নির পোলা এমন মেয়েরে নিয়া আয়রনি কেন করবে যে মেয়েরে চিনেনা? আর আয়রনি এত সেক্সিস্ট কেন বেজন্মার বাচ্চা?,"নারীকে লক্ষ্য করে সেক্সিস্ট ঠাট্টা করা ঠিক নয়, এতে অপমানই বাড়ে।",moral_appeal,gender_abuse
1153,রাজাকারের বাচ্চা তুই আইরনি শিখাস। চালাস তো বট আইডি।,রাজনৈতিক বা ঐতিহাসিক অপমান না করে নির্দিষ্ট কথার জবাব দেওয়া উচিত।,discouraging_abuse,abusive_language
1154,বান্দির বাচ্চা এডি যদি ইসলাম রে রিপ্রেজেন্ট করে তাইলে মাইয়ার আবার পোলা ফ্রেন্ড কেমনে হয়? এনে আবার আইরনি বা আইলো কইতে?,ধর্মকে প্রতিনিধিত্বের বিষয় করে নারীদের অপমান করা ঠিক নয়।,moral_appeal,hate_speech
1155,কিসের আইরনি চোদাস? দুনিয়ার অপরিচিত সব মেয়েদের সাথে আইরনি করিস? তোদের থেকে মানুষ আর কি শিখবে,অপরিচিত মেয়েদের নিয়ে এমন মন্তব্য না করে বিষয়টা ভদ্রভাবে বলা উচিত।,empathy,gender_abuse
1156,"ধুর খানকির পোলা ইসলামপন্থী আলবটর, তোর গুস্টি চু*দি",ধর্মীয় পরিচয় টেনে গালি দেওয়া খুবই অপমানজনক।,warning_of_consequences,hate_speech
1157,কুত্তার বাচ্চা তোর আম্মার ধর্ষণকৃত লাশ দেখে সারা দেশের আত্মা কাঁপে উঠবে,"এটি ভয়ংকর হুমকি, যা কাউকে কষ্ট ও আতঙ্কে ফেলতে পারে।",warning_of_consequences,threat
1158,"এদের সাথে যেসব মেয়েরা থাকে, ওরা আরও জঘন্য মানসিকতার ।",মেয়েদের মানসিকতা নিয়ে এমন সাধারণীকরণ করা ঠিক নয়।,fact_based,gender_abuse
1159,এই খানকির বাচ্চারে কোথায় পাওয়া জাবে,কারও খোঁজ নিয়ে আক্রমণ করার ভাবনা সমস্যাকে আরও বড় করে।,warning_of_consequences,threat
1160,যে এই ব্যাটাকে জন্ম দিয়েছে।। ওই খানকিমাগীর সমস্যা ছিল কুকুরকে জন্ম দিয়েছে,মাকে টেনে এমন অপমান করা খুবই কষ্টদায়ক এবং অশালীন।,empathy,abusive_language
1161,খানকির ছেলেরে যেভাবে পারেন সেভাবে গুলি করে মারেন।,"গুলি করে মারার আহ্বান খুবই বিপজ্জনক, তাই তা বলা বন্ধ করা উচিত।",warning_of_consequences,threat
1162,কুত্তার বাচ্চারা তোগে মাইরে চামড়া রোদে শুকা দেওয়া দরকার,"এভাবে নির্যাতনের কথা বলা ভয়ংকর, তাই শান্তভাবে বিরোধিতা করা উচিত।",warning_of_consequences,threat
1163,"আরে চুদির পুত মুসলিমরা ভারতে জাস্ট দস্যু।মোঘলরা জাস্ট লুটেরা,ওদের আগেও ভারতে মৌর্য ও গুপ্ত সাম্রাজ্য ছিলো।ভারতে মুসলিমদের দস্যুপনা আর লুট ধর্ষন ছাড়া কোন ভালো ইতিহাস নাই।",একটি ধর্মকে দস্যু ও ধর্ষণের সঙ্গে জুড়ে দেওয়া ইতিহাসভিত্তিক হলেও ঘৃণামূলক; এমন সাধারণীকরণ ঠিক নয়।,fact_based,hate_speech
1164,কেন এদেশের মসজিদের নিচেও কি মন্দির পেয়েছিস ? খানকির পোলা ইন্ডিয়ান জারজ সন্তান,ধর্মীয় স্থাপনা বা দেশের মানুষের পরিচয় টেনে এমন অপমান করা খুবই অশালীন।,moral_appeal,hate_speech
1165,"খাংকির ছেলে ইতিহাসের দিকে তাকা তাহলে বুঝতে পারবি,","ইতিহাস নিয়ে কথা বলার সময় অপমান নয়, তথ্যভিত্তিক আলোচনা করা উচিত।",fact_based,abusive_language
1166,খাংকির ছেলে তোর বাপকে জিগ্গেস কর,কারও বাবাকে টেনে আক্রমণ করা বন্ধ করে ভদ্রভাবে কথা বলা উচিত।,discouraging_abuse,abusive_language
1167,মধ্য যুগের মুসলিম ইতিহাস খানা একটু পড়ে এসে বাল পাকনামি কইরো ব্রিটিশ দের জারজ কুলাঙ্গারেরা!,ইতিহাস নিয়ে আলোচনা করতে গালি না দিয়ে তথ্য ব্যবহার করা ভালো।,fact_based,abusive_language
1168,খানকীর পোলা তখন কি বাল করছিলো তোদের হিন্দু বাবা গুলো,"ধর্মীয় পরিচয় নিয়ে এমন অপমান করা বিদ্বেষ ছড়ায়, তাই এড়িয়ে চলা উচিত।",moral_appeal,hate_speech
1169,বাংলাদেশি নামধারী বেজন্মা ভারতীয়দের ধরে ধরে চোদা হবে।সময়ের অপেক্ষা।,কারও পরিচয় ধরে প্রতিশোধের কথা বলা খুবই বিপজ্জনক এবং অমানবিক।,warning_of_consequences,threat
1170,মাদারচোদ ভারতের দালাল তুই কিন্তু বাংলাদেশেই থাকিস,কোনো মানুষকে দালাল বলে অপমান না করে তার কাজের সমালোচনা করা উচিত।,discouraging_abuse,abusive_language
1171,প্রমাণ করতে তোমাদের জীবন ফুরিয়ে যাবে তাও পারবে না। আসলেই পৃথিবীতে হিন্দুরা হল বড়ো জঙ্গি।,একটি ধর্মের সব মানুষকে জঙ্গি বলা অন্যায্য এবং বিভেদমূলক।,moral_appeal,hate_speech
1172,গোমুত খাওয়া মাদারচোদরা কখনো মানুষ হবে না,গোমূত্র-জাতীয় অপমানজনক শব্দ ব্যবহার করে কাউকে নিচু দেখানো ঠিক নয়।,warning_of_consequences,hate_speech
1173,এরা মল মূত্র খাওয়া জাতি লোকাল কুকুরের মত,"একটি জাতিকে মল-মূত্রখোর বলা অত্যন্ত অপমানজনক, তাই এমন ভাষা বন্ধ করা দরকার।",warning_of_consequences,hate_speech
1174,"গোমূত্র খাওয়া ভারতীয় মালাউনদের ধ্বংস সুনিশ্চিত , ওই নাপাক মালাউনের বাচ্চারা শুধু মসজিদের নিচে মন্দির খুঁজে বেড়ায়, তোদের জন্য ধিক শত ধিক , শত শত দুর্ভোগ তোদের জন্য ?",কোনো জাতি বা ধর্মকে ধ্বংসের সঙ্গে জুড়ে ঘৃণা ছড়ানো ভয়ংকর।,warning_of_consequences,hate_speech
1175,নোংরা রাবিশ নাপাক জাতী তোগো দেইখা নিমু,একটি জাতিকে নাপাক বলা বা অপমান করা মানবিক নয়।,moral_appeal,hate_speech
1176,বাংলাদেশের মুসলিম ভাই বোনেরা আর ঘরে বসে থাকার সময় নাই নিজের ধর্মকে রক্ষার সার্থে বাংলাদেশের হিন্দুদের মাকে চুদে দাও,"এটি সরাসরি সহিংস ও ধর্মীয় বিদ্বেষমূলক আহ্বান, যা ভয়ংকর।",warning_of_consequences,hate_speech
1177,ফকিন্নির বাচ্চারা নিজেরা তো কিছু বানাইতে পারে না অন্যদের গুলো দখল করে দেয়,কাউকে ফকিরের বাচ্চা বলে দোষারোপ না করে নির্দিষ্ট অভিযোগ বলা উচিত।,discouraging_abuse,abusive_language
1178,শালা শুয়োরের বাচ্চা মুঘলরা যা যা পোঁদ মেরেছে সব ফিরত নেওয়া হবে,অতীতের ক্ষোভ বর্তমানের মানুষকে শুয়োরের বাচ্চা বলা দিয়ে মেটানো যায় না।,moral_appeal,hate_speech
1179,"ফেন্ডলিস্টের সুশীল বাজ হিন্দু গুলা কই, ১৯ থেকে ২০ হলে তাদের চোদনে ফেসবুকে ডুকা যায়তো না,",ধর্মীয় গোষ্ঠীকে নিয়ে এমন অশ্লীল মন্তব্য করা ঠিক নয়; ভদ্রতা বজায় রাখা দরকার।,moral_appeal,hate_speech
1180,এরপরও কিছু কুলাঙ্গারের বাচ্চা ভারতকে সাপোর্ট করবে। এগুলো হলো মোদির আর শুভেন্দুর সন্তান।,কাউকে কুলাঙ্গারের বাচ্চা বলা বাদ দিয়ে রাজনৈতিক সমর্থনকে যুক্তি দিয়ে সমালোচনা করা উচিত।,discouraging_abuse,abusive_language
1181,"মাদারচোদ বাংলাদেশে, খানকির ছেলে বাংলাদেশে । মুসলমান হাঁটাও পৃথিবী বাঁচাও।",একটি ধর্মকে দেশছাড়া করার আহ্বান খুবই বিপজ্জনক এবং ঘৃণামূলক।,warning_of_consequences,hate_speech
1182,"তোরা দেখবি আর জ্বলবি, শুনে রাখ শুয়োর ছানারা তোদের বিনাশ আসন্ন","এভাবে অন্যের বিনাশের কথা বলা ভয়ংকর হুমকি, তাই তা বন্ধ করা দরকার।",warning_of_consequences,threat
1183,বাংলাদেশে হলে মুদির অবৈধ বীজ ভারতের দালাল গুলো রাস্তায় নেমে যেতো,কারও রাজনীতি বা পরিচয়কে অবৈধ বীজ বলা অপমানজনক; ভদ্রভাবে সমালোচনা করা উচিত।,discouraging_abuse,abusive_language
1184,আগে শুনতাম হিন্দু জাতি নিকৃষ্ট জাতি জানতাম না এখন দেখতেছি আসলে হিন্দু জাতির নিকৃষ্ট জাতি এই জাতিদেরকে অতীত শিক্ষার মাধ্যমে ঘুম থামাতে হবে,একটি ধর্মীয় জাতিকে নিকৃষ্ট বলা অন্যায়; শান্তিপূর্ণ সহাবস্থানই জরুরি।,moral_appeal,hate_speech
1185,বেজন্মা রোহিঙ্গা বাচ্চা গুলো ভারতে কেন,কারও জন্ম বা শরণার্থী পরিচয় নিয়ে এমন অপমান করা মানবিক নয়।,empathy,abusive_language
1186,উগ্রপন্থী জঙ্গি দাঙ্গাবাজ হিন্দু ধর্মান্ধ মৌলবাদীরা ইহুদিদের চেয়েও জঘন্যতম জানোয়ার,একটি ধর্মীয় গোষ্ঠীকে জঙ্গি ও জানোয়ার বলা ঘৃণা ও সংঘাত বাড়ায়।,warning_of_consequences,hate_speech
1187,"বোকাচোদা খবর করলে চোরের দেশ, নিজেদের দেশে হিন্দু নির্যাতনের সেগুলো নিয়ে কথা বল",মিডিয়ার সমালোচনা করলে গালি না দিয়ে নির্দিষ্ট উদাহরণ দেখানো ভালো।,fact_based,abusive_language
1188,ভরত চুদি।ভরতের দালালদেরও চুদতে হবে,দেশ বা দালাল বলে গালি দিয়ে কথা বললে বিরোধ আরও বাড়ে।,discouraging_abuse,abusive_language
1189,"মগা চুদারা তোর নিজের দেশ এর খোজ নে, নিজের দেশ তো রসা তলে চলে গেছে অন্য দেশের ওপর মাতব্বরি । সালা চুতিয়া গুলা",অন্য দেশের প্রসঙ্গ তুলতে হলে গালাগালি না করে নিজের অবস্থান ভদ্রভাবে বলা উচিত।,discouraging_abuse,abusive_language
1190,তদের যত পূর্বপুরুষ ছিল সবই একবারে পাক্কা বোকাচোদা।,"পুরো পূর্বপুরুষকে গালি দিলে কিছুই অর্জন হয় না, বরং বিদ্বেষ বাড়ে।",empathy,abusive_language
1191,ধর্মান্ধ নিকৃষ্ট উগ্রবাদী হলো হিন্দু ধর্ম,একটি ধর্মকে নিকৃষ্ট বলা অত্যন্ত ঘৃণামূলক এবং ভুল।,moral_appeal,hate_speech
1192,বিকৃত মানুষের দেশ বাংলাদেশ। মোল্লা গুলা এর জন্য কোন অংশে কম দায়ী না,সমাজের সমস্যা নিয়ে কথা বললেও পুরো দেশ বা গোষ্ঠীকে বিকৃত বলা ঠিক নয়।,fact_based,abusive_language
1193,দেশটায় শুয়োরের বাচ্চাদের সংখ্যা বাড়তেই আছে,মানুষকে শুয়োরের বাচ্চা বলা অপমানজনক; সমালোচনা হলে ভদ্রভাবে করা উচিত।,discouraging_abuse,abusive_language
1194,"তুই আমারে মেসেজ করে সারাদিন কোনো যোগাযোগ নাই আবার বলছিস? ফকিন্নির বাচ্চা ফকিন্নি, হিজড়ার বাচ্চা হিজরা। তোর মাকে খেলবো, তোর গায়ে গো মাখা জুতা মারবো",মেসেজ নিয়ে রাগ হলেও পরিবার ও লিঙ্গ নিয়ে অপমান করা খুবই অশালীন।,warning_of_consequences,threat
1195,তোকে তো আজকে উল্টো করে চুদছে,"এভাবে যৌন হুমকি দেওয়া ভয়ংকর, তাই তা বলা বন্ধ করা দরকার।",warning_of_consequences,threat
1196,কিরে মাদারচোদ তোরা কি টাকা ফেরত দিবি না?,টাকা ফেরত চাইলে গালি না দিয়ে সরাসরি ও ভদ্রভাবে চাওয়া উচিত।,discouraging_abuse,abusive_language
1197,আরে আরে ইবলিশের ছোট ভাই বলিস কি তুই! প্রতারক মূল জিনিস এড়িয়ে যাস!,প্রতারক বললে সমস্যার সমাধান হয় না; নির্দিষ্ট আচরণ উল্লেখ করলে কথা শক্ত হয়।,fact_based,abusive_language
1198,আরে আরে জারজ সন্তান সীমেল বলিস কি তুই!,"জারজ বলে কাউকে আঘাত করা খুবই কষ্টদায়ক, তাই এড়িয়ে চলা উচিত।",empathy,abusive_language
1199,হুঁ পোষাক দেখেই তোদের অন্ডকোষ দাঁড়া তাই না রে খানকির পোলা! সেজন্য ১ বছরের বাচ্চা কিংবা ৭০ বছরের মহিলাও তোদের থেকে রক্ষা পায়না!,পোশাক নিয়ে এমন কটুক্তি করা এবং অপরাধকে ঢাল হিসেবে ব্যবহার করা ঠিক নয়।,moral_appeal,gender_abuse
1200,তুই হইলি অবৈধ সন্তান তোর মুখ দিয়ে এসব অবৈধ কথাবার্তা আসবে এটাই স্বাভাবিক! নলেজ নলেজ দিয়ে খন্ডন করতে হয় টোকাই!,কারও জন্ম নিয়ে আঘাত না করে যুক্তি দিয়ে উত্তর দিলে সেটাই বেশি শক্তিশালী হয়।,fact_based,abusive_language
1201,তোর মাকে চুদলে খুশি হবি না তোর বোনকে,মা বা বোনকে টেনে এমন হুমকি দেওয়া খুবই অমানবিক এবং বিপজ্জনক।,warning_of_consequences,threat
1202,আপনার মতো বাইনচোদের পোস্ট করা ঠিক হয়নি। এফবি থেকে ২ টাকার জন্য তোরা কি না কি করিছ,এভাবে কাউকে ছোট করলে ভুলটা ধরানো হয় না; বরং সম্মান রেখে বললে সমালোচনাটা বেশি প্রভাব ফেলে।,empathy,abusive_language
1203,আবার প্রশ্ন কিসের? যারা বলছে তারা সব বাইঞ্চুদ। নিজের সন্তান হারানোর‌ এই মুহুর্ত কজন বুঝবে?,শিশু বা পরিবারকে টেনে গালি দেওয়া খুবই কষ্টদায়ক; এমন বিষয়ে সহমর্মিতা দেখিয়ে শান্তভাবে কথা বলা উচিত।,empathy,abusive_language
1204,এইসব কথা যারা বলে তারা জানোয়ার। তাদের নজর এবং বিবেকি নষ্ট হয়ে গেছে তাই যা দেখে তাই তাদের নেগেটিভ লাগে,কয়েকজনের আচরণ দেখে পুরো গোষ্ঠীকে দোষী করা ঠিক নয়; প্রত্যেক মানুষকে আলাদা করে বিচার করা উচিত।,moral_appeal,abusive_language
1205,মানে আর কিছু ছিল না পোষ্ট করার তরা শালা বড় নষ্ট বেডার পেন্টা খুলে দেখ সুনা টা কালা না সাদা। এইগুলো এই সময়ে ওদের মাথায় আসে কি করে।,কারও মা-বোন বা পরিবারের সম্মান আক্রমণ করে কথা বলা ঠিক নয়; ভদ্র ভাষায় অভিযোগ করলে কথাটা বেশি শক্তিশালী হয়।,empathy,abusive_language
1206,"কাপুরষ তো আমরা আমরা চাইলে এখনি খুনিকে শাস্তি দিতে পারি, জুলাইয়ের মতো আবার একটা আন্দোলন হোক, জনগন মাঠে নামুক সব ঠীক হবে","অপরাধ হলে শাস্তি অবশ্যই দরকার, কিন্তু তা আইনগত প্রক্রিয়ায় হওয়া উচিত—হিংসা বা প্রতিশোধে নয়।",discouraging_abuse,abusive_language
1207,এই মাদারচোদ বাচ্চারে জুতা পিটা করা হোক,মারধরের আহ্বান পরিস্থিতি আরও খারাপ করে; ক্ষোভ থাকলে নিরাপদ ও বৈধ পথে প্রতিবাদ করা উচিত।,discouraging_abuse,abusive_language
1208,"নারীবাদী জঙ্গি কুকুরেরা আহমাদুল্লাহকে নিয়ে কান্না করার মানে হলো আহমাদুল্লাহ সঠিক সমাধান দিয়েছেন। এসব দাজ্জাল মুরিদ নারীবাদী, সেক্যুলার জঙ্গিদের কবরে পাঠিয়ে দিলে পরিবেশ দূষণমুক্ত হবে।","ধর্ম, মতাদর্শ বা পরিচয়কে অপমান না করে নির্দিষ্ট বক্তব্য বা আচরণ নিয়ে কথা বলাই বেশি ন্যায্য।",moral_appeal,abusive_language
1209,কারণ এই নেড়ীবাদীদের জন্ম পতিতালয়ে,কারও জন্ম বা পরিবার টেনে অপমান করা খুবই আঘাতদায়ক; মতভেদ থাকলেও সম্মান রেখে কথা বলা উচিত।,empathy,abusive_language
1210,স্যাকুলাররা সাধারণ মূর্খ আর ধোকাবাজ হয়,একটা রাজনৈতিক বা সামাজিক পরিচয় ধরে সবাইকে একসাথে দোষী করা ঠিক নয়; নির্দিষ্ট কাজ নিয়ে সমালোচনা করুন।,moral_appeal,abusive_language
1211,মূর্খদের সাথে কথা বলতে গেলে আমার মুখ থেকে গালিটা অটোমেটিক বের হয়ে যায়,রাগ কমিয়ে কথা বললে আসল বিষয়টা পরিষ্কার হয়; গালি দিলে মানুষ শুনতে চায় না।,empathy,abusive_language
1212,"খা খানকির ছেলে তোর মা এর গুদ ভেজে খা, ওইটাই তো গোসত",কারও মা বা পরিবারের সদস্যকে টেনে অশ্লীল কথা বলা ঠিক নয়; ভদ্রভাবে নিজের আপত্তি জানানোই ভালো।,empathy,abusive_language
1213,"তোর মা কে জিজ্ঞাসা করিস তোর বাপ কে? তোর বাপ হলো মোষ, মোষ তোর মা কে চুদে তোকে বার করেছে গুদের বেটা",এমন ব্যক্তিগত ও অশ্লীল অপমান কাউকে ছোট করে না; এতে শুধু বিদ্বেষ বাড়ে।,empathy,abusive_language
1214,কিরে তোর এতো ফাটছে কেনো?তোর মায়ের গুদ তুই খা,কারও মা-বোনকে টেনে এমন কথা বলা খুবই অপমানজনক; শান্ত ভাষায় বিরোধিতা করাই ভালো।,empathy,abusive_language
1215,তোর ধর্মই তো এটা।এটা আবার এখানে বলার কি আছে?নোংরা জাত তোরা তা সবাই যানে।নিজের মা বোনের সাথে এগুলো করিস বলেই অন্যের মা বোনদের দিকে নজর যায় তোর। খানকির পোলা গোবরছাপ,ধর্ম বা জাত দিয়ে পুরো মানুষকে অপমান করা ঠিক নয়; নির্দিষ্ট ভুল কাজ নিয়ে কথা বলা উচিত।,moral_appeal,abusive_language
1216,মাথামোটা বাঙ্গু। হত্যা করা সৌন্দর্য কেমনে হয় রে? সৌদি কুয়েত সহ সবখানেই এই পদ্ধতিতে কুরবানী করা হয়।,সমালোচনা করতে চাইলে শালীন ভাষায় করুন; নির্দিষ্ট তথ্য আর প্রেক্ষাপট নিয়ে কথা বলাই বেশি কার্যকর।,fact_based,abusive_language
1217,মূর্খ বৌদ্ধরা কি দাঁত ব্রাশ করতে পারবে?,"কোনো ধর্ম বা গোষ্ঠীকে নিয়ে তুচ্ছতাচ্ছিল্য করা উচিত নয়; আচরণ নিয়ে কথা বলুন, পরিচয় নিয়ে নয়।",moral_appeal,abusive_language
1218,"চুদলিংপং,তাহলে মাংস যে খাচ্চিস,ওইগুলো নিজের শরীর থেকে বোকাচুদা",অশ্লীল ভাষা ব্যবহার না করে প্রশ্নটা শান্তভাবে করলে আলোচনাটা অনেক বেশি অর্থপূর্ণ হয়।,empathy,abusive_language
1219,গুইসাপ শুকরের কি প্রান নেই?বোকাচোদার বাচ্চা,কারও প্রতি ঘৃণার ভাষা ব্যবহার না করে নিজের আপত্তিটা সংক্ষিপ্ত ও ভদ্রভাবে বলা ভালো।,empathy,abusive_language
1220,না চোদনার পোলা তুই ই দিসোস তোর মার ভাতারের টাকা দিয়া।,এভাবে পরিবারের সদস্যকে অপমান করলে কথাটা আরও খারাপ শোনায়; অভিযোগ থাকলে প্রমাণ দিয়ে বলুন।,fact_based,abusive_language
1221,"শালা বলদচোদাদের কাজের কাম নাই, উত্ভট জিনিস নিয়ে ব্যাস্ত,",এমন ভাষা না ব্যবহার করে কাজটার দুর্বল দিকটা বললে সমালোচনাটা অনেক বেশি বিশ্বাসযোগ্য হয়।,empathy,abusive_language
1222,"কোন কুত্তার বাচ্চা, এই জিনিস বানাইছে","কারও সৃষ্টি নিয়ে আপত্তি থাকলে কাজটা নিয়ে বলুন, মানুষটাকে গালি দেবেন না।",empathy,abusive_language
1223,একমাত্র বাংলাদেশ ই পারে আউল ফাউল জিনিস আবিষ্কার করত্ব,দেশকে অপমান না করে নির্দিষ্ট উদ্ভাবন বা সিদ্ধান্তের ত্রুটিটা দেখানোই ভালো।,moral_appeal,abusive_language
1224,কোন বাইনচোদ তৈরি করছে এই মেশিন।,"নির্মাতাকে গালি না দিয়ে যন্ত্রটার সমস্যা ঠিক কী, সেটা নির্দিষ্ট করে বললে উপকার হয়।",fact_based,abusive_language
1225,"এই হলো উন্নয়ন, মাদারচোদ সব গাইনজুইটা",উন্নয়ন নিয়ে ক্ষোভ থাকলে অপমান না করে বাস্তব সমস্যাগুলো বলাই বেশি কাজে লাগে।,fact_based,abusive_language
1226,"এটা কিভাবে হালাল হয়, হায়রে চাটা কুকুর সাংবাদিক",সাংবাদিকের ওপর রাগ ঝাড়ার বদলে প্রশ্নটা তথ্যসহ তোলা উচিত; তাহলেই উত্তর পাওয়া যায়।,fact_based,abusive_language
1227,বালের খানা তৈরী করছে খানকির পোলাপানে,খাবার বা কাজের মান নিয়ে আপত্তি থাকলে গালির বদলে নির্দিষ্ট সমস্যা বলাই ভালো।,empathy,abusive_language
1228,বালের মেসাইন করছো? যে করছে তারে আগে দেওয়া হোক এমন করে। আবালের দল,সমালোচনা থাকলে ব্যক্তিগত অপমান না করে কাজের ভুলটা দেখানো উচিত।,empathy,abusive_language
1229,এঁরা ইসলাম ধর্ম কে ছোট করছে সবার মাধ্যমে শুয়োরের বাচ্চারা,"ধর্মকে ছোট করার অভিযোগ থাকলে বক্তব্য বা কাজের নির্দিষ্ট অংশ নিয়ে কথা বলুন, পুরো মানুষকে গালি দেবেন না।",moral_appeal,abusive_language
1230,আবার হালাল চুদায় বান্দিরপুলায়,এভাবে অশ্লীলভাবে অভিযোগ তুললে মূল বিষয়টা আড়াল হয়ে যায়; শান্তভাবে কথা বলুন।,empathy,abusive_language
1231,শাউয়ার কসাইখানা। বগুড়ার ছলপল আছো না?!? একটা ব্যবস্থা নেও না ক্যারে???,"ক্ষোভ থাকলে ব্যবস্থার কথা বলুন, কিন্তু গালি দিয়ে নয়; তখন দাবি বেশি গ্রহণযোগ্য হয়।",discouraging_abuse,abusive_language
1232,কমেন্ট দেখে বুঝলাম বাংলাদেশ কেনো এতো নিচে পরে আছে বোকাচোদা বাঙালি,একটা কমেন্ট থ্রেড দেখে পুরো জাতিকে দোষী করা ন্যায্য নয়; আলাদা করে ঘটনা বিচার করা উচিত।,moral_appeal,abusive_language
1233,"চোদনা বাচ্চা কোরবানি হালাল,মাদারচোদ আজ প্রযন্ত কোন জায়গায় শুনছোত কোরবানি কারনে কারও কোন ক্ষতি বা রোগ হইছে বা জারা কসাই তাদের কোন ক্ষতি হইছে।",অন্যকে গালি না দিয়ে নিজের যুক্তিটা তথ্য দিয়ে বললে আলোচনাটা ভালো হয়।,fact_based,abusive_language
1234,টাকা দিয়ে সাওয়ার প্রকল্প নির্মাণ করছে । মরার আগ পর্যন্ত গরুটি কি ভাবে তাকিয়ে ছিল খেয়াল করিসনি বোকাচোদারা।,"মানুষ বা প্রাণীর কষ্ট নিয়ে কথা বললে সংবেদনশীল হওয়া উচিত; অপমান নয়, সহমর্মিতা দরকার।",empathy,abusive_language
1235,মানুষ হইছে সব থেকে বড় কুত্তার বাচ্চা। হালারা কোনো মানুষের জাতেই পরে না। এটা কখনোই কুরবানী হয় না। এটা পশু হত্যা।,কঠোর সমালোচনা থাকলেও পুরো মানুষজাতিকে ছোট করা ঠিক নয়; নির্দিষ্ট কাজ নিয়ে কথা বলুন।,moral_appeal,abusive_language
1236,জবাই দিয়ে এসব শিবিরের শূয়ারগুলোকে হত্যা করা হোক,হিংসার আহ্বান কোনো সমাধান নয়; আইন ও শান্তিপূর্ণ প্রতিবাদই নিরাপদ পথ।,discouraging_abuse,abusive_language
1237,জানোয়ারের বাচ্চা জঙ্গি নারী প্রধানমন্ত্রী ছিলেন তিনি মৃত্যুবরণ করেছেন অপরাধিকে গ্রেফতার করা উচিৎ।,"অপরাধ হলে গ্রেফতার ও তদন্ত দরকার, কিন্তু মৃত বা সংশ্লিষ্ট কাউকে অপমান না করেই কথা বলা উচিত।",fact_based,abusive_language
1238,"কোনো নির্দিষ্ট পশুর সাথ তুলনা চলেনা, তাহলে পশু টার অপমান হবে। জামাত শিবির আওয়ামীলীগ ছাত্রলীগের মত আলাদা একটি প্রানী।",কোনো গোষ্ঠীকে পশুর সাথে তুলনা না করে তাদের কাজ নিয়ে কথা বলা বেশি সম্মানজনক।,moral_appeal,abusive_language
1239,আর তুই পাকিস্তানপন্থী। ৭১ এ পাকিস্তানের অবৈধ ফসল,রাজনৈতিক পরিচয় দিয়ে অপমান না করে নির্দিষ্ট অবস্থান বা বক্তব্য নিয়ে আলোচনা করা উচিত।,moral_appeal,abusive_language
1240,আরে তুই ভারতপন্থী মোদির অবৈধ বীর্য,এভাবে ব্যক্তিগত ও অশ্লীল আক্রমণ না করে মতভেদের বিষয়টা শান্তভাবে বলুন।,empathy,abusive_language
1241,শিবির যারা করে এরা ছোটো থেকেই পটেনশিয়াল রেপিস্ট হিসাবে বড় হয়। কারন ৭১ এর সময় তাদের বাপেরা ধর্ষণ জিনিস টা বৈধতা দিয়ে গেছে।,একটা সংগঠন বা গোষ্ঠীর সবাইকে অপরাধী বলা ঠিক নয়; নির্দিষ্ট অপরাধের প্রমাণ আর তদন্তই দরকার।,moral_appeal,abusive_language
1242,এগুলো জামাতের সুশীলরা দেখেনা। নটির পোলাগো নুনু কাইটা মুখে ভরে দেওয়া উচিত,এমন হুমকি বা অশ্লীলতা সমস্যা সমাধান করে না; অভিযোগ থাকলে তথ্য দিয়ে তুলুন।,discouraging_abuse,abusive_language
1243,আল বটর বলে কথা। লেবাসধারী ৯০% ই আল বটর। তিতা সত্য।,লেবাস বা চেহারা দেখে পুরো মানুষকে বিচার না করে আচরণ আর কাজ দেখে মন্তব্য করা উচিত।,moral_appeal,abusive_language
1244,এদের জন্ম হইছে অবৈধ ভাবে এজন্য এদের মানসিকতা বিকৃত,কারও জন্ম নিয়ে অপমান করা খুবই কষ্টদায়ক; ভুল কাজ থাকলে সেটা নিয়েই কথা বলা ভালো।,empathy,abusive_language
1245,নিয়াজীর বীর্যের ফসল এরা! তাই চিন্তা ভাবনা পাকিদের মতো,এভাবে বংশ বা ইতিহাস টেনে অপমান করলে ভুল বোঝাবুঝি বাড়ে; নির্দিষ্ট আচরণে থাকুন।,moral_appeal,abusive_language
1246,গোবর মাথায় নিয়ে আবার জাজ করেন?,অপমান না করে যুক্তি দিয়ে প্রশ্ন করুন; তাহলে উত্তর পাওয়ার সম্ভাবনা বেশি থাকে।,empathy,abusive_language
1247,আপনার মোবাইল কি পুটকির মধ্যে ঢুকিয়ে রাখেন মানুষের কমন সেন্স যে কই যাচ্ছে দিন দিন ভিডিও করার জন্য কি একটা মোবাইল যথেষ্ট না,কাউকে এমনভাবে অপমান না করে সমস্যা কী সেটা স্পষ্ট বললে কথাটা বেশি গ্রহণযোগ্য হয়।,empathy,abusive_language
1248,"ওরে দেখেইতো বাবাখোর মনেহয়, যতো বাবা খোর গাঞ্জা খোরেরা সুন্দরী বউ পায়।",কারও চরিত্র নিয়ে কটাক্ষ না করে নির্দিষ্ট আচরণ নিয়ে কথা বলাই শ্রেয়।,empathy,abusive_language
1249,আইন আইন কইরেন না আর। আইন আমার বাল ছিড়তাছে দেখলামই তো,আইন নিয়ে বিরক্তি থাকলে প্রমাণ আর উদাহরণ দিয়ে কথা বলুন; গালি দিলে সমাধান আসে না।,fact_based,abusive_language
1250,শালার পুতেরে গাছের সাথে বাইন্দা মারতে থাকেন,কাউকে মারধরের কথা বলা বিপজ্জনক; বিচার চাইলে তা আইনি পথে হওয়া উচিত।,discouraging_abuse,abusive_language
1251,"কোন এক দল হিজলার সামনে পড়েছে তাই এই মাদারচোদকে ছেড়ে দিয়েছে, আমাদের সামনে পরলে পিঠায়তে পিঠায়তে হাড্ডি গুড়া করতাম",এমন সহিংস প্রতিশোধের ভাষা ক্ষতি বাড়ায়; শান্তভাবে প্রতিবাদ করা বেশি নিরাপদ।,discouraging_abuse,abusive_language
1252,এসব শুয়োরের সাথে মেয়েদের বিয়ে দেওয়ার কোন প্রয়োজনই নাই।,কারও সম্পর্কে এমন অবমাননাকর কথা না বলে নির্দিষ্ট আচরণ নিয়ে সমালোচনা করা উচিত।,moral_appeal,abusive_language
1253,হালারে তো গাজাখুরের মত দেখা যায়,কাউকে মাদকাসক্ত বলে গালি না দিয়ে নিজের পর্যবেক্ষণ ভদ্রভাবে বলুন।,empathy,abusive_language
1254,ভাই আমরা চাই ও বের হোক। ওই নটির পোলারে বাপ্পি কাটিং দিয়া দিমু,কারও ক্ষতি করার কথা না বলে ন্যায্য প্রক্রিয়ায় দাবি তোলা উচিত।,discouraging_abuse,abusive_language
1255,আমার মাথায় আসেনা এসব পিচাশ এর জামিন কোন জারজ দেয়,"জামিন বা আইনি সিদ্ধান্ত নিয়ে আপত্তি থাকলে আইনগত যুক্তি দিন, গালি নয়।",fact_based,abusive_language
1256,আপনার শাউয়া চুদির ভাই। এখানে কেউ জামায়াত বিএনপির কথা বলছে? ট্যাগ দেওয়ার মন মানসিকতা আসে কোত্থেকে?,ট্যাগ না দিয়ে নির্দিষ্ট কথাটার জবাব দিলে আলোচনা অনেক বেশি পরিষ্কার হয়।,empathy,abusive_language
1257,আমার কাছে পাঠিয়ে দেও তার কলিজা ছিঁড়ে পাগলা কুত্তা দিয়া খাইয়া দিবো,এমন হিংসাত্মক কথা শোনা খুবই বিপজ্জনক; অভিযোগ থাকলে আইনগত পদক্ষেপই ঠিক পথ।,discouraging_abuse,abusive_language
1258,শুয়োরের বাচ্চার যদি ফাসি না হয় তাহলে আমরা বাংলা সিনেমার মত আইন হাতে তুলে নিব এরে দেখলেই ত মেরে ফেলতে মন চায়,আইন হাতে তুলে নেওয়ার কথা নয়; ক্ষোভ থাকলেও বিচার আদালত ও তদন্তের মাধ্যমেই হওয়া উচিত।,discouraging_abuse,abusive_language
1259,"বালের কাহিনি শুনার দরকার নাই, মৃত্যুর খবর শুনতে চাই",মানুষের মৃত্যুর খবর চাওয়া খুবই কঠোর ও অমানবিক; ক্ষতির বদলে সত্য আর বিচার নিয়ে কথা বলা ভালো।,empathy,abusive_language
1260,তার চোখগুলা কুকুরের চেয়েও খারাপ,কারও চেহারা বা অঙ্গভঙ্গি নিয়ে অপমান না করে কাজের সমালোচনা করুন।,empathy,abusive_language
1261,"কি বালের নিউজ করেন,মাইরা ফেলে না কেন এখনো","খবর নিয়ে আপত্তি থাকলে সাংবাদিকতার মান নিয়ে কথা বলুন, কিন্তু হত্যা চাওয়া ঠিক নয়।",fact_based,abusive_language
1262,"কুত্তার বাচ্চার অঙ্গ প্রতঙ্গ কাইটা কুত্তারে খাওয়াইতে মন চায়,জনসম্মুখে এর বিচার করতে হবে।",বিচার চাইলে প্রমাণসহ আইনি পথে যেতে হবে; অঙ্গহানির কথা বলা চরম সহিংসতা।,discouraging_abuse,abusive_language
1263,দাড়ি টুপি যত ভাগ তার মাঝেই ৮০% ই এমন কেন? বোকাচোদা,দাড়ি-টুপি বা কোনো চেহারা দেখে মানুষকে বিচার না করে কাজ দেখে মন্তব্য করা উচিত।,moral_appeal,abusive_language
1264,"মাদারচোদ তোর ধর্ম আগে দেখ, এক জনের জন্য সবাইকে খারাপ ভাবার কোনো অবকাশ নাই",একজনের ভুলে পুরো ধর্ম বা গোষ্ঠীকে দোষী করা ঠিক নয়; নির্দিষ্ট কাজ নিয়ে বলুন।,moral_appeal,abusive_language
1265,কথাটা ভুল। হুজুর মানেই অমানুষ এটা বলুন।। কারন ইসলাম ধর্ম না মজব এটা পৃথিবীর ভাইরাস এদের ধার্মিক না বলে জানোয়ার বলেন,কোনো ধর্মীয় পরিচয়কে অবমাননা না করে ভুল কাজটাকেই সমালোচনা করা উচিত।,moral_appeal,abusive_language
1266,এসব মাদারচোদদের আগে মারতে হবে তারপর ধর্ষণকারী কে,কারও বিরুদ্ধে সহিংসতা চাওয়া সমাধান নয়; অপরাধের বিচার ন্যায়সঙ্গত প্রক্রিয়ায় হওয়া দরকার।,discouraging_abuse,abusive_language
1267,হুজুরদের পাথর মেরে শরীয়া কায়েম করা হোক।,কোনো গোষ্ঠীর ওপর হামলা চাওয়া ভুল; মতাদর্শের আলোচনা শান্তিপূর্ণভাবে হওয়া উচিত।,discouraging_abuse,abusive_language
1268,এই শালার পুতের দড়ি জুতা পিটা করা দরকার,"মারধরের আহ্বান নয়, সঠিক প্রক্রিয়ায় অভিযোগ তোলা উচিত।",discouraging_abuse,abusive_language
1269,আরে পতিতার বাচ্চা তোদের জাতের ভিতরে রেপিস্ট বেশি ইন্ডিয়াতে প্রতি ২০ মিনিটে একজন করে মহিলা দর্শনে শিকার হয় ওগুলা কি মুসলিমরা করে খানকির ছেলে,"অপরাধের পরিসংখ্যান নিয়ে কথা বললে গালি নয়, নির্ভুল তথ্য আর প্রেক্ষাপট দরকার।",fact_based,abusive_language
1270,আচ্ছা বাংলাদেশে কি হয় বোকাচোদা এমন কোনো দিন না তোরা কচি কচি বাচ্চা ছেলেদের পুটকি ফাডাইয়া ফালাস ধন ঢুকাইয়া,এমন অশ্লীল ও সহিংস অভিযোগ না করে শিশুদের সুরক্ষা নিয়ে দায়িত্বশীলভাবে কথা বলা উচিত।,empathy,abusive_language
1271,তোরা কি সবাইকে নিজের মত ভাবিস পতিতার বাচ্চা সব ক্ষেত্রে শুধু মুসলিমদেরকে টানা হয় না তোরা তোদের দেবীর মত সম্মান জানাবি আর মুসলিমদের উপর দোষ চাপাবি আকাডার বাচ্চা আকাডা,সবাইকে একভাবে দোষারোপ না করে নির্দিষ্ট ঘটনা ও প্রমাণের ওপর কথা বলাই ভালো।,moral_appeal,abusive_language
1272,মাদ্রাসা আর মসজিদে পোদ মারে বাচ্চা দের আর নারির কথা আর কি বলব ১১ বছরের মেয়ে প্রেগনেন্ট,"এমন গুরুতর অভিযোগে গালি নয়, সুরক্ষা, তদন্ত আর দায়িত্বশীল রিপোর্টিং দরকার।",fact_based,abusive_language
1273,"মাদ্রাসায় পুটকি মারা শিখায়,",এভাবে অশ্লীল ভাষায় পুরো প্রতিষ্ঠানকে দোষী করা ঠিক নয়; নির্দিষ্ট অভিযোগ থাকলে প্রমাণসহ বলুন।,moral_appeal,abusive_language
1274,তোর বাপে তো সকাল বিকেল বলাৎকার করে তখন কই থাকিস,এমন অপমানজনক ও গুরুতর অভিযোগ হালকা করে বলা উচিত নয়; প্রমাণ ও সঠিক প্রক্রিয়া জরুরি।,fact_based,abusive_language
1275,"পাক্কা মাদারচোত রাজাকার পাকিস্থানের দালাল খানকীর পোলা শুয়োরের বাচ্চা, খুব তাড়াতাড়ি তোর বিচি দুটো কেটে দেওয়া হবে।",কারও বিরুদ্ধে এমন হুমকি ভয়ংকর; বিচার চাইলে আইনগত পথে কথা বলতে হবে।,discouraging_abuse,abusive_language
1276,"খানকির ছেলে, পতিতার বাচ্চা, যৌন কমই ছেলে, পতিতা র অবৈধ সন্তান তাড়াতাড়ি কামলা দিয়ে তোর মায়ের আর বোনের সোনার পানি বাহির করা হবে",কারও পরিবারকে টেনে এমন অশ্লীল আক্রমণ করা খুবই আঘাতদায়ক; ভদ্রভাবে বিরোধিতা করুন।,empathy,abusive_language
1277,"তোর মা কে আম গাছে হেলান দিয়া চুদবো ঝর ঝর করে আম পড়বে রেন্ডির ছেলে, আজ রাতে তোর বাড়ী গিয়ে তোকে কোপ্যাবো মাদারচোত বেজন্মার বাচ্চা।","এটা সরাসরি হুমকি, যা খুবই বিপজ্জনক; সমস্যার সমাধান সহিংসতায় নয়, আইনে হওয়া উচিত।",discouraging_abuse,abusive_language
1278,আজ রাতে নোয়াখালী যাচ্ছি খানকীর ছেলে তোকে জান্নাত এর কাছে পাঠিয়ে দেবো মাদারচোদ।,এ ধরনের হত্যার হুমকি অত্যন্ত গুরুতর; এমন কথা বাদ দিয়ে শান্ত পথে এগোনো দরকার।,discouraging_abuse,abusive_language
1279,"চোদনা, আগে নিজের দেশের চিন্তা কর।তোর বাপেরা কি করে বেড়াচ্ছে",দেশ নিয়ে মতভেদ থাকলেও ব্যক্তিগত অপমান না করে নীতিগত কথা বলা উচিত।,moral_appeal,abusive_language
1280,"পেটের বাচ্চা বার করে হত্যা কারি, পিসাচ জাত। সামান্য ভিডিও তে দেশ বদনাম করিস। নিজের দেশ বালের দেশ সামলা আগে।",ভিডিও দেখে পুরো দেশ বা মানুষকে দোষী করা ঠিক নয়; প্রেক্ষাপট আর প্রমাণ দেখে কথা বলা উচিত।,fact_based,abusive_language
1281,"খানকির ছেলে ভারত হোক আর বাংলাদেশ হোক বা পাকিস্তান মেয়েদের সম্মান করতে যান আগে। খানকির ছেলে বললাম তোকে কারণ তোর মা তোকে সঠিক শিক্ষা দিতে পারেনি, এটা তোর মায়ের প্রাপ্য।","নারীদের সম্মান নিয়ে কথা বললে অপমান নয়, সম্মানজনক ভাষা ব্যবহার করা জরুরি।",empathy,abusive_language
1282,"তোরা মুর্খ জাতি, না হলে এমন কেও করে?",একটা ঘটনার জন্য পুরো জাতিকে মূর্খ বলা ঠিক নয়; নির্দিষ্ট কাজের সমালোচনা করুন।,moral_appeal,abusive_language
1283,"হিন্দুদের সাথে থেকে গোবর খেয়ে তোদের মাথায় কি গোবর উঠে গেছে, গনমাধ্যমের কাজ হচ্ছে সারা বিশ্বের খবর প্রচার করা",ধর্মকে টেনে অপমান না করে গণমাধ্যমের দায়িত্ব নিয়ে শান্তভাবে কথা বলুন।,moral_appeal,abusive_language
1284,চাটুকার সাংবাদিক ভারতের পা না চাটলে পেটের ভাত হজম হয় না,সাংবাদিকদের নিয়ে অভিযোগ থাকলে নির্দিষ্ট কাজ বা সংবাদ নিয়ে সমালোচনা করুন।,fact_based,abusive_language
1285,"আপনি দিনকানা না রাতকানা না দল কানা, না ভোদাই। ভারতের একটা ভিডিও যখন সামনে আসছে ওই ভিডিওর প্রেক্ষাপটে আপনি কি বাংলাদেশের বিষয় নিয়ে কমেন্ট করবেন",প্রেক্ষাপট নিয়ে প্রশ্ন থাকলে অপমান না করে সেটাই পরিষ্কারভাবে বলা উচিত।,empathy,abusive_language
1286,বোকাচুদা মালা য়ন তোদেরকে কি এমনি ভারতের তৃতীয় শ্রেণীর লোক বলা হয়।এটা তোদের গরুর মুত খাওয়া দেশ ভারতের ঘটনা।তোরা সারা পৃথিবীতে দুর্গন্ধ নামে পরিচিত,কোনো দেশের মানুষকে এমনভাবে অপমান না করে নির্দিষ্ট ঘটনার সমালোচনা করাই ভালো।,moral_appeal,abusive_language
1287,মুখ সামলে কথা বল কুত্তা কোথাকার। এটা ভারতের ভিডিও নয় হারামজাদা।,মুখের ভাষা নরম রাখলে কথাটা বেশি গ্রহণযোগ্য হয়; ভুল হলে সেটাই শান্তভাবে ধরিয়ে দিন।,empathy,abusive_language
1288,খানকির ছেলেরা বড় বড় কথা বলে ইয়া করে দেখানো,এভাবে সবার চরিত্র নিয়ে মন্তব্য না করে নির্দিষ্ট আচরণ বা ঘটনার কথা বলুন।,moral_appeal,abusive_language
1289,এই কাজটা যে জানুয়ারি করেছে সে তো মানুষ না তার জন্ম হয়েছে বোম্বের কোন এক নিষিদ্ধ পল্লীতে,কারও জন্ম বা পরিচয় টেনে অপমান করা খুবই অমানবিক; কাজটা ভুল হলে সেটাই বলুন।,empathy,abusive_language
1290,ভারতের বেশিরভাগ নিম্ন শ্রেণীর অশিক্ষিত বর্বর মূর্খ হিন্দুরা জানি কি টাইপের এত যে নোংরা আচার-আচরণ।,"শ্রেণি, ধর্ম বা জাতি ধরে সবাইকে এক কাতারে ফেলা ভুল; নির্দিষ্ট আচরণ নিয়ে কথা বলা ভালো।",moral_appeal,abusive_language
1291,ভারতের অধিকাংশ লোকজনের জন্ম হচ্ছে রাস্তাঘাটে,কারও জন্ম নিয়ে এমন অবমাননা করা ঠিক নয়; নির্দিষ্ট ঘটনার সমালোচনা করুন।,empathy,abusive_language
1292,শুয়ারের বাচ্চা না হলে এমন করতে পাড়ে না,"কঠোর সমালোচনা করতে হলেও ব্যক্তিগত অপমান নয়, কাজের ভুলটাই তুলে ধরা উচিত।",empathy,abusive_language
1293,ভারত শয়তানীর চরম লেবেলে পৌছেছে৷ এর একটা বিহিত হওয়া উচিত,একটি দেশের সব মানুষকে দোষী না করে নির্দিষ্ট ঘটনা আর দায়ীদের ওপর কথা বলাই যুক্তিসঙ্গত।,moral_appeal,abusive_language
1294,কুকুরের বাচ্চা নারীবাদী গুলা কই এখন?,কোনো মতাদর্শের মানুষকে পশুর সাথে তুলনা না করে নির্দিষ্ট অবস্থান বা বক্তব্য নিয়ে সমালোচনা করুন।,moral_appeal,abusive_language
1295,"পৃথিবীর মধ্যে যত দেশ আছে সবচেয়ে নিকৃষ্ট দেশ হিসেবে মনে করি এই ভারতকে, ইসরাইলের চেয়েও খারাপ।",একটি দেশের সব মানুষকে একসাথে নিকৃষ্ট বলা ন্যায়সঙ্গত নয়; ঘটনার ভিত্তিতে মন্তব্য করা উচিত।,moral_appeal,abusive_language
1296,সারা দুনিয়াতে এক নম্বর সন্ত্রাস হলো মিডিয়া,"মিডিয়া নিয়ে সমালোচনা থাকলে প্রমাণ, উদাহরণ আর নির্দিষ্ট প্রেক্ষাপট দিয়ে বলুন।",fact_based,abusive_language
1297,জঙ্গি রাষ্ট্র ভারতের কাছ থেকে এর চেয়ে বেশি কি আসা করা যায়,দেশকে সন্ত্রাসী বলা খুবই সামগ্রিক অপমান; নির্দিষ্ট নীতি বা ঘটনার সমালোচনা করাই ভালো।,moral_appeal,abusive_language
1298,বাইনচুদ মিডিয়ায় হেডলাইনেই তো ভারতের ঘটনা উল্লেখ করতে পারত,"হেডলাইন বা কভারেজ নিয়ে আপত্তি থাকলে সেটাই পরিষ্কারভাবে বলুন, গালি নয়।",fact_based,abusive_language
1299,এগুলো হচ্ছে অমানুষ সের বাচ্চা ওদের মা বোন নেই,কারও পরিবার নিয়ে এমন কথা বলা খুবই কষ্টদায়ক; সমালোচনা থাকলে আচরণ নিয়েই বলুন।,empathy,abusive_language
1300,ভারতীয় মানেই বিকৃত মস্তিষ্কের মানুষ এরা গুই সাপের সাথে সহবাস করা লোক এদের থেকে এর থেকে ভালো কিছু কিভাবে আশা করবেন,একটি জাতিকে বিকৃত বলে দোষারোপ করা ঠিক নয়; নির্দিষ্ট কাজ বা ঘটনার ওপর কথা বলুন।,moral_appeal,abusive_language
1301,এই দেশর লোক গুলি কুকুরে ছেয়ে খারাপ ।কারন এদের মা বোন নেই এরা গুরুর পেট থেকে জন্ম নিয়েছে । এরা গুরুর বাচ্ছা ।আর কুকুরের বাচ্ছা ।,কারও মা-বোনকে টেনে অপমান করা খুবই আঘাতমূলক; নির্দিষ্ট আচরণ নিয়ে সমালোচনা করুন।,empathy,abusive_language
1302,সরকার হল বোকাচোদা যারা এরকম করছে তাদের শালাকে ইন কাউন্টার করে দেওয়া উচিত,সরকারের সমালোচনা থাকলে সেটি তথ্য দিয়ে বলুন; বিচারবহির্ভূত সহিংসতার কথা নয়।,fact_based,abusive_language
1303,ভারত একটা জংলী রাষ্ট্র। ভালো কিছু আশা করা যায় না।,"একটি দেশকে জঙ্গল বলা ভুল; নীতির সমালোচনা করুন, মানুষকে নয়।",moral_appeal,abusive_language
1304,তুই একটা শুয়োরের বাচ্চা তোর বাপ কে তোর মাকে জিজ্ঞেস করবি দেখ তোর মা কি বলে,এভাবে পরিবার টেনে অপমান করা ঠিক নয়; ভদ্রভাবে নিজের কথা বলুন।,empathy,abusive_language
1305,"মাদারচোদরা অমানুষের বাচ্চা, ওদের জন্মের ঠিক নেই, ওরা জন্ম নিচে পতিতালয়ে, ওরা মায়ের সম্মান বুঝবে কি করে, আর এরকম বহুত মাদারচোদ ইন্ডিয়া এখন জন্ম নিছে,",কারও জন্ম বা পরিবার টেনে অপমান করা অমানবিক; কাজটা ভুল হলে সেটাই উল্লেখ করা উচিত।,empathy,abusive_language
1306,মাদারচোদ কে ন্যাংটা করে পুরা বাংলা ঘুরে বেড়ানো হোক,এমন অপমানজনক শাস্তির কথা না বলে আইনগত শাস্তির কথা বলা উচিত।,discouraging_abuse,abusive_language
1307,খানকীর পোলা বাইরে না দেইখা ঘড়ে গিয়া তুই তোর মা বোনেরটা দ‍্যাখ। কেউ কিছু বলবে না। এতো খারাপও থাকে মানুষ?। থুথু মারি তোদের জাতির কপালে।,কারও পরিবারকে টেনে গালি দিলে সমাধান হয় না; নির্দিষ্ট কাজ নিয়ে কথা বলুন।,empathy,abusive_language
1308,খানকির পোলারা বিচার করে না এগুলা করবে না তো কি করবে খানকির পোলারা ক্ষমতায় আসি এখন টাকা পয়সা নিয়ে লন্ডনে পালাইবে এগুলাই চলবে বাংলাদেশ,"রাজনীতি নিয়ে হতাশা থাকলে ব্যক্তিগত গালি নয়, দুর্নীতি বা ব্যর্থতার নির্দিষ্ট দিকটা বলুন।",fact_based,abusive_language
1309,"ওই খানকীর ছেলে মুসলিমের বাচ্চা, ওকে মাদ্রাসাতে এইসব শিখিয়েছে, বজরং দল ওই শান্তির বাচ্চাকে খুঁজছে",ধর্ম বা শিক্ষাপ্রতিষ্ঠান টেনে অপমান না করে নির্দিষ্ট আচরণ নিয়ে কথা বলুন।,moral_appeal,abusive_language
1310,এই চ্যানেলের সাংবাদিক বা পরিচালক সত্যিই একটা মাদারচোদ।,"চ্যানেল বা পরিচালকের কাজ নিয়ে সমালোচনা করুন, ব্যক্তিগত গালি না দিয়ে।",fact_based,abusive_language
1311,এগুলো সব অমানুষের বাচ্চা এগুলোকে ধরে অন্ধ বানিয়ে দেওয়া উচিত,এমন নিষ্ঠুর শাস্তির কথা খুবই বিপজ্জনক; ন্যায়বিচারই সঠিক পথ।,discouraging_abuse,abusive_language
1312,জানোয়ারের বাচ্চারা ধইরা তার চোখ দুইটা উঠাইয়া দেও খাদ দুইটা কেটে নিয়ে যাক তাহলে সে বুঝবে একজন ইজ্জতের,অঙ্গহানির কথা বলা ভয়ংকর; অপরাধ হলে তা আইনি ও মানবিক পথে মোকাবিলা করা উচিত।,discouraging_abuse,abusive_language
1313,উগ্রবাদী হিন্দুদের অবৈধ সন্তান ব্যতীত অন্য কেউ এরকম কাজ করতে পারে না।,একটি ধর্মীয় গোষ্ঠীকে দোষী করা ন্যায্য নয়; নির্দিষ্ট ব্যক্তির কাজ নিয়ে কথা বলা উচিত।,moral_appeal,abusive_language
1314,এই সমস্ত কুলাঙ্গারের বাচ্চার দুই চোখ তুলে দিতে হবে সাথে একটা হাত একটা পাও কেটে ভিক্ষার পেলের ধরায় দিতে হবে,এটা চরম সহিংসতা; এমন কথা বাদ দিয়ে আইনগত বিচার আর সুরক্ষার কথা বলা দরকার।,discouraging_abuse,abusive_language
1315,জানোয়ারটাকে ধরে চামড়া ছিড়ে ফেলায় দেওয়া উচিত। যদিও এখন যা দেখছি তাতে মানুষের নৈতিকতা সম্পর্কে প্রশ্ন উত্তর। আদেও কি এরা মানুষ।,সহিংসতা কামনা না করে ঘটনার নৈতিকতা ও দায় নির্দিষ্ট করে আলোচনা করা উচিত।,discouraging_abuse,abusive_language
1316,রেন্ডিরছেলে বাংলাদেশের ভিডিও ভারত বলে চালাচ্ছে। ভারত হলে এতক্ষন ওপরে চলে যেত। খোঁজ নিয়ে দেখ।,ভিডিওর উৎস আগে যাচাই করা জরুরি; প্রমাণ ছাড়া দেশ নিয়ে মন্তব্য করলে ভুল ছড়ায়।,fact_based,abusive_language
1317,বাংলাদেশ বলে কথা এবং কিছু মুর্খ বলে এই চেনেলটি কোন দেশের মুর্খ মাদ্রাসা ছাপ ভালো করে দেখ,চ্যানেল বা উৎস নিয়ে সন্দেহ থাকলে অপমান না করে যাচাই করা তথ্য দিন।,fact_based,abusive_language
1318,ভারতের মানুষের চাইতে বাংলাদেশের কুকুর অনেক ভালো,মানুষকে পশুর সঙ্গে তুলনা করা খুবই অবমাননাকর; দেশের বদলে নির্দিষ্ট কাজ নিয়ে কথা বলুন।,moral_appeal,abusive_language
1319,ভারত একটা কুলাঙ্গার রাষ্ট্র বানিয়ে ফেলেছে হিন্দু সম্প্রদায়ের নিকৃষ্ট মন মানসিকতার অমানুষগুলো,একটি সম্প্রদায়কে দোষী করা ঠিক নয়; নির্দিষ্ট ঘটনার সমালোচনা করাই যুক্তিসঙ্গত।,moral_appeal,abusive_language
1320,এইগুলো হচ্ছে অরজিনাল ইহুদির বাচ্চার জারজ সন্তান তা নাহলে কোন মায়ের এইভাবে কোন কাজ করতে পারে না,কারও বংশ বা ধর্ম টেনে অপমান না করে কাজটির সমালোচনা করুন।,moral_appeal,abusive_language
1321,এসব খানকির পোলা রে প্রকাশ্য গুলি করে হত্যা করা উচিত,কারও বিরুদ্ধে সহিংসতা চাওয়া খুব বিপজ্জনক; এমন ঘটনার বিচার শান্তিপূর্ণ ও আইনসম্মত পথে হওয়া উচিত।,discouraging_abuse,abusive_language
1322,এগুলো সব বাংলাদেশী জানোয়ার। ভারতের ঢুকে পশুর মতো অত্যাচার শুরু করে দিয়েছে।,কয়েকজনের আচরণ দেখে পুরো গোষ্ঠীকে দোষী করা ঠিক নয়; প্রত্যেক মানুষকে আলাদা করে বিচার করা উচিত।,moral_appeal,abusive_language
1323,বাংলাদেশের বেশিরভাগ সাংবাদিক মাদারচোদ ভারতের ছোট ছোট নিউসকে হেডলাইট করে,কারও মা-বোন বা পরিবারের সম্মান আক্রমণ করে কথা বলা ঠিক নয়; ভদ্র ভাষায় অভিযোগ করলে কথাটা বেশি শক্তিশালী হয়।,empathy,abusive_language
1324,তোমার সাথে চোদাচুদি করতে চাই রেট কতো জানাবেন,এ ধরনের যৌন প্রস্তাব কারও সম্মতি ছাড়া দেওয়া অস্বস্তিকর ও অসম্মানজনক। কাউকে সম্মান করে কথা বলা হলে যোগাযোগও অনেক নিরাপদ ও স্বচ্ছ হয়.,empathy,abusive_language
1325,"যে পরিশ্রম তর আম্মার পিছনে করছি রে মা তর মত বেশ্যা জন্ম দিতে,",কারও মা নিয়ে এমন অপমান করা খুবই কষ্টদায়ক। রাগ থাকলেও ব্যক্তিকে আঘাত না করে ভদ্রভাবে কথা বলা উচিত.,empathy,abusive_language
1326,আমি তোর বাপ লাগি কিন্তু কথা হইল তোর মতন মাগী কেমনে পয়দা করলাম খারাপ ভাবে তো আমি চুদি নাই তোর মারে,এভাবে মা-বাবা টেনে গালি দিলে মূল কথাটা হারিয়ে যায়। সমস্যা থাকলে নির্দিষ্ট আচরণ নিয়ে বলাই ভালো.,empathy,abusive_language
1327,লাকি এবং তার সমর্থনে কথা বলা বা কমেন্ট করা ব্যক্তিদের যারা গালাগালি করছে তারা সবাই খানকির ছেলে। তাঁদের এই জগতে কোনো মূল্য নেই।,"কোনো মতের সঙ্গে না মিললে গালি না দিয়ে যুক্তি দিয়ে জবাব দিন। অপমান মানুষকে বদলায় না, বরং বিভেদ বাড়ায়.",moral_appeal,abusive_language
1328,তাদের মায়েরা চুদিয়ে পয়সা ইনকাম করে আর তাঁদের বাবারা তাঁদের মায়েদের দালাল এটা একটা বাস্তব সত্যি কথা।,কারও পরিবার নিয়ে এমন কুৎসিত মন্তব্য করা অমানবিক। সত্যি কিছু বলতে হলে নির্ভরযোগ্য তথ্য আর সম্মানজনক ভাষা ব্যবহার করুন.,empathy,abusive_language
1329,এই বেশ্যার সাপোর্টে আরেক খানকী,"কাউকে অপমান করে সমর্থন বা সমালোচনা করা যায় না। নির্দিষ্ট বক্তব্যের জবাব দিন, ব্যক্তিগত গালি নয়.",empathy,abusive_language
1330,শাহামাগীদের দলের মাগী।একরাতে তিন জনের খাট কাপায়।,"এমন যৌন অপমান কাউকে ছোট করে, কিন্তু কোনো যুক্তি দেয় না। অভিযোগ থাকলে প্রমাণসহ শান্তভাবে বলুন.",empathy,abusive_language
1331,মাগির পোলা তর দাড়ি তে পতিতার মাসিকের রক্ত,এটা খুবই অপমানজনক ও কষ্টদায়ক ভাষা। ব্যক্তির চেহারা বা পরিবারকে আঘাত না করে কথা বলা উচিত.,empathy,abusive_language
1332,মাদার চোদ কি বলোছ? তোর মায়রে চুদি ভালো হয়ে জা,"এভাবে কথা বললে রাগই বাড়ে, সমাধান নয়। ভদ্রভাবে বক্তব্য দিলে মানুষ শুনতে আগ্রহী হয়.",empathy,abusive_language
1333,হালা আবাল কথা কি বুঝে শুনে বলস হালা কানের লতিতে থাপরাতে থাপরাতে কান গরম করে ফেলবো।,হুমকি না দিয়ে নিজের আপত্তিটা শান্তভাবে বলাই ভালো। আঘাতের ভাষা আলোচনা বন্ধ করে দেয়.,discouraging_abuse,abusive_language
1334,ভাই দৌলোদিয়ার মানুষের কি রুচিএত খারাপ হয়ে গেছে এই খানকির মাকে চুদবে এরকম,এভাবে কাউকে নিয়ে অশ্লীল কথা বলা খুবই অস্বস্তিকর। সমালোচনা থাকলে সেটি কাজ বা আচরণে সীমাবদ্ধ রাখুন.,empathy,abusive_language
1335,ওর মাকে চুদছে বস্তির ছেলে এক শর্ত ২০ টাকা,"কারও মা বা ব্যক্তিগত জীবন নিয়ে এমন কথা বলা নিষ্ঠুর। পরিস্থিতি নিয়ে কথা বলুন, অপমান নয়.",empathy,abusive_language
1336,হে মুর্খের বাচ্চা ওনার কথাগুলো যুক্তি দিয়ে খন্ডন করার বদলে খারাপ কথাই তো তোদের প্রধান অস্ত্র,কারও যুক্তি ভুল হলে যুক্তি দিয়েই দেখান। গালি ব্যবহার করলে নিজের অবস্থানই দুর্বল হয়.,fact_based,abusive_language
1337,নাস্তিক রার ভাতারি ভারতের দালালি করে খায়,"ধর্ম বা মতাদর্শ ধরে কাউকে দালাল বলা ঠিক নয়। নির্দিষ্ট কাজের সমালোচনা করুন, পরিচয়ের নয়.",moral_appeal,abusive_language
1338,তোর মাকে দুটো বরসি দিয়ে দুই পাশে টানা দিয়ে একটা কারেন্টের খাম্বার মধ্যে ১০০ শত শুয়োরে মাল ফেলে সজরে খাম্বাটা ডুকিয়ে দেয়ার ফলে তুই জন্মেছিস।,এটা চরম অশ্লীল ও অপমানজনক। কারও পরিবারকে টেনে কথা বলা বন্ধ করে বিষয়টি ভদ্রভাবে তোলাই ভালো.,empathy,abusive_language
1339,"তোর দাদীরে পাকিস্তানি মিলিটারী'রা চোদার পরেই তোর বাপের জন্ম, আর তোর মারে তোর বাপে চোদার কারনে তোর জন্ম, আর সেই থেকেই তোর রক্তের শিরা উপশিরায় পাকিস্তানি রক্ত বহমান।",পরিবার ও বংশ নিয়ে এমন কথা বলা খুবই ক্ষতিকর। ইতিহাস বা রাজনীতি নিয়ে আলোচনা করতে হলে অপমান ছাড়াই কথা বলুন.,empathy,abusive_language
1340,শূয়রের বাচ্চা তোর জন্ম কি দৌলতিতার কোন পল্লিতে?,কারও জন্মস্থান নিয়ে অপমান করা অপ্রয়োজনীয় ও কষ্টদায়ক। বিতর্ক থাকলে বিষয়বস্তু নিয়েই বলুন.,empathy,abusive_language
1341,"আওয়ামী লীগ পালাইছে,সাধারণ মানুষ ওদের চুদে না। তাই আজ রাস্তায় নামছে",রাজনৈতিক ক্ষোভ থাকলেও এমন ভাষা ব্যবহার না করাই ভালো। শান্ত ভাষায় দাবি তুললে সেটি বেশি গ্রহণযোগ্য হয়.,empathy,abusive_language
1342,তরে এইখানে কমেন্ট করতে বলসে কে? তোদের মতো শুকর গুলার লইগা এইসব খানকি রাস্তায় নামে মাদারচদ,কাউকে গালি দিয়ে থামানো যায় না। ভিন্নমত থাকলে যুক্তি দিয়ে বলাই বেশি কার্যকর.,empathy,abusive_language
1343,এটা শরিয়া আইনের নিয়ম নয় বরং কিছু লেবাসধারী অসভ্য জানোয়ার কাপুরুষ রেপিস্ট জনগোষ্ঠী দ্বারা তৈরি কৃত শাসন এরা শরীয়া আইনের নাম ব্যবহার করে নিজেদের কাপুরুষতা ঢাকার চেষ্টা করেন,কোনো আইন বা মতাদর্শ নিয়ে সমালোচনা করতে হলে নির্দিষ্ট প্রমাণ ও ব্যাখ্যা দিন। পুরো গোষ্ঠীকে গালি দিলে আসল প্রশ্ন আড়াল হয়ে যায়.,fact_based,abusive_language
1344,আরে হাঁদারাম! সৌদি আরবে এখন আর শরিয়া আইন নেই।,"এমন দাবি করলে নির্ভুল তথ্য দেওয়া দরকার। ভুল ধরাতে চাইলে উৎসসহ, শান্তভাবে বললে কথাটা শক্তিশালী হয়.",fact_based,abusive_language
1345,আরবে শরিয়া আইন চলে? কে বলছে মূর্খচুদা,প্রশ্নটা তথ্য দিয়ে করলে উত্তর পাওয়া সহজ হয়। গালি ছাড়া জিজ্ঞেস করলে আলোচনা এগোয়.,fact_based,abusive_language
1346,মুখ সামলিয়ে কথা বল খানকি মাগির পুত,অপমান করে কথা বন্ধ করা যায় না। ভদ্রতা রাখলে নিজের বক্তব্যও বেশি বিশ্বাসযোগ্য হয়.,empathy,abusive_language
1347,তোদের আমরা শয়তানের জারজ সন্তান মনে করি।,এমন ভাষা খুবই আক্রমণাত্মক। কাউকে মানুষ হিসেবে সম্মান না দিলে মতভেদ আরও বাড়ে.,moral_appeal,abusive_language
1348,তুই যাকে নিয়ে কথা বলছোত নির্ঘাত তোর জন্মের মধ্যে সমস্যা আছে তুই একটা জারাক সন্তান এর মধ্যে কোন সন্দেহ নাই,কারও জন্ম বা পরিবার নিয়ে এমন অপমান করা ঠিক নয়। সমালোচনা থাকলে কথার বিষয়বস্তুকে ধরুন.,empathy,abusive_language
1349,খানকির পোলারা মুসলিম নাম ব্যাবহার করিস মুতি সাউয়া দিয়ে দিমু,"ধর্মীয় পরিচয়কে টেনে অপমান করা খুবই কষ্টদায়ক। ভুল থাকলে আচরণে আঙুল তুলুন, নাম বা পরিচয়ে নয়.",moral_appeal,abusive_language
1350,তোমার লেখনীতে বুঝতে বাকি নেই তুমি বহুগামী মায়ের অনির্দিষ্ট পিতার পরিচয়হীন কুলাঙ্গার সন্তান !,কারও লেখার সঙ্গে একমত না হলে লেখাটাকেই সমালোচনা করুন। পারিবারিক আক্রমণ আলোচনাকে নোংরা করে দেয়.,empathy,abusive_language
1351,তোর আম্মুর পতিতালয় এ হাজার মানুষের সাথে থেকে তোর জন্ম,এভাবে মা বা পরিবার নিয়ে কথা বলা খুবই আঘাতদায়ক। ব্যক্তিগত অপমান না করে নির্দিষ্ট অভিযোগ বলুন.,empathy,abusive_language
1352,তোর জন্ম কথায় বাইন চোদ জারজ তুই কিশের সাথে কি মিলাস,কারও জন্ম বা পরিচয় নিয়ে অপমান করলে কথার মূল্য কমে যায়। শান্তভাবে প্রশ্ন করলে উত্তরের সম্ভাবনা বাড়ে.,empathy,abusive_language
1353,এই মান্দার পুতেরে আগে খুজে বের করা হোক,"কাউকে খুঁজে বের করার কথা বলার আগে প্রমাণ ও প্রয়োজনীয় প্রক্রিয়া দরকার। ব্যক্তিগত আক্রমণ নয়, ঘটনা নিয়ে বলুন.",fact_based,abusive_language
1354,"এসব খাংকির পোলারা হচ্ছে নাস্তিক, মুসলমানদের আইডি খুলে এইসব করে।",ধর্মীয় পরিচয় দিয়ে কাউকে দোষী করা ঠিক নয়। কারা কী করেছে সেটা প্রমাণ দিয়ে বলুন.,moral_appeal,abusive_language
1355,তোকে তোর পরিবার যা শিক্ষা দিয়েছে তুই তো তাই ছড়াবি তোকে শিক্ষা দিছে মহিলাদের ফেইসবুকে ডুকে ঘেউ ঘেউ করতি আর শাহাবাগীর জন্য দরদ প্রকাশ করতি,কারও পরিবার নিয়ে খোঁচা দেওয়া অপ্রয়োজনীয়। নির্দিষ্ট আচরণ ভুল মনে হলে সেটাই ভদ্রভাবে বলুন.,empathy,abusive_language
1356,এতই দুঃসময় চলে আসছে লাকির মত শাহবাগীদের কাছ থেকে শরিয়া শিখতে হবে।,বিরোধ থাকলেও কাউকে তুচ্ছ করে কথা না বলাই ভালো। বিদ্রূপের বদলে যুক্তি দিলে আলোচনা বেশি কার্যকর হয়.,moral_appeal,abusive_language
1357,এই সব নর্তকী দের কে ক্যামেরার সামনে কেন কথা বলতে দেয়? আর এখন দেখা যাচ্ছে সরিয়া আইনকে এই সব নর্তকী রা প্রশ্ন করতাছে ভাবা যায়,"কাউকে ‘নর্তকী’ বলা অসম্মানজনক। সমালোচনা থাকলে বক্তব্যের ভুলটা দেখান, মানুষটাকে ছোট করবেন না.",empathy,abusive_language
1358,"ও রে বোম্মা রে, তুমি তো যেন ধোয়া তুলসী পাতা, রাত বিরাত থাকো তো কোন না কোন নেতার লাঠির চিপায়। তুমি আমার আইন দেখাও,,","অন্যের চরিত্র নিয়ে সন্দেহ ছড়ানোর বদলে নির্দিষ্ট প্রশ্ন করুন। গুজব নয়, তথ্যই ভালো জবাব দেয়.",fact_based,abusive_language
1359,শাহবাগীর বাচ্চা আফগানিস্তানের দিকে দেখ ইসলামী শরিয়া আইন কাকে বলে,ভিন্ন মতের মানুষকে ‘বাচ্চা’ বলা ঠিক নয়। উদাহরণ দিতে চাইলে সেটি সম্মান রেখে দিন.,moral_appeal,abusive_language
1360,"ও তো পুরাই গেঞ্জিকা খাওয়ার মেয়ে শরিয়া আইন কি বুঝবে, মনু রাগ করলা",কারও বুদ্ধি বা চরিত্র নিয়ে কটাক্ষ না করে বিষয়টি পরিষ্কারভাবে ব্যাখ্যা করুন। তবেই কথাটা গ্রহণযোগ্য হবে.,empathy,abusive_language
1361,এই নর্দমার কিট বাইরে কি করে,এভাবে মানুষকে তুচ্ছ করলে বিদ্বেষই বাড়ে। সমালোচনা থাকলে কাজ বা আচরণ নিয়ে বলুন.,moral_appeal,abusive_language
1362,"ওস্তাদ, আপনার লাকীরে পাওয়া গেছে । আগের মতোই আছে কিন্তু চোদনা আপনার মতো ।",ব্যক্তিগত অপমান বাদ দিলে কথাটা অনেক বেশি শালীন শোনায়। রাগ থাকলেও সম্মান রেখে কথা বলা উচিত.,empathy,abusive_language
1363,এই খানকি এতদিন পর কোথা থেকে আসলো!?,কারও উপস্থিতি নিয়ে এমন অপমান না করে সরাসরি প্রশ্ন করুন। ভদ্রতা থাকলে কথার জোর বাড়ে.,empathy,abusive_language
1364,"এই বদমাইশ কে কেও জুতা পিটা করেনা কেনো, নটি কোথাকার",মারধরের কথা না বলে অভিযোগ থাকলে তা কর্তৃপক্ষ বা প্রমাণসহ তুলুন। সহিংসতা পরিস্থিতি আরও খারাপ করে.,discouraging_abuse,abusive_language
1365,তোর ওড়না ছাড়া পোশাক দেখলেই বোঝা যায় তুই কতো ভালো,কারও পোশাক দেখে চরিত্র মাপা ঠিক নয়। ব্যক্তিগত মন্তব্যের বদলে নির্দিষ্ট আচরণ নিয়ে কথা বলা উচিত.,moral_appeal,abusive_language
1366,ফাজিল কোথাকার! পুজা করবি তুই সার্কাস দেখাতে এসেছিস?যা এবার মায়ের ভোগে,ধর্মীয় আচার-অনুষ্ঠান নিয়ে এমন অবমাননা করা উচিত নয়। মতভেদ থাকলে শালীন ভাষায় বলুন.,moral_appeal,abusive_language
1367,"এই মালাউন কে দরে ঘন পিটনি দিয়ে হাত-পা বেংগে দেওয়া হউক, সাহস দিন দিন বেড়ে গেছে মুসলিম মেয়ে দের পেছনে লেগে আছে, এই মাগীর পোলা হিন্দু কুকুর নাপাকির বাচ্চা কে খুঁজে বাহির করা হউক","এটা সহিংসতার আহ্বান, যা খুবই বিপজ্জনক। কারও বিরুদ্ধে অভিযোগ থাকলে আইন ও নিরাপত্তার পথেই যান.",discouraging_abuse,abusive_language
1368,এসব কুকুরের বাচ্চাদের হাড্ডি গুঁড়া করে দেয়া উচিত,"এমন হিংসাত্মক কথা পরিস্থিতিকে আরও ভয়ংকর করে। ক্ষোভ থাকলেও সহিংসতা নয়, শান্ত পদক্ষেপ নিন.",discouraging_abuse,abusive_language
1369,মালায়ূনের দিপু দাসের মতো জয়বাংলা করে দাও,কাউকে হেয় করে রাজনৈতিক স্লোগান ব্যবহার না করাই ভালো। বক্তব্য থাকলে সেটি পরিষ্কার ও মর্যাদাপূর্ণভাবে বলুন.,moral_appeal,abusive_language
1370,ল্যাংটা বাবা রাস্তায় ফেলে কোপাবো এবার মব করতে আসলে এখন ইউনুস নাই। রাজাকার দেখলে সাথে সাথে গনপিটানি।,এটা সহিংসতা উসকে দেয়। নিরাপত্তা ও আইন ভেঙে ‘মব’ ডেকে আনা কোনো সমাধান নয়.,discouraging_abuse,abusive_language
1371,"তোর বাপের দেশ এটা, মাদারচোদ? তুই বাহির করার কে? খানকি-মাগী বেশ্যার পোলা জারজ মালুর বাচ্চা, তোরা মুসলমান মারবি আর আমরা তোদের রক্ষা করব?","পরিচয় টেনে এমন গালি দেওয়া খুবই ক্ষতিকর। সমস্যার কথা বলুন, ঘৃণা নয়.",empathy,abusive_language
1372,ল্যাংটা বাবা জঙ্গি ও পাকিস্তানের বীজ রাজাকার আলবদর এর বীজ,কাউকে ‘জঙ্গি’ বা ‘বীজ’ বলে অপমান করলে আলোচনায় কোনো উপকার হয় না। নির্দিষ্ট কার্যকলাপের সমালোচনা করুন.,moral_appeal,abusive_language
1373,এইসব খানকির ছেলে জারজরা গুলো চট্টগ্রামে বেশী,একটা অঞ্চল বা জনগোষ্ঠীকে একসাথে দোষী করা ঠিক নয়। নির্দিষ্ট ঘটনা ও ব্যক্তি নিয়ে কথা বলুন.,moral_appeal,abusive_language
1374,"খানকির পোলাকে ধরে জবাই করে, কুত্তাকে খায়িয়ে দাও",এটা স্পষ্ট সহিংসতার আহ্বান। মানবিক ও আইনি পথে অভিযোগ তোলা ছাড়া অন্য কিছু ঠিক নয়.,discouraging_abuse,abusive_language
1375,"সীমাহীন খানকি-মাগী বেশ্যার পোলা জারজ মালুর বাচ্চা, এখন মালুদের বাঁচানোর জন্য হাসিনা নাই।বেশি বাড়াবাড়ি করলে প্রত্যেক মালুর অবস্থায় দিপু চন্দ্র দাসের মতো হবে",এমন হুমকি ভয় ছড়ায়। রাজনৈতিক মতভেদ থাকলেও কারও বিরুদ্ধে সহিংসতার কথা বলা উচিত নয়.,discouraging_abuse,abusive_language
1376,কুত্তার বাচ্চাকে ধরে ডাইরেক্ট জবাই করে দিবেন যাতে জঙ্গি গুলো ভবিষ্যতে এমন কাজ করতে না পারে।,জঙ্গি বা অপরাধের সমাধান জবাই নয়। আইনের মাধ্যমে ব্যবস্থা নেওয়াই নিরাপদ ও ন্যায্য.,discouraging_abuse,abusive_language
1377,বেগম রোকেয়া মোল্লাদের পাছায় আগুন দিছে। এর পর থেকে মোল্লারা পায়ুযুদ্ধ করে।,এভাবে কাউকে বা কোনো গোষ্ঠীকে অশ্লীল ভাষায় অপমান করা ঠিক নয়। ইতিহাস বা মতাদর্শ নিয়ে সমালোচনা করতে হলে শালীন থাকুন.,moral_appeal,abusive_language
1378,জাতিকে নষ্ট করার দুই জন ঠাকুর আর রোকেয়া,"কারও নাম নিয়ে এমন দায় চাপানো সহজ, কিন্তু ন্যায্য নয়। নির্দিষ্ট কাজ বা নীতির সমালোচনা করুন.",moral_appeal,abusive_language
1379,"যারা এটা নিয়ে হাসাহাসি করছেন তাদেরকে বলছি, সত্যিই রোকেয়া একজন নারী জাগরণের অগ্রদূত। তিনি একাই নারীদের এগিয়ে নিয়ে যাচ্ছেন জাহান্নামের চূড়ান্ত সফলতায়","কারও অবদানকে অপমান না করে আলোচনা করুন। একমত না হলে যুক্তি দিয়ে বলুন, বিদ্রূপ দিয়ে নয়.",moral_appeal,abusive_language
1380,বেগম রোকেয়ার জন্য ই দেশে এত শাহবাগি পয়দা হয়েছে৷ ওনাকে ও জানাই বঙ্গবল্টুর মত শ্রদ্ধা,কাউকে স্লাগ দিয়ে বা এককভাবে দোষী করে কথা বললে সত্য পরিষ্কার হয় না। প্রেক্ষাপট আর যুক্তি দিয়ে আলোচনা করুন.,fact_based,abusive_language
1381,মেয়ে দেখলেই পতিতা মনে হয়? সেই হিসেবে তোর মা-বোন চৌদ্দগুষ্টি পতিতা,"নারীদের চরিত্র নিয়ে এমন কথা খুবই আঘাতদায়ক। মানুষকে লিঙ্গ বা ধারণা দিয়ে নয়, আচরণ দিয়ে বিচার করা উচিত.",empathy,abusive_language
1382,"হ, বেগম রোকেয়া ছিলো বলেই আজকের নারীরা দলে দলে পতিতালয়ের দিকে এগিয়ে যাচ্ছে।",নারীদের অপমান করে সমাজের আলোচনা করা ঠিক নয়। মতভেদ থাকলেও সম্মানজনক ভাষা ব্যবহার করুন.,moral_appeal,abusive_language
1383,"ঠিক ঠিক, বেগম রোকেয়ার জন্য আজকে নারীরা স্বামী বাদে সবার সামনেই কাপড় খুলতে লজ্জা পাইনা",এটা নারীদের নিয়ে অবমাননাকর ও অযাচিত মন্তব্য। সামাজিক পরিবর্তন নিয়ে কথা বলতে হলে শ্রদ্ধা বজায় রাখা জরুরি.,moral_appeal,abusive_language
1384,বাপ ভাই এর টাকায় পড়াশোনা করে চুদে দিলো তাদেরকেই,কারও শিক্ষা বা পরিবারকে নিয়ে এমন কথা বলা কষ্টদায়ক। সমালোচনা থাকলে কাজের দিকেই থাকুন.,empathy,abusive_language
1385,মেয়ে হয়ে জন্ম নেওয়াটা সবচেয়ে বড় অভিশাপ,"এমন কথা নারীদের অবমাননা করে। জন্ম নিয়ে নয়, প্রতিটি মানুষকে তার সক্ষমতা ও চরিত্র দিয়ে মূল্যায়ন করা উচিত.",empathy,abusive_language
1386,বেগম রোকেয়া পতিতালয়ের প্রতিষ্ঠাতা এবং চেয়ারম্যান সহ-সভাপতি,কারও অবদানকে এভাবে বিকৃতভাবে বললে আলোচনা নোংরা হয়। সমালোচনা থাকলে ইতিহাসভিত্তিক ও নির্ভুলভাবে বলুন.,fact_based,abusive_language
1387,বেগম রোকেয়া ছিলেন বলেই মেয়েরা আজ সম্মানিতা ভোগ্যপণ্য হয়ে উঠেছেন।,নারীদের ‘ভোগ্যপণ্য’ বলা অসম্মানজনক। সামাজিক পরিবর্তন নিয়ে বিতর্ক থাকলেও ভাষা শালীন রাখা জরুরি.,moral_appeal,abusive_language
1388,সমাজে ধর্ষন বেড়ে যাওয়ার জন্য রোকেয়া অনেকটাই দায়ী।।,এ ধরনের গুরুতর বিষয়ে ব্যক্তিকে একা দায়ী করা খুবই সরলীকরণ। বাস্তব কারণগুলো বুঝে কথা বলাই বেশি দায়িত্বশীল.,fact_based,abusive_language
1389,রোকেয়া ম্যাগিটা ছিলো বলেই আজ ম্যাগির কারখানা হইছে শাহবাগে।,অপমানজনক উপাধি ব্যবহার করলে যুক্তি দুর্বল হয়। সমালোচনা করতে হলে তথ্য ও প্রেক্ষাপটের ওপর ভরসা করুন.,moral_appeal,abusive_language
1390,বেগম রোকেয়ার কারনে এদেশে তসলিমা নাসরিনের জন্ম হয়েছে আজকে শাহাবাগী ও নারীবাদীদের উত্থান হয়েছে। তিনি মুসলিম সমাজের কলঙ্ক ও জাহান্নামের পথের দিশারী।,একজন মানুষকে পুরো সামাজিক পরিবর্তনের জন্য দায়ী করা ন্যায্য নয়। মতভেদ থাকলেও অপমান ছাড়া আলোচনা করুন.,moral_appeal,abusive_language
1391,রোকেয়া ভন্ড মহিলা ইসলামের শত্রু,কারও ভাবনা পছন্দ না হলে তাকে ‘শত্রু’ বলা ঠিক নয়। চিন্তা বা কাজের নির্দিষ্ট দিক নিয়ে আলোচনা করুন.,moral_appeal,abusive_language
1392,রোকেয়া ছিলেন বলেই আজকে দেশে এত পতিতা,নারীদের অপমান করে সমাজের সমস্যার সমাধান হয় না। বাস্তব কারণগুলো নিয়ে সম্মানজনক আলোচনা দরকার.,moral_appeal,abusive_language
1393,অকৃতজ্ঞ নারী পশ্চিমাদের এজেন্ট,নারীদের বা যেকোনো গোষ্ঠীকে এক শব্দে দালাল বলা অপমানজনক। নির্দিষ্ট ব্যক্তির কাজ নিয়ে কথা বলুন.,moral_appeal,abusive_language
1394,মান ইজ্জতের জন্য কিছু বললাম না। এই রকম আবর্জনা গুলোকে নিয়ে কিছু বললে নিজের শরীরই আরো ময়লা হবে,অন্যকে ‘আবর্জনা’ বললে নিজের কথাই নোংরা শোনায়। আপত্তি থাকলে শালীন ও স্পষ্ট ভাষায় বলুন.,empathy,abusive_language
1395,"রোকেয়া সে তো পিওর খানকি, আমি ব্যাচেলর পয়েন্টের কথা বলতেছি",কারও নাম টেনে গালি দেওয়া ভুল। সিরিয়াস আলোচনা ও বিনোদন আলাদা করে বলা উচিত.,empathy,abusive_language
1396,ভাই আর স্বামীর সাহায্যে বড়ো হইয়ে তাদেরই জাতিকে বাঁশ দেওয়ার নাম রোকেয়া,"এভাবে নারীদের সাফল্যকে খাটো করা ঠিক নয়। মত থাকলে নীতিগত সমালোচনা করুন, ব্যক্তিগত অপমান নয়.",moral_appeal,abusive_language
1397,"রোকিয়ার অবদান এই আজ বাংলার লক্ষ নারী প্রতিনিয়ত গর্ভপাত করছে ড্রেনে। প্রতিনিয়ত চোদা খাচ্ছে বয়ফ্রেন্ড এর কাছে। জাতি পাচ্ছে অসভ্য মা, নৈতিক অবক্ষয়ের সমাজ যাচ্ছে ধ্বংসের দ্বারপ্রান্তে।",এটা নারীদের জন্য খুবই অবমাননাকর। সামাজিক সমস্যার জন্য একজন মানুষকে দায়ী না করে বাস্তব কারণগুলো দেখুন.,empathy,abusive_language
1398,"নারীরা এগিয়ে যাচ্ছে, কিন্তু কোথায় সেটা বললে হুরেরা এসে আমার চৌদ্দগুষ্টি তুলে গালাগালি করবে।",ভিন্ন মতের মানুষকে হেয় না করে আলোচনা করুন। অসম্মানজনক ভাষা ছাড়া বিতর্ক অনেক বেশি ফলপ্রসূ হয়.,moral_appeal,abusive_language
1399,"শুনতে খারাপ লাগলেও, এটাই বাস্তব কিছু হিজাবি মেয়েদের ক্ষেত্রে! কারণ এসব বেশ্যারা হিন্দুদের বিছানা গরম করে, আর মুসলমানদের বদনাম করে, এসকল বেশ্যাদের মধ্যে হতে এই বেশ্যা হলো অন্যতম!",কারও পোশাক বা ধর্মের ভিত্তিতে চরিত্র বিচার করা ঠিক নয়। অভিযোগ থাকলে নির্দিষ্ট আচরণ নিয়ে কথা বলুন.,moral_appeal,abusive_language
1400,"আপনার কথা শুনে বুঝা গেলো, আপনি কোনো হিন্দু ছেলের বীর্যে জন্ম গ্রহন করেছেন!","কারও জন্ম বা ধর্ম নিয়ে এমন অপমান অগ্রহণযোগ্য। মতভেদ থাকলে যুক্তিতে থাকুন, আঘাতে নয়.",empathy,abusive_language
1401,"আপনারা তো বসে বসে আঙুল চুষছেন, অথচ আপনার মা বোন যে হিন্দুদের যৌন দাসী হচ্ছে, সেদিকে কোনো খেয়াল করছেন না!",এমন অশ্লীল ও অপমানজনক বক্তব্য খুবই ক্ষতিকর। কারও পরিবার বা ধর্মকে টেনে না এনে নির্দিষ্ট ইস্যু নিয়ে কথা বলুন.,empathy,abusive_language
1402,"তাদের জ্বালা বেশি, কাটা চেটে ভালো লাগে না, জারস সন্তান যে",এভাবে গালি দিলে আলোচনায় কোনো লাভ হয় না। ক্ষোভ থাকলেও ভদ্র ভাষায় কথা বলা উচিত.,empathy,abusive_language
1403,ভারতীয় রাজাকার দালালে দেশ সয়লাব কমেন্ট ইমোজি রিয়াকশন দেখলেই বোঝা যায়। সব জায়গায় এসব বাইনচোদ মুর্খ চোদা।বাংলাদেশের মালু গুলো ইন্ডিয়ান মালু থেকেও খারাপ উগ্রবাদী,একটি দেশের মানুষকে একসঙ্গে দালাল বলা ন্যায্য নয়। নির্দিষ্ট পোস্ট বা আচরণ নিয়ে সমালোচনা করুন.,moral_appeal,abusive_language
1404,এইসব খানকি দের ছবি ও বাবার নাম সহ প্রকাশ করুন যেন এদের শিক্ষা হয়,কারও ছবি ও পরিবার প্রকাশ করে অপমান করা হয়রানি তৈরি করে। অভিযোগ থাকলে আইনগত পথে যান.,discouraging_abuse,abusive_language
1405,"এই উগ্র হিন্দু জঙ্গি সন্ত্রাসীরা দেশের বিভিন্ন স্থানে মুসলিম মেয়েদের প্রেমের ফাঁদে ফেলে তাদের পরিচয় গোপন রাখে,আবার কেউ কেউ নিজেকে মুসলিম পরিচয় দেয়,এবং তাদের সর্বনাশ করে","এমন অভিযোগ খুব গুরুতর, তাই প্রমাণ ও নির্ভুল তথ্য ছাড়া বলা ঠিক নয়। ধর্মকে জড়িয়ে সামগ্রিক দোষারোপও ক্ষতিকর.",fact_based,abusive_language
1406,"এই হিজাবি মাগীর পরবর্তী ঠিকানা কলকাতার পতিতালয়, কিছুদিন এই মুশরিক তাকে ভোগকরে পরে ভারতীয় মাফিয়াদের হাতে বিক্রি করে দিবে।",কারও ভবিষ্যৎ নিয়ে এমন কুৎসিত কল্পনা খুবই অমানবিক। বিরোধিতা থাকলে ব্যক্তিকে অপমান না করে কথা বলুন.,empathy,abusive_language
1407,মানে হল তোদের মত কিছু খানকির পোলা আছে তারা সব সময় দেশে একটা গন্ডগোল তৈরি করার তালে থাকে,সবার উপর দোষ চাপালে সমস্যার সমাধান হয় না। নির্দিষ্ট ব্যক্তি বা ঘটনার কথা বলাই ভালো.,moral_appeal,abusive_language
1408,আচ্ছা ভাই তুই কি পাগল চোদা এইটা কদিন কার পোস্ট ভালো করে কি দেখুছু,কাউকে পাগল বলা বা গালি দেওয়া প্রশ্নের উত্তর নয়। ভদ্রভাবে ভুলটা ধরিয়ে দিন.,empathy,abusive_language
1409,এই কুলাঙ্গার ছেলে ও মেয়ে ফুড এন্ড বেভারেজের সিলেট ক্লাস করতো। অসভ্য জানোয়াররা সমাজ কে কলুষিত করছে,কারও শিক্ষা বা পেশা দেখে ‘জানোয়ার’ বলা ঠিক নয়। সমালোচনা থাকলে নির্দিষ্ট কাজের দিকেই থাকুন.,moral_appeal,abusive_language
1410,এ সব মুসলিম মেয়ে খানকি মাগী বেশ্যাদের ধরে বিষ কচু ভুদার মধ্যে ছুলে ঢুকে দিয়ে দরকার।,এটা ভয়ংকর হিংসা উসকে দেয়। নারীদের বিরুদ্ধে এমন কথা না বলে অভিযোগ থাকলে নিরাপদ ও আইনসম্মত পথে যান.,discouraging_abuse,abusive_language
1411,কারো কাছে যদি এই মাগি নাম্বার থাকে থাহলে আমাকে দেন প্লিজ,কারও ব্যক্তিগত তথ্য চাওয়া গোপনীয়তা লঙ্ঘন করে। সম্মতি ছাড়া কাউকে খোঁজা বা শেয়ার করা ঠিক নয়.,fact_based,abusive_language
1412,যাক ঘরে চাচার ছেলে নইলে মোল্লা দিয়ে হালালার নামে বেশ্যা বানানোর প্রকৃয়া থেকে বেচে যাবে যদি সে তার পুর্বপুরুষের ধর্মে মানে হিন্দু ধর্ম্ব ফিরে আসে,কারও ধর্ম বদলানোর পরামর্শ দিয়ে অপমান করা অনুচিত। ধর্মীয় পরিচয়কে সম্মান না দিলে বিভাজন বাড়ে.,moral_appeal,abusive_language
1413,সব জেলায় কিছু কিছু নটির মেয়ে আছে নামে মুসলিম ইমান নাই কাফের,"ধর্মের নাম নিয়ে নারীদের অপমান করা খুবই কষ্টদায়ক। কারও চরিত্র নয়, নির্দিষ্ট কাজ নিয়ে কথা বলা উচিত.",moral_appeal,abusive_language
1414,অবশেষে কোন মুসলিম ছেলেকে বিয়ে করে তাকে ঠকাবে আর কি। হিন্দু ছেলের দিয়ে চোদাই ভোদা ফাটায় ফেলতেছে পরে মুসলিম ছেলে বিয়ে করবে।,কারও সম্পর্ক বা যৌন জীবন নিয়ে এমন ভাষা খুবই অপমানজনক। ব্যক্তিগত আক্রমণ বাদ দিয়ে সামাজিক বিষয় আলোচনা করুন.,empathy,abusive_language
1415,মুসলিম মেয়েদের অভিভাকরা সতর্ক হোন। এই বেশ্যা মেয়ে ও মালাউন ছেলেটাকে কি গণধোলাই দেয়া যায়নি?,"সতর্কবার্তা দিতে চাইলে হিংসার ডাক নয়, নিরাপত্তা ও তথ্য দিন। গণধোলাই কোনো সমাধান না.",discouraging_abuse,abusive_language
1416,"বোরকা হিজাব পরছে হিন্দু র জন্য। এই বেশ্যার কঠিন বিচার হওয়া উচিত, ইসলাম, পর্দাটাকে ব্যঙ্গ করার জন্য।",পোশাক দেখে কাউকে বিচার করা ঠিক নয়। মতভেদ থাকলে শালীন আলোচনাই ভালো.,moral_appeal,abusive_language
1417,"এই মেয়েগুলোকে যে ছেলে বিয়ে করবে, তার দুনিয়ার জীবনও জাহান্নাম হয়ে যাবে। এই অভিশপ্ত মেয়ের জন্যই ।",কারও ভবিষ্যৎ বা বিয়ে নিয়ে অভিশাপ দেওয়া খুবই নিষ্ঠুর। সমালোচনা থাকলে ব্যক্তির কাজ নিয়ে বলুন.,empathy,abusive_language
1418,সব কয়টা হোটেল ব্যাবসায়ী,এটা অসম্পূর্ণ হলেও সবার প্রতি সন্দেহ ছড়ায়। নির্দিষ্ট অভিযোগ থাকলে প্রমাণসহ বলাই ভালো.,fact_based,abusive_language
1419,তর মেয়ে কে যে দিন ধর্ষণ করবে পাড়ার বুইড়া কাকা রা সে দিন বুঝবি কেমন লাগে জানুয়ার এর বাচ্চা,এটা ভয়ংকর ও অনুচিত হুমকি। কারও পরিবারের ক্ষতি কামনা না করে অভিযোগ থাকলে আইনি পথে যান.,discouraging_abuse,abusive_language
1420,এই বাইনচোদ তোর মা বোন নাই খানকির পোলা,কারও মা-বোনকে টেনে গালি দেওয়া খুবই আঘাতদায়ক। রাগ থাকলেও ভদ্রভাবে কথা বলা উচিত.,empathy,abusive_language
1421,আবালচোদা নেক্সট টাইম এসব কমেন্ট করবি না,কঠোরভাবে না বলে শান্তভাবে ভুলটা ধরিয়ে দিলে মানুষ বেশি শোনে। অপমান কমিয়ে বলুন.,empathy,abusive_language
1422,"তাও তো নামছে,, তুই কাপুরুষ হিজলা, তুই নামলি না কেন","কাউকে কাপুরুষ বা হিজড়া বলা অপমানজনক। সমালোচনা থাকলে ঘটনাটাই বলুন, পরিচয় নয়.",moral_appeal,abusive_language
1423,"আপনার মতো বউ এর কাপরের নিচে নয়, তারা বেশ্যা হইলেও মায়ের জাত, আপনি একদিন খোজ নিছেন তারা বেশ্যা কেন",কাউকে ‘বেশ্যা’ বলা বা পোশাক নিয়ে বিচার করা ঠিক নয়। সম্মানজনক প্রশ্ন করলে উত্তরও ভদ্র হয়.,empathy,abusive_language
1424,মাদারচোদ ওরা হোটেল কর্মী হয়েও রামিসার ফাঁসি চায় আর তুই হিজরা কী ঘরে চুরি বসে আছো,কারও পেশা বা পরিচয় নিয়ে অপমান না করে মূল দাবিটা বলুন। গালি দিলে যুক্তির ওজন কমে যায়.,fact_based,abusive_language
1425,ওই হোটেলে না যাইলে তোর জন্ম হয়তো না তোর মা তো ওই হোটেলের নিয়মিত যৌনকর্মী ছিলো,এটা পরিবারকে লক্ষ্য করে খুবই কষ্টদায়ক আক্রমণ। ব্যক্তিগত অপমানের বদলে ঘটনা নিয়ে কথা বলা উচিত.,empathy,abusive_language
1426,এই কমেন্টে বুঝলাম তুই তোর মা ও বোন কে ধর্শণ করেছিস,এমন গুরুতর অভিযোগ প্রমাণ ছাড়া করা খুবই অনুচিত। নির্ভরযোগ্য তথ্য ছাড়া কারও বিরুদ্ধে এমন কথা বলা ঠিক নয়.,fact_based,abusive_language
1427,এইখানে তোর মা আর তর বোন তর বউও আছে মাদারচুদ,পরিবারকে টেনে অপমান করা আলোচনাকে নোংরা করে। বক্তব্য থাকলে সেটি বিষয়ভিত্তিক রাখুন.,empathy,abusive_language
1428,সামনেরটাতো টোকাই দেখলেতো নেশাখোর মনে হয়,কারও চেহারা বা পোশাক দেখে এমন ধারণা করা ঠিক নয়। মানুষকে আচরণ দিয়ে বিচার করা ভালো.,moral_appeal,abusive_language
1429,রাস্তার টোকাই কারে কই পাইছে এনসিপি টাকা দিয়ে রাস্তার টোকাইরে ভাড়া করে এনে আন্দোলন চালাচ্ছে,অর্থায়ন বা নিয়োগ নিয়ে অভিযোগ থাকলে প্রমাণসহ বলুন। অপমানজনক শব্দ ব্যবহার করলে সত্য চাপা পড়ে যায়.,fact_based,abusive_language
1430,সবগুলো নেশাখোর আর টুকাই মনে হচ্ছে,কারও চেহারা বা অবস্থার ভিত্তিতে গালাগালি না করে নির্দিষ্ট আচরণ নিয়ে কথা বলা উচিত.,moral_appeal,abusive_language
1431,তুরা যে অশিক্ষিত চাপরি তা দেখলেই বুঝা যায়।,কাউকে অশিক্ষিত বলে ছোট করলে কিছুই বদলায় না। ভদ্রভাবে ভুলটা ধরিয়ে দেওয়া বেশি কার্যকর.,empathy,abusive_language
1432,গাঁজাখোরের মত কথাবাত্রা খুনীত ভিতরেই আছে বাইরে কই পাগল ছাগলের দল কতগুলা,অপমান করে কথা বললে আলোচনার মান নষ্ট হয়। রাগ থাকলেও নির্দিষ্ট বিষয়ে সীমাবদ্ধ থাকুন.,empathy,abusive_language
1433,"তোগো মতো সাঙ্গাতিক এর মায়েরে চুদি শালার্পূত এটা ভুয়া, তোর কি বোনের জামাই লাগে নাকি বাপ লাগে যে ভুয়া লিখিস নাই খানকির পোলা!","এভাবে পরিবারকে টেনে অপমান করা খুবই নোংরা। ভুল ধরতে হলে তথ্য দিয়ে, শান্তভাবে ধরুন.",empathy,abusive_language
1434,মেয়েরা সেনাবাহিনী দেখলে মনে হয় মা মেয়ে শুয়ে পড়ে অথচ কত কত মেয়েদের এভাবে জীবন নষ্ট করতাছে ওই সব বাইনচোদরা ওদের বউ ও জানে তাড়া আড়ালে কত গুলো বিয়ে করে যায় হোক,নারীদের নিয়ে এমন অবমাননাকর ধারণা দেওয়া ঠিক নয়। ব্যক্তিগত দোষারোপ না করে নির্দিষ্ট আচরণ নিয়ে কথা বলুন.,moral_appeal,abusive_language
1435,দিন শেষে ওই মাগীবাজদের জয় হয় কেননা ওদের কাছে যায় সবাই তাই ওরাও খেয়ে ছেড়ে দেয়,এভাবে নারী বা সম্পর্ক নিয়ে তুচ্ছ করা ঠিক নয়। সমালোচনা থাকলেও ভাষা শালীন রাখুন.,moral_appeal,abusive_language
1436,মহিলার মুখের ভাষা শুনে বোঝা যাচ্ছে বংশ খারাপ,"কাউকে বংশ দিয়ে বিচার করা অন্যায্য। কথা অপছন্দ হলে সেটি নিয়ে বলুন, পরিবার নিয়ে নয়.",empathy,abusive_language
1437,শিবির করুক আর বিনপি এদের বাপ মা রে ডাইকা থাপড়ায় বাড়িতে পাঠানো দরকার। ক্ষমতার দাপট দেখায়। ফাজিল কোথাকার।,রাজনৈতিক বিরোধ থাকলেও কারও বাপ-মাকে টেনে থাপড়ানোর কথা বলা ঠিক নয়। শান্ত রাজনৈতিক সমালোচনাই ভালো.,discouraging_abuse,abusive_language
1438,এই জানোয়ারের বাচ্চারা কিভাবে বিশ্ববিদ্যালয়ে ভর্তি হয়? নাকি বিশ্ববিদ্যালয়ে ভর্তি হওয়ার পর এরা জানোয়ার হয়।,"ছাত্রদের ‘জানোয়ার’ বলা সমাধান নয়। বিশ্ববিদ্যালয়ের আচরণ বা নীতির সমালোচনা করুন, মানুষকে ছোট করবেন না.",moral_appeal,abusive_language
1439,তুই এতো রাতে রাজাকারের ধোন চুষে দ্বীনের দাওয়াত নেওয়া বাদ দিয়ে এখানে কি করতে আসছিস? আর তোদের কি ধারণা? মেয়ে আইডি দিয়ে গুপ্তবাজি করলেই তোদের ধরে নিধন করবে না কেউ?,এটা খুবই অপমানজনক ও হুমকিসূচক ভাষা। প্রশ্ন থাকলে সরাসরি ও ভদ্রভাবে করুন.,discouraging_abuse,abusive_language
1440,বান্দির পুত বাপদের নাম নিতে ভয় লাগে?,কারও পরিবারকে অপমান করে কথা বলা ঠিক নয়। ভদ্র প্রশ্ন করলে উত্তরও ভদ্র আসে.,empathy,abusive_language
1441,কোনো এক বাইঞ্চুদকে দেখেছিলাম এবি জুবায়ের এর পোস্টে বলছিলো মিথ্যা গুজব।,গুজব নিয়ে দ্বিমত থাকলে ব্যক্তিগত গালি না দিয়ে তথ্য দিন। বিশ্বাসযোগ্যতা বাড়াতে প্রমাণ জরুরি.,fact_based,abusive_language
1442,"পারলে চান্স পেয়ে দেখা, সারাজীবন মুর্খ থাকবো তাও এমন ধোনের ইউনিভার্সিটি তে পড়ার স্বপ্ন দেখবো না","কোনো বিশ্ববিদ্যালয়কে গালি না দিয়ে এর মান, সমস্যা বা অভিজ্ঞতা নির্দিষ্ট করে বলুন.",fact_based,abusive_language
1443,ছাত্রদল লিখতে কি হাত বাঁকা হয়ে যায় বাংগিরপুত,রাজনৈতিক পরিচয় নিয়ে এমন অপমান না করে মতের পার্থক্য দেখান। গালি আলোচনাকে দুর্বল করে.,moral_appeal,abusive_language
1444,বিশ্ববিদ্যালয়ে পড়লেই যে ভালো মানুষ হওয়া যায় নাহ। এটা তার বড় প্রমাণ।,"মানুষের মূল্যায়ন ডিগ্রি দিয়ে নয়, আচরণ দিয়ে করা ভালো। কারও কাজ ভুল হলে সেটাই বলুন.",moral_appeal,abusive_language
1445,"খানকির পোলা,ছাত্রদলের নাম মুখে নিতে ভয় নাকি লজ্জ লাগে? মাদারচোদ","ভয়ের প্রশ্ন করলে গালি না দিয়ে সরাসরি বলুন। অপমান নয়, যুক্তি বেশি কাজ করে.",empathy,abusive_language
1446,সব অমানুষ কয়টাকে বহিষ্কার করা হোক এদের দিয়ে দেশের কোন কল্যান হবে না,শাস্তির দাবি থাকলে তা প্রক্রিয়াগতভাবে বলুন। কাউকে ‘অমানুষ’ বলা সমাধান নয়.,fact_based,abusive_language
1447,অমানুষ সব! এদের বাপ মা কি এদের শিক্ষা দেয়নি?,কারও পরিবারকে দোষী না করে তার নিজের আচরণ নিয়ে মন্তব্য করুন। এতে কথাটা বেশি ন্যায্য হয়.,moral_appeal,abusive_language
1448,এসব জারজদের জন্ম দেয়া বাপ-মায়ের চেহারাটা দেখতে খুব ইচ্ছে করছে,কারও বাবা-মাকে টেনে অপমান করা খুবই অমানবিক। অভিযোগ থাকলে ব্যক্তির কাজ নিয়ে থাকুন.,empathy,abusive_language
1449,শুয়োরের বাচ্চা এরা।। পতিতালয়ের থেকে জন্ম নেওয়া তো তাই তাদের পিতৃপরিচয় পোস্ট এ লিখে না।,"এভাবে জন্ম বা পরিচয় নিয়ে অপমান করা খুব কষ্টদায়ক। ব্যক্তিকে নয়, তার আচরণকে সমালোচনা করুন.",empathy,abusive_language
1450,কবর থেকে তুলে খালেদা মাগিরে চুদবে অই দিন বেশি দেরি নাই,মৃত্যু বা কবর নিয়ে এমন ভাষা খুবই নিষ্ঠুর। রাজনৈতিক মতভেদ থাকলেও শালীনতা রাখা উচিত.,discouraging_abuse,abusive_language
1451,এগুলা পতিত লীগের বীজ। ছাত্রদলে ঢুকে ছাত্রদলের নাম নষ্ট করছে।,কাউকে ‘বীজ’ বলে দোষী করা ঠিক নয়। প্রমাণসহ নির্দিষ্ট অভিযোগ তোলা বেশি দায়িত্বশীল.,moral_appeal,abusive_language
1452,পড়ালেখা শেষ করে একেকটা মাদারচুদ হবি তুরা,শিক্ষিত মানুষকে গালি দিলে শিক্ষার মর্যাদা কমে যায়। ভুল থাকলে আচরণে সমালোচনা করুন.,moral_appeal,abusive_language
1453,এটি পড়ালেখা করে বেশ্যাসামী করা লাগে বেশ্যাসামী ভার্সিটির ভিতর চুদলিংপং করে এডি শিখতে যায়। পুরা আবরান মতো ঘটনা,বিশ্ববিদ্যালয় বা পড়াশোনাকে এভাবে অপমান করা উচিত নয়। সমালোচনা থাকলে নির্দিষ্ট সমস্যার কথা বলুন.,moral_appeal,abusive_language
1454,বালের বিশ্ববিদ্যালয়? ওখানে গুন্ডামি আর জাউড়ামি শিখানো হয়?,প্রতিষ্ঠান নিয়ে ক্ষোভ থাকলে তথ্যভিত্তিক সমালোচনা করুন। গালি দিলে সমস্যার সমাধান হয় না.,fact_based,abusive_language
1455,বাংলাদেশের নোংরা রাজনীতি বাংলাদেশের শিক্ষা প্রতিষ্ঠানগুলোকে অনেক আগেই সন্ত্রাসী চাঁদাবাজ চোর জানোয়ার তৈরীর প্রতিষ্ঠান হিসাবে রূপান্তরিত করেছে,এটা খুবই কঠোর অভিযোগ; কিছু ক্ষেত্রে সত্যতা থাকলেও পুরো ব্যবস্থাকে একেবারে দোষী করা ঠিক নয়। নির্দিষ্ট উদাহরণ দিয়ে কথা বলুন.,fact_based,abusive_language
1456,বাংলাদেশের বিভিন্ন শিক্ষা প্রতিষ্ঠান থেকে শিক্ষিত নামে অধিকাংশ চোর বাটপার ধর্ষক চাঁদাবাজ নেশাখোর জারজ জানোয়ার মাদারচোদ তৈরি হয়।,এমন সার্বিক দোষারোপ শিক্ষাপ্রতিষ্ঠান ও শিক্ষার্থীদের প্রতি অন্যায়। অপরাধীকে আলাদা করে চিহ্নিত করা উচিত.,moral_appeal,abusive_language
1457,জাশি মানেই গুজব। নতুন গুজব মার্কেটে ছড়াচ্ছে শিবির বেশ্যার পোলারা,গুজবের বিরুদ্ধে থাকতে হলে প্রমাণ দরকার। কোনো গোষ্ঠীকে গালি না দিয়ে নির্দিষ্ট তথ্য যাচাই করুন.,fact_based,abusive_language
1458,"এসব খানকির পোলা পড়াশোনা করে কি করবে? এসব খানকির পোলাদেরকে যতদিন পর্যন্ত বিশ্ববিদ্যালয় থেকে কুত্তার মত তাড়িয়ে দেওয়া না হবে ততদিন পর্যন্ত বিশ্ববিদ্যালয় জাস্ট নামেই থাকবে,",শিক্ষার্থীদের তাড়িয়ে দেওয়ার কথা না বলে তাদের আচরণ ও নীতির ওপর সমালোচনা করুন। অপমান পরিস্থিতি আরও খারাপ করে.,discouraging_abuse,abusive_language
1459,শিবির হয়লে এইসব খানকির ছেলে গুলাই বড় বড় ক্যাপশন দিতো জামাত শিবিরের সন্ত্রাসী কার্যক্রম,কাউকে রাজনৈতিক পরিচয় দিয়ে ঠাট্টা করলে সত্য যাচাই কমে যায়। নির্দিষ্ট ঘটনার ভিত্তিতে কথা বলুন.,moral_appeal,abusive_language
1460,অতি দ্রুত এই সব খানকির পোলাদের গ্রেফতার করার দাবী জানাচ্ছি। এইসব হিজড়া মার্কা দল শুধু বহিষ্কার ছাড়া আর কিছুই করতে পারবে না। আর ওই ছেলের উচিৎ অতি দ্রুত মামলা করা,গ্রেফতার বা মামলার দাবি করলে সেটা প্রমাণ ও আইনের ভিত্তিতে হওয়া উচিত। গালি না দিয়ে নিয়ম মেনে এগোনো ভালো.,fact_based,abusive_language
1461,"এগুলো শিক্ষা কেন্দ্র না, এগুলো হচ্ছে গুন্ডা ও মাদক সেবীদের আবাস স্থল।",কঠোর সমালোচনা থাকলেও কোনো প্রতিষ্ঠানকে এককভাবে দোষী বলা ঠিক নয়। নির্দিষ্ট সমস্যা ও সংস্কারের কথা বলুন.,fact_based,abusive_language
1462,"খানকির পোলা সাংবাদিক, তর ছাত্রদল বাপের নাম নিতে সরম লাগে? গেস্টরুম কালচার ফিরায় আইনা আবারও সন্ত্রাসী কার্যক্রম শুরু করতেছে ক্যাম্পাসগুলায়।",সাংবাদিক বা ছাত্ররাজনীতিকে গালি না দিয়ে নির্দিষ্ট অভিযোগ ও প্রমাণ সামনে আনুন। তা হলে দাবি বেশি শক্তিশালী হবে.,fact_based,abusive_language
1463,"এই শুয়োরের বাচ্চাদের কে কুওা দিয়ে চোদানো দরকার , শাওয়ার সিনিয়র এই টা যদি মুসলমান রা করতো ডিরেক্ট শিবির নামে চালায় দিতো",এটা সরাসরি সহিংসতা উসকে দেয়। অভিযোগ থাকলে ভাষা সংযত রেখে আইনি পথে কথা বলুন.,discouraging_abuse,abusive_language
1464,এরা না অতীত থেকে শিক্ষা নেয় না বই থেকে! অমানুষের জাত!,"কারও আচরণে হতাশ হলে শাস্তি বা সংস্কারের কথা বলুন, কিন্তু পুরো মানুষকে অমানুষ বলবেন না.",moral_appeal,abusive_language
1465,"এই বান্দির পুত, বরিশাইল্লা মানুষ কি লঞ্চের পুটকি ধইরা আইছে? লঞ্চ তোর বউ এর ভোদার ভিতর দিয়ে ভরে দিবো, খানকির পোলা","এভাবে অঞ্চল আর পরিবার টেনে অপমান করা খুবই কষ্টদায়ক, তাই কথা আরও সংযতভাবে বলা উচিত।",empathy,abusive_language
1466,"সৌদি আরব নিয়ে যারা বাজে কমেন্টস করতেছিস, তাদের জন্মের সমস্যা আছে, তোদের মত কুলাঙ্গার দ্বারা সবই সম্ভব, তোদের মত কুলাঙ্গার সৌদি আরবও আছে, কুলাঙ্গার দের সাথে তোদেরকে মিলাবে",কোনো দেশ বা মানুষের জন্ম নিয়ে এমন মন্তব্য না করে নির্দিষ্ট সমালোচনা ভদ্রভাবে করা ভালো।,moral_appeal,hate_speech
1467,খানকির ছেলে সৌদি আরবে যদি সঠিক আইন থাকতো তাহলে বাংলাদেশের গৃহকর্মীরা প্রেগন্যান্ট হয়ে দেশে ফিরে কেন তোর মায়রে চুদি,"গৃহকর্মীদের পরিস্থিতি নিয়ে আলোচনা করতে গেলে গালি নয়, তথ্য আর মানবিকতা দরকার।",empathy,abusive_language
1468,তোকে প্রথম কে চুদেছে তোর ভাইয়া না আব্বু তোদের ধর্মেতো আপন ভাইবোন মা ছেলে চুদাচুদি জায়েজ আছে,"পরিবার ও ধর্মকে টেনে এমন অপমান করা খুবই অশালীন, এটা বন্ধ করা উচিত।",warning_of_consequences,hate_speech
1469,"খানকির পোলা তোদের তো গরুর মুত ও পবিত্র লাগে, তোদের আর কি বুঝাবো মাদারচোদ",কারও বিশ্বাস নিয়ে বিদ্রূপ না করে যুক্তি দিয়ে কথা বললে বক্তব্যটা বেশি শক্তিশালী হয়।,discouraging_abuse,hate_speech
1470,রুর গবর খাইতে খাইতে তোদের মাথাই ও গবর ঢুকে গেছে বুঝলি জাউরা,অপমানজনক ভাষা না ব্যবহার করে নিজের ক্ষোভ শান্তভাবে প্রকাশ করা উচিত।,discouraging_abuse,abusive_language
1471,বাংলাদেশের গুষ্টি কিলাই দেশে যাইতাম না আর,দেশ নিয়ে হতাশা থাকলেও পুরো দেশকে অপমান করা ঠিক নয়।,moral_appeal,abusive_language
1472,হ তোরে পুটকি মারা হালাল । সাথে তোর বাপ ভাই যা আছে সব কয়টারে পাঠা দিয়ে মারাবি সেটাও তোদের জন্য হালাল,এভাবে হুমকি আর হিংসার ভাষা ব্যবহার করা অত্যন্ত বিপজ্জনক।,warning_of_consequences,threat
1473,চোদানির পোয়ার দেশ ভাই এইটা,"একটি দেশকে এভাবে উপহাস করলে সমস্যার সমাধান হয় না, শুধু বিদ্বেষ বাড়ে।",discouraging_abuse,abusive_language
1474,আপনারা কি জ্ঞান বুদ্ধি মাথায় চিন্তাশক্তি সাধারণ জ্ঞান এগুলো সব কি হারাই গেছে নাকি?,"ক্ষোভ থাকলে সেটি গালি ছাড়া, যুক্তিসংগতভাবে বলা ভালো।",discouraging_abuse,abusive_language
1475,জুলাই তোমার আপাকে ইন্ডিয়া ভাগাইছে আর মুদি এখন শয়তানি করছে। খাম্বা চোরা এখন ক্ষমতায় দেশ এখন কোন দিকে যাচ্ছে একবার ভাব।,রাজনৈতিক সমালোচনা করতে গিয়ে পরিবারকে টেনে আনা বা অপমান করা ঠিক নয়।,moral_appeal,abusive_language
1476,আর প্রধানমন্ত্রী বসে বসে ট্রাক চালিয়ে ড্রাইভারের ফিল নিতাছে আর তার বুদ্ধি শুধু ঐ খাল খনন পর্যন্তই,সরকার নিয়ে সমালোচনা থাকলে তা কৌতুক আর অপমানের বদলে নীতিগতভাবে বলা উচিত।,fact_based,abusive_language
1477,বিপরীত গেলেই গুজব মনে হয়.? ইস্কন হচ্ছে একটা সন্ত্রাস সংগঠন।,কোনো সংগঠনকে সন্ত্রাসী বলার আগে প্রমাণ ও নির্ভরযোগ্য তথ্য দরকার।,fact_based,hate_speech
1478,"খা আবর্জনা তোদের খাদ্য আমাদের না, আমরা গরু খাই তোদের মা কে খাই",এভাবে মানুষ আর পরিবারকে নিয়ে অশ্লীল কথা বলা খুবই আঘাতমূলক।,empathy,abusive_language
1479,জাতি এটাও জানে গোবর খোর কারা আর ইসকন কত বড় সন্ত্রাসী,"একটি গোষ্ঠীকে গোবরখোর বা সন্ত্রাসী বললে বিভাজনই বাড়ে, সমাধান নয়।",moral_appeal,hate_speech
1480,"শুয়োরের বেজন্মা মাগির বাচ্চা মালাউন, তদের মালাউন থেকে রাস্তার কুত্তা আরো ভালো, অমানুষ শুয়োরের বাচ্চারা",ধর্ম বা পরিচয় নিয়ে এমন অপমানজনক ভাষা ব্যবহার করা সম্পূর্ণ অনুচিত।,moral_appeal,hate_speech
1481,এত সাহস ফেসবুকে চাপা মারস কেন? পারলে কোনো মুসলমান এর সামনে কথা বল। শালারা জঙ্গি গুষ্টি।,"কাউকে জঙ্গি গুষ্টি বলা বা হুমকি দেওয়া উত্তেজনা বাড়ায়, তাই তা থেকে সরে আসা উচিত।",warning_of_consequences,hate_speech
1482,"শাওয়ার মালাউন, শুয়োরের বাচ্চারা তদের দিপু দাস মতো ট্রিটমেন্ট করা দরকার, রাস্তার কুত্তার থেকেও বাদ তরা","কাউকে রাস্তার কুকুরের চেয়েও খারাপ বলা খুবই অমানবিক, এটা এড়ানো দরকার।",empathy,hate_speech
1483,আকাটার চোদা তুই। মুদীর বীজ মাদারচোদ,কোনো রাজনৈতিক বিরোধেও পরিবারকে টেনে গালি দেওয়া উচিত নয়।,discouraging_abuse,abusive_language
1484,"বিশ্বাস করুন মুসলমান মাত্রই মিথ্যা বলে, এই ঘটনার সত্যতা নিজে একটু যাচাই বাছাই করেন, ঠিকানা বলুন দেখি মুসলমান কেমন সত্য বলে?",একটি ধর্মের সবাই মিথ্যাবাদী বলা ন্যায্য নয়; ঘটনা যাচাই করে কথা বলা উচিত।,fact_based,hate_speech
1485,হিন্দু খাংকির পুলা। মুসলিম দের মারলে বলছ ভুয়া। তদের সব কয়ঠাকে ভারতে পাঠাতে হবে না হয় দিপুর মতো অবস্থা করতে হবে। শালারা জঙ্গি গুষ্টি।,"ধর্মীয় গোষ্ঠীর বিরুদ্ধে এমন হুমকি অত্যন্ত বিপজ্জনক, তাই তা বন্ধ করা দরকার।",warning_of_consequences,hate_speech
1486,"কিরে খানকির বাচ্চা, হিন্দুর চোদা। তোর বউকে মনে হয় হিন্দু ইসকনে চোদে কচি বউটাকে। দালালি চোদাস ভারকের বীজ",কারও পরিবার ও ধর্মকে একসাথে টেনে গালি দেওয়া খুবই কষ্টদায়ক।,empathy,hate_speech
1487,ঠিক হইছে। এই মাদারচোদ ইস্কনের হয়ে কাজ করতো মনে হয়।,কোনো সংগঠনের সঙ্গে জড়ানো নিয়ে সন্দেহ থাকলে সেটা প্রমাণসহ বলা উচিত।,fact_based,abusive_language
1488,ইস্কনের সবাইকে পুটকি মেরে দেশ থেকে বিতাড়িত করতে হবে,কোনো সংগঠনের সবাইকে দেশ থেকে তাড়ানোর কথা বলা ঘৃণামূলক ও বিপজ্জনক।,warning_of_consequences,hate_speech
1489,শুরু হয়ে গেছে এই ফেরাউনের বাচ্চাদের গুজবের কারখানা। অবশ্য পাকিস্তানের বীর্যে জন্ম নিলে এমনি হবে।,"জন্ম বা জাতিগত পরিচয় টেনে অপমান করা ঠিক নয়, গুজব থাকলে প্রমাণ দেখানো উচিত।",fact_based,abusive_language
1490,"পোদ মারার কোন প্রতিবাদ নাই, হিন্দুদের পুটকিতে চিমটি না কাটলে ভাত হজম হয়না",কাউকে হেয় করতে এমন অশালীন ভাষা ব্যবহার না করাই ভালো।,discouraging_abuse,abusive_language
1491,"আজ পর্যন্ত কোনোদিন শুনলাম না, তোরা তো আসলেই মানুষের জাত না, তোদের শিক্ষাটাই পুটকি মারা আর মিথ্যা কথা বলা",মানুষকে অমানুষ বলা বা মিথ্যা শেখার কথা বলা অপমানজনক এবং অযৌক্তিক।,moral_appeal,abusive_language
1492,বাংলাদেশের হিন্দুদের বেশিরভাগই দেশ ও জনগণের শত্রু । এরা নিজেদেরকে ভারতীয় নাগরিক মনে করে,একটি ধর্মীয় গোষ্ঠীর সবাইকে দেশের শত্রু বলা অন্যায় ও বিভেদমূলক।,fact_based,hate_speech
1493,"ইসকন সন্ত্রাসী হিন্দু মারো, গাছে ঝুলাই আগুন দেও",কোনো ধর্মীয় গোষ্ঠীর বিরুদ্ধে হত্যা বা আগুনের আহ্বান ভয়ংকর অপরাধ।,warning_of_consequences,hate_speech
1494,"ঈদ উপলক্ষে শুরু হয়ে যাক একটা করে ইস্কন ধর, ধরে ধরে জবাই কর","ঈদের নামে জবাইয়ের কথা বলা অত্যন্ত বিপজ্জনক, এটা কখনোই গ্রহণযোগ্য নয়।",warning_of_consequences,threat
1495,বোকা মুসলিম জাতি ঘুমন্ত অবস্থায় পড়ে আছে বীর বাঙালী অস্ত্র ধরো,একটি ধর্মীয় গোষ্ঠীকে বোকা বলে আর অস্ত্র ধরতে বললে তা উসকানি হয়ে যায়।,warning_of_consequences,hate_speech
1496,সব গুলা কি বোকাচুদা নাকি বিচার বিবেচনা ছাড়া নিউজ এর হেডলাইন কে প্রাধান্য দেয়। এই শিক্ষিত দেশ এর চেয়ে আগে অশিক্ষিত দেয় ই ভালো ছিল।,গালাগালি না করে সংবাদ যাচাই ও সমালোচনা করলে কথাটা বেশি গ্রহণযোগ্য হয়।,fact_based,abusive_language
1497,খানকি মাগির ছেলে এক বাপের জন্মা হলে পরিচয় দে ইসলাম নিয়ে ঠাট্টা বিদ্রুপ করিস পিছন দিয়ে বাঁশ দিয়ে মুখ দিয়ে বের করবো শূয়োরের বাচ্চা,ধর্ম নিয়ে ঠাট্টা না করে সমস্যা থাকলে ভদ্রভাবে বলাই উচিত।,moral_appeal,hate_speech
1498,গোমূত্রখোর মালাউন তোরা যে অপরাধ করেছিস তোদের গোটা জাতিকে ধ্বংস করে দিলেও তার পাওনা শোধ হবে না। দিনে দিনে বাড়ি আছে দেনা,একটি পুরো জাতিকে ধ্বংসের কথা বলা ভয়ংকর ঘৃণা তৈরি করে।,warning_of_consequences,hate_speech
1499,"গোমূত্রখোর আর গোবরখোর মালাউন যাদের রুচিতে ধরে, ওদের বিষয়ে বলতেও বমি আসে ওয়াক থু",কাউকে গোবরখোর বা গোমূত্রখোর বলা খুবই অবমাননাকর; ভদ্র ভাষা ব্যবহার করা উচিত।,discouraging_abuse,hate_speech
1500,খেয়ে ফোলো চুদি দাও মুসলিম মাল গুলো কে,কোনো গোষ্ঠীকে নিয়ে এমন অশালীন কথা বলা খুবই কষ্টদায়ক।,empathy,hate_speech
1501,"এসব রাস্তার মাগীদের মুসলিম বলছেন কেনো! মালাউন বেশ্যার গর্ভে জন্ম নেয়া জারজ সন্তানদের রক্ষিতা মাগীদের মুসলিম বলে ভুল করবেন না,ওরা হচ্ছে পতিতা,মুনাফেক",নারী ও ধর্মকে একসাথে অপমান করা খুবই অন্যায় এবং আঘাতমূলক।,empathy,hate_speech
1502,এই ছাগলের সাথে মানুষ যায় কেমনে প্রেম করতে।,কারও প্রেম বা পছন্দ নিয়ে এমন ভাঁজে কথা না বলে ভদ্রভাবে মত দেওয়া উচিত।,discouraging_abuse,abusive_language
1503,বিএনপি দলটাই তো নাস্তিক দের দ্বারা গঠিত,রাজনৈতিক দল নিয়ে এমন ধর্মীয় সাধারণীকরণ প্রমাণ ছাড়া বলা ঠিক নয়।,fact_based,hate_speech
1504,মালুরে দেখতে লাগছে একটা খাটাস। একটা মেয়ে কিভাবে এর মতো চেহারার খাটাসকে পছন্দ করে বুঝি না। মেয়েদের রুচি এতো নিম্নমানের হয়।,"কারও চেহারা নিয়ে কটূক্তি করা উচিত নয়, আর মেয়েদের রুচি নিয়ে সাধারণীকরণও ভুল।",moral_appeal,gender_abuse
1505,কিসের জন‍্য রেডি রেনডির বাচচা নে তুই শূকর খা।,"এমন অশালীন কথা বললে আলোচনার মান নষ্ট হয়, তাই ভদ্রভাবে বলা উচিত।",discouraging_abuse,abusive_language
1506,তোর মায়ের ভোদা দিয়ে শুয়োর ভরে দিবো,"এটি খুবই হুমকিমূলক ও অশালীন, তাই এমন কথা বলা বন্ধ করা দরকার।",warning_of_consequences,threat
1507,"আজকে এই আইডি থেকে কোন এক জারজ সন্তান যে গালি দিয়েছে, আমি চুপ থাকার ভাষা হারিয়ে ফেলছি। সে কোন ধর্মানুসারী হতে পারে না। সে সমগ্র মানব জাতির শত্রু","কারও গালি নিন্দনীয়, কিন্তু পুরো মানবজাতির শত্রু বলা অতিরঞ্জন; শান্তভাবে জবাব দেওয়া ভালো।",empathy,abusive_language
1508,ভারতে প্রায় ৫০ কোটি জংগী তৈরি করেছে মোদি চক্র,কোনো দেশের মানুষকে কোটি কোটি জঙ্গি বলা বাস্তবসম্মত নয়; এ ধরনের দাবি প্রমাণ ছাড়া করা উচিত না।,fact_based,hate_speech
1509,গোয়া মারা খাওয়ার আগে সবারই গোয়া চুলকায় বিজেপির ও চুলকাচ্ছে,রাজনৈতিক ব্যঙ্গ থাকলেও শালীন ভাষা রাখলে কথাটা বেশি গ্রহণযোগ্য হয়।,discouraging_abuse,abusive_language
1510,ভারতের হিন্দু উগ্রবাদী চরমপন্থী গুবর খুর মালাউন এদের চিন্তা মস্তিষ্ক পৃথিবীর সবচেয়ে নির্কৃষ্ট,"একটি ধর্মীয় গোষ্ঠীকে এভাবে অপমান করা বিদ্বেষ বাড়ায়, সমাধান নয়।",moral_appeal,hate_speech
1511,"এই আমেরিকার লাল কুত্তাদেরকে সেই কারণে বিশ্বাস করতে নাই এগুলা হাইওয়ান জানোয়ারের চেয়ে ভয়ঙ্কর, তারা কথা দিয়ে কথা রাখবে না,",একটি জাতি বা দেশের সবাইকে কুত্তা বলা ঠিক নয়; নির্দিষ্ট নীতির সমালোচনা করা উচিত।,fact_based,hate_speech
1512,এভাবে অপমান করতে নেই ভাই বেডি মানুষ একটু কম বুঝে বুঝাইতে হয় ওদেরকে ভালো করে।,অপমান না করে ধৈর্য ধরে বোঝালে মানুষ বেশি শোনে।,empathy,abusive_language
1513,তোমার হেডা বরাবর কিছু মিসাইল উপহার দেওয়া দরকার। অনেক আনন্দ পাবা ঈদে শান্তি আর শান্তি,"মিসাইল দেওয়ার কথা বলা সরাসরি হিংসার আহ্বান, এটা খুবই বিপজ্জনক।",warning_of_consequences,threat
1514,ডোনাল্ড ট্রাম্প আমেরিকা মানুষ নামের পশু! ওদের সাথে ইহুদিদের কোনো পাথ'ক্য নেই।,রাজনৈতিক ব্যক্তিকে আক্রমণ করলেও মানুষকে পশু বলা ঠিক নয়; ভদ্র সমালোচনা করা উচিত।,moral_appeal,hate_speech
1515,আরে ছাগল ফালতু কথা বইলা লাভ নাই সজীব ওয়াজে হল মাতাল মদখোর,কারও কথা পছন্দ না হলে ছাগল না বলে যুক্তি দিয়ে আপত্তি করা ভালো।,discouraging_abuse,abusive_language
1516,ভারতকে আবার লাগবে কেন বাংলাদেশের জঙ্গি মব সন্ত্রাসী রাজাকার বাহিনী কি বাল ফালায় এতো পারে,গালাগালি বাদ দিয়ে রাজনৈতিক বিষয়টা নিরপেক্ষভাবে আলোচনা করা উচিত।,fact_based,abusive_language
1517,তুই যে একটা বেয়াদব এটা তোর এলাকার লোকজন জানে?,"কারও বেয়াদবি থাকলে সেটি ভদ্রভাবে বলা উচিত, এলাকায় জানে কি না তা দিয়ে অপমান নয়।",discouraging_abuse,abusive_language
1518,তোরা ওগুলা করেই মনে শান্তি নেও। বাস্তবে মুসলিমরা পুটকি মারা খেয়ে মরছে,ধর্মীয় গোষ্ঠীকে এমন অপমান করা খুবই ঘৃণামূলক ও অশোভন।,warning_of_consequences,hate_speech
1519,"এই মালাউনের বাচ্চা, তোর মুখ আগুনে জ্বলবে","মুখে আগুন জ্বলবে বলা হুমকি, যা ভয়ংকর এবং ক্ষতিকর।",warning_of_consequences,threat
1520,পৃথিবীর সমস্ত সমস্যার অন্যতম মূল কারণ হচ্ছে আমেরিকা,একটি দেশকে সব সমস্যার মূল কারণ বলা অতিরঞ্জিত; বাস্তবতা অনেক জটিল।,fact_based,hate_speech
1521,তোমার সোনা কাইটা চিলেরে খাওয়ামু চুদমারানি,"এটি খুবই নির্মম হুমকি, তাই এমন কথা বলা থেকে বিরত থাকা উচিত।",warning_of_consequences,threat
1522,ফেক আইডি চালাস! পুটকি মারানি,"ফেক আইডি নিয়ে প্রশ্ন থাকলে ভদ্রভাবে বলাই ভালো, গালি দিলে কিছুই সমাধান হয় না।",discouraging_abuse,abusive_language
1523,তদের আব্বা ইজরায়েল তরা তো তাদের পাশেই থাকবি জানোয়ারের বাচ্চারা,কারও রাজনৈতিক অবস্থান নিয়ে এমন পারিবারিক গালি দেওয়া ঠিক নয়।,discouraging_abuse,abusive_language
1524,আমেরিকার জবান আর কুত্তার জবান এক।,একটি দেশের ভাষা বা মানুষকে কুকুরের সাথে তুলনা করা অপমানজনক।,moral_appeal,hate_speech
1525,আমেরিকা ইসরায়েল ভারত এঁরা মানুষ রুপে শয়তান জানোয়ার কুত্তা শুকুরের বাচ্চা,"কয়েকটি দেশকে একসাথে শয়তান বলা বিদ্বেষ বাড়ায়, সমাধান নয়।",warning_of_consequences,hate_speech
1526,আমেরিকা একটা মাদারচোদ দেশ।এর প্রেসিডেন্ট ও মাদারচোদ। ট্রাম্প পৃথিবীর অশান্তি একমাত্র ব্যক্তি,রাজনৈতিক বিরোধ থাকলেও দেশ ও ব্যক্তিকে গালি দিয়ে কথা বলা উচিত নয়।,discouraging_abuse,abusive_language
1527,ইরান একটা ফটকা বাজ কথার বেপারি জাতি এদের চাবাল ছারা বিশেষ কোনো যোগ্যতা নাই,কোনো জাতিকে চাবাল বা ফটকাবাজ বলা ঠিক নয়; নির্দিষ্ট নীতি নিয়ে কথা বলা ভালো।,moral_appeal,hate_speech
1528,"আমেরিকা একটি অসভ্য দেশ, এরা আইন মানে না, প্রতিশ্রুতি রক্ষা করে না। এটা জংগিবাদী রাষ্ট্র",একটি দেশকে পুরোপুরি অসভ্য বা জঙ্গিবাদী বলা সাধারণীকরণ; প্রমাণভিত্তিক সমালোচনা করা উচিত।,fact_based,hate_speech
1529,ইরানের উচিত আমেরিকায় ট্রাম্পের বাসভবন হামলা চালানো।,কোনো দেশে হামলার আহ্বান অত্যন্ত বিপজ্জনক এবং শান্তির পরিপন্থী।,warning_of_consequences,threat
1530,"এগুলা জানোয়ার, রোযার সময় মারছে এখন আবার পবিত্র হজ্বের সময় আক্রমণ। এদের বিশ্বাস আর করা যায় না","অপরাধের অভিযোগ থাকলে নির্দিষ্ট তথ্য দিয়ে বলা উচিত, আর পুরো গোষ্ঠীকে জানোয়ার বলা ঠিক নয়।",fact_based,hate_speech
1531,শুয়োরের বাচ্চায় আসলে বিশ্বে শান্তিটা চায় না।কুত্তার বাচ্চাটা মরলে মনে যুদ্ধ নামক কৃত্রিম ধ্বংস টা বিশ্ব থেকে সরবে।,কারও মৃত্যু কামনা করা বা যুদ্ধের সঙ্গে জুড়ে দেওয়া খুবই বিপজ্জনক।,warning_of_consequences,threat
1532,"যেভাবে কইতাছে মনে হয় চীন, রাশিযা খেলাফতের দেশ। চীন, রাশিয়ার চোদন তো খাওনি। রাশিয়ার চোদন তালেবান টের পাইছিলো",বিদেশনীতি নিয়ে ব্যঙ্গ থাকলেও এভাবে অশালীন শব্দ ব্যবহার না করাই ভালো।,discouraging_abuse,abusive_language
1533,ধূর্ত শৃগাল চরিত্রের আমেরিকা এক ভয়ংকর দেশ।ওদেরকে সরিষা পরিমান বিশ্বাস করাও ইরানের সর্বনাশ বয়ে আনবে।,কোনো দেশকে শৃগাল বলে অপমান না করে নীতির ভিত্তিতে সমালোচনা করা উচিত।,moral_appeal,hate_speech
1534,পারমানবিক বোমা আমেরিকার উপর মেরে দাও,পারমাণবিক হামলার আহ্বান ভয়াবহ; এমন কথা বলা কোনোভাবেই গ্রহণযোগ্য নয়।,warning_of_consequences,threat
1535,একটা কুত্তাকে বিশ্বাস করা যাবে। কিন্তু পশ্চিমা শুয়োরের বাচ্চা গো বিশ্বাস করা যাবে না।,"একটি অঞ্চলের মানুষকে শুয়োর বলা বিদ্বেষ ছড়ায়, তাই এমন ভাষা বন্ধ করা দরকার।",moral_appeal,hate_speech
1536,শয়তান আর আমেরিকা দুইটাই এক গোয়ালের গরু এদের বিশ্বাস করা হচ্ছে বোকামী,একটি দেশকে শয়তানের সঙ্গে তুলনা করা খুবই তীব্র অপমান; সমালোচনা ভদ্রভাবে করা উচিত।,discouraging_abuse,hate_speech
1537,হারামি যুক্তরাষ্ট্র ঈদ আসলেই কোনো না কোনো কু কর্মকান্ড করে থাকে।,একটি দেশের সবাইকে একইভাবে দোষী করা ঠিক নয়; নির্দিষ্ট ঘটনাকে আলাদা করে দেখা উচিত।,fact_based,hate_speech
1538,গোপালগঞ্জ মানের দিল্লি। সেখানে গরু কাটা নিষিদ্ধ। উগ্রবাদদের আস্তানা। গোপালগঞ্জের নাম পরিবর্তন করে দেওয়া উচিত। এইজেলা বিলুপ্ত করা উচিত।,কোনো এলাকার নাম বিলুপ্ত করার কথা বলা বা উগ্রবাদী বলা খুবই ঘৃণামূলক।,warning_of_consequences,hate_speech
1539,"কোনো কথা হবে না, যে শুয়ারের বাচ্চা এই কথা বলছে ওর জবাই করে।ঝুলিয়ে রাখতে হবে",জবাই ও ঝুলিয়ে রাখার কথা বলা ভয়ংকর; এটা অবিলম্বে বন্ধ করা দরকার।,warning_of_consequences,threat
1540,তদের মায়রে চুদি খানকি পোলা এটা বাংলাদেশ মুসলিম দেশ সুতরাং এই সাহস দেখাস না একদম হোগা দিয়া ভইরা দিমু,"ধর্ম ও দেশ টেনে এমন হুমকি দেওয়া সহিংসতা বাড়ায়, তাই তা বলা উচিত নয়।",warning_of_consequences,threat
1541,গোপালগঞ্জ হলো বাংলাদেশের ১ নম্বর মাদারচাদ এলাকা,একটি এলাকা বা তার মানুষকে মাদারচাদ বলা খুবই অপমানজনক।,moral_appeal,abusive_language
1542,গরুর মান সম্মান আছে কিন্তু এই ধান্দাবাজ চাঁদাবাজ কমিশন বাণিজ্যকারি জুলাই চেতনা ব্যবসায়ীদের কোন মান সম্মান নাই,"কারও বিরুদ্ধে অভিযোগ থাকলে সেটি নির্দিষ্টভাবে বলা উচিত, গালি দিয়ে নয়।",fact_based,abusive_language
1543,ভারতীয় মালাউনদের চুদে ভারতে পাঠিয়েছি যা হাসিনা নামক ভারতীয় রক্ষীতাকে গিয়ে চুদতে থাক. আর বাংলাদেশীদের হোগার গন্ধ না শুকলে তোদের তো আবার ঘুম আসে না,মানুষকে চুদে পাঠানোর কথা বলা এবং পরিবার-নারী নিয়ে অপমান করা খুবই ঘৃণামূলক।,warning_of_consequences,hate_speech
1544,ভারত এর জন ও এত দিন খেয়ে পরে বেছে আছিস নালে পাকি সেনারা তোর মা কে রাতে ফেলে হোগা মারতো,পরিবারকে টেনে এমন হুমকি দেওয়া বা অপমান করা খুবই অমানবিক।,empathy,threat
1545,"দৈনিক ইত্তেফাক একটি দালাল মিডিয়া, এর অনেক সংবাদ দেখলাম উস্কানিমূলক, এমনকি ধর্মীয় উস্কানিমূলক নিউজ প্রচার করে।","মিডিয়ার সমালোচনা করতে হলে নির্দিষ্ট সংবাদ ধরে, প্রমাণসহ বলা ভালো।",fact_based,abusive_language
1546,আমার একটা কুকুর আছে তার নাম রাখছি চোদনা মিডিয়া সে বুঝে না বুঝে চিল্লায় যখন যে আসে তারি পা চাটে,মিডিয়ার সমালোচনা থাকলেও গালি বা পশুর সঙ্গে তুলনা না করাই ভালো।,discouraging_abuse,abusive_language
1547,"তোদের আব্বুদেরই জ্বলে, তাই এসব বাল-ছাল নিউজ করা লাগে",কাউকে বা কারও বাবাকে টেনে কথা না বলে নির্দিষ্ট খবরের সমালোচনা করা উচিত।,discouraging_abuse,abusive_language
1548,হায়রে নেতার বিছানায় মনোরন্জন করা বেশ্যার ছেলে,কারও পরিবারকে টেনে এমন কথা বলা খুবই অপমানজনক।,empathy,abusive_language
1549,"আহ চোদনা,যার যেটা স্বভাব, সে সাধারন মানুষকেও তাই মনে করে।",অপমানজনক শব্দ বাদ দিলে কথাটা অনেক বেশি শোনা যায়।,discouraging_abuse,abusive_language
1550,"আমি হাসলে তোর বাপের কি রে বেয়াদবের বাচ্চা, আমি তোর সাথে হাসছি? অসভ্যের বাচ্চা, গালি কি তোদের নেশা?? তোকে আমি কিছু বলেছি? তুই বাজে কথা বললি কেনো? জানোয়ার","রাগের সময়ে হলেও গালি না দিয়ে শান্তভাবে বলা ভালো, নইলে কথাবার্তা আরও খারাপ হয়।",empathy,abusive_language
1551,"তোরে আমি গালি দেই নাই, তোর হাসি হুগায় ডুকায় দেব বলছি।","এটি সরাসরি হুমকি, যা কষ্টদায়ক ও বিপজ্জনক।",warning_of_consequences,threat
1552,তোর মারে চুদছিলাম।আমি কেমন চুদি তার কাছ থেকে যেনে নে মাগির পোত,পরিবারকে টেনে যৌন অপমান করা খুবই কষ্টদায়ক এবং অনুচিত।,empathy,abusive_language
1553,খাম্বা পুটকি বরাবর ভরে দিয়ে এখন প্রধানমন্ত্রী তোরা ফেসবুকে পোদানমন্ত্রী বহাল দেড় বছর ধরে। ডার্বি তো ৪০০ আসন ফেসবুকে,রাজনীতি নিয়ে ব্যঙ্গ থাকলেও অশালীন শব্দ না ব্যবহার করাই ভালো।,discouraging_abuse,abusive_language
1554,তোর মার বোদা দিয়া তোরে ঢুকাই দিমু খানকির ছেলে তোর বিএনপির মায়ের আমিচুদি,"মা-বাবাকে টেনে এমন হুমকি দেওয়া ভয়ংকর, তাই এখনই থামা উচিত।",warning_of_consequences,threat
1555,কুত্তার মতো দৌড়ায় নাম তার বিম্পি নয়ন,কারও নাম নিয়ে বিদ্রূপ না করে আচরণ নিয়ে কথা বলা উচিত।,discouraging_abuse,abusive_language
1556,শেষ পর্যন্ত ভন্ড নাসির পাটোয়ারী বংশের মুখে চুনকালি দিল!নাসিরকে সবাই এখন থেকে ডিম নসির এবং গরু নাসির দুই নামে ডাকবে।,কাউকে ভন্ড বলে নাম বদলে উপহাস করা সমস্যার সমাধান করে না।,moral_appeal,abusive_language
1557,"নাসিরুদ্দিনে যাদের হোগা মেরে দিছে, তাদেরই মুলতো চুলকানি বেশি,",এমন অশালীন ভাষা না ব্যবহার করে সরাসরি অভিযোগ বলা উচিত।,discouraging_abuse,abusive_language
1558,"এই বান্দির পোলা সাংবাদিক, আসামির বাবা মায়ের নাম না বলে এই বাচ্চাটির বাবার মায়ের নাম কেন বলাইলি",সাংবাদিকতার সমালোচনা করতে হলে তথ্য ও গোপনীয়তার প্রসঙ্গ ভদ্রভাবে তুলতে হবে।,fact_based,abusive_language
1559,"খানকির পোলা রে ধইরা মাইরা ফালান, বিশ্বাস করেন একটারে মাইরা ফালাইলে, বাকি গুলা ১০০ বার চিন্তা করবো এমন অকারন্স করতে।","কাউকে মেরে ফেলার আহ্বান খুবই বিপজ্জনক, তা থেকে সরে আসা দরকার।",warning_of_consequences,threat
1560,সব জানোয়ার গুলো বাচ্চাদের টার্গেট করছে।কোন এক জানোয়ার আমার চোখের সামনে পড়লে ওরে মাইরা ফেলবো।,"শিশুদের সুরক্ষা দরকার, কিন্তু জবাব হিসেবে হত্যা নয়; আইনগত ব্যবস্থা নেওয়া উচিত।",warning_of_consequences,threat
1561,ক্ষমতাসীন খানকির ছেলেদের লজ্জা নাই শরম নাই নাই মেয়ে নাই বউ নাই মা ধর্ষিতাকে বারবার ছোট করে অপমান করার জন্য প্রকাশে প্রশ্ন করে কিন্তু খানকির ছেলেরা বিচার করে না,ভুক্তভোগীকে অপমান করা ঠিক নয়; ন্যায্যভাবে প্রশ্ন ও বিচার চাওয়া উচিত।,empathy,abusive_language
1562,এবার সরাসরি জবাই দেওয়া লাগবে এসব কচুক্ষেতের পয়দা,"জবাইয়ের কথা বলা ভয়ংকর ও অমানবিক, এটা বন্ধ করা দরকার।",warning_of_consequences,threat
1563,ইউনুস বাটপার এর কারনে দেশের ধংস,কারও বিরুদ্ধে অভিযোগ থাকলে সেটি গালি ছাড়া প্রমাণসহ বলতে হয়।,fact_based,abusive_language
1564,তোরে জুতা মারবো ক্যামেরা ম্যান লাইভে এসে ভাইরাল হবি এতটুকু বাচ্চা মেয়ের অশ্লীল কথা কিভাবে জিজ্ঞাসা করিস জুতার বারিদেব,শিশু বা ছোট মেয়েকে জড়িয়ে এমন কথা বলা খুবই অশালীন; প্রশ্নটা আরও সংবেদনশীলভাবে করা উচিত।,empathy,abusive_language
1565,"আপনাদের মতো কুলাংগারের বাচ্চা সাংবাদিকের জন্য মেয়েটার ভবিষ্যৎ অন্ধকার, ঠিকানা বাবা মার নাম কেন বলতে হবে,,কেন ভিডিও করে অনলাইনে ছেড়ে দিচ্ছেন,",গোপনীয়তা ও ভবিষ্যৎ নিয়ে উদ্বেগ থাকলে তা গালি ছাড়াই বলা যায়।,empathy,abusive_language
1566,"আমরা বাঙালি জাতি কত খারাপ,জাতি হিসেবে লজ্জিত আমরা এসব কুলাঙ্গার শুয়োরের বাচ্চাদের জন্য",নিজের জাতিকে এমনভাবে হেয় না করে সমস্যাগুলো আলাদা করে দেখা উচিত।,moral_appeal,abusive_language
1567,মাদ্রাসায় এমন হলে কুত্তার বাচ্চারা এতক্ষণে মাদ্রাসা উরিয়ে দিত কিন্তু ইস্কুলতো পতিতালয় হয়ে গেছে,প্রতিষ্ঠানভেদে এমন সাধারণীকরণ না করে নির্দিষ্ট ঘটনার সমালোচনা করা ভালো।,fact_based,hate_speech
1568,বেশি না এই মেয়েকে ৫ হাজার অফার করো বিছানাতে যাইতে রাজি হয়ে যাবে,নারীকে ঘুষের বিনিময়ে বিছানায় যাবে বলা খুবই অপমানজনক।,empathy,gender_abuse
1569,দেশে দর্শন এদের কারণেই বাড়ে। এরা তো নর্তকী হয়ে যাবে যে টাকা দিবে তার বিছানায় চলে যাবে,"নারীদের নিয়ে এমন মন্তব্য সমাজের সমস্যা নয়, বরং অপমানকেই বাড়ায়।",empathy,gender_abuse
1570,ওর বাবা-মা এখন বুঝতেছে এরকম মেয়েকে জন্ম দেওয়াটাই ভুল হয়েছে,কারও বাবা-মা বা জন্ম নিয়ে এমন কথা বলা খুবই কষ্টদায়ক এবং নিষ্ঠুর।,empathy,abusive_language
1571,ও তো ৩ বছর বয়স থেকে চুদা খায় এখন আর চাহিদা নাই এখন টাকা দরকার,শিশু বা কারও যৌন শোষণের প্রসঙ্গ নিয়ে এমন ভাষা ব্যবহার করা ভয়ংকর ও অশোভন।,warning_of_consequences,threat
1572,অতি শীঘ্রই দেশটাকে নষ্ট করবে এই মেয়ে।,কাউকে আগেভাগে দেশ নষ্টকারী বলা প্রমাণ ছাড়া অন্যায়।,fact_based,abusive_language
1573,কিছু কিছু জিনিস ছোট থেকে বোঝা যায়। যেমন এই মাগী ভবিষ্যতে কক্সবাজার কাপাবে,একজন মেয়েকে মাগী বলে ভবিষ্যৎ নিয়ে মন্তব্য করা খুবই অপমানজনক।,empathy,gender_abuse
1574,এসব মাইয়ারা টাকার কাছেই বিক্রি হয়ে যায়।,সব মেয়েকে টাকা বিক্রি হওয়া বলে দাগানো অন্যায্য ও অবমাননাকর।,moral_appeal,gender_abuse
1575,"এই মেয়ের বাবা মার কি দুর্ভাগ্য একটা মেয়ের জন্ম দিলো, তাও নর্তকী",কারও বাবা-মা বা মেয়েকে নিয়ে এমন অপমান করা খুবই অমানবিক।,empathy,gender_abuse
1576,"এজন্যই তো বলে মেয়ে মানুষ টাকায় বিক্রি হয়, ছেলে মানুষ নয়",সব মেয়েকে একভাবে বিচার করা ঠিক নয়; মানুষ ব্যক্তি হিসেবে আলাদা।,fact_based,gender_abuse
1577,এই খানকির রেট কতো আমি নিবো। ২ লাখ দিবো৷ নিলামে তোলা হোক,নারীকে নিলামে তোলার মতো কথা বলা খুবই অমানবিক এবং ক্ষতিকর।,warning_of_consequences,gender_abuse
1578,এরা হল টাকার লোভি টাকা তাকলে নিজের সব দিয়ে দিবে,টাকা দেখলে সবাই নিজেকে বিক্রি করে—এমন সাধারণীকরণ ঠিক নয়।,fact_based,gender_abuse
1579,"কিচু দিন পরে পরে এসব নতুন খানকি তৈরি হয় দেশে, এর চেয়ে ভালো হবে দৌলদিয়া জা কাস্টমার অনেক ইনকাম সেইরকম হবে",নারীদের পতিতালয়ের সাথে জুড়ে এমন কথা বলা খুবই অপমানজনক।,moral_appeal,gender_abuse
1580,এই মাগির গুদ না মারলে জাত হবে না,"এটি সরাসরি যৌন সহিংসতার ভাষা, যা কখনোই গ্রহণযোগ্য নয়।",warning_of_consequences,threat
1581,এই মেয়ে কোনো মুসলিম ঘরের মেয়ে হতে পারে না এদের কি মা বাবা নাই,ধর্ম ও পরিবার টেনে এমন মন্তব্য না করে নির্দিষ্ট আচরণ নিয়ে বলা উচিত।,moral_appeal,hate_speech
1582,এ খানকির নাম আবার রাখছে জান্নাত,কারও নাম নিয়ে বিদ্রূপ না করে বিষয়টা ভদ্রভাবে বলা উচিত।,discouraging_abuse,abusive_language
1583,এত চুতমারানি এখন ভাইরাল হইছে এখন জায়গায় জায়গায় যাবে আর তো পিছন ভাড়া দেবে,কারও ভবিষ্যৎ বা শরীর নিয়ে এমন অশালীন কথা খুবই কষ্টদায়ক।,empathy,gender_abuse
1584,তদের মত মাগী কে বুইড়াই বিয়া করবে তাছাড়া তগো কোন উপায় আছে,নারীকে এভাবে অপমান না করে সম্পর্কের বিষয় ভদ্রভাবে বলা উচিত।,moral_appeal,gender_abuse
1585,এই ডার মা মনে হয় বাজারের মহিলা ছিল তাই এরমতো নডি জন্ম নিছে,কারও মা বা জন্ম নিয়ে এমন কথা বলা অত্যন্ত অপমানজনক।,empathy,abusive_language
1586,এই মেয়ে বড় হলে একটা চুদার গাই হবে,এভাবে একটি মেয়ের ভবিষ্যৎকে যৌন অপমান দিয়ে বর্ণনা করা খুবই অমানবিক।,empathy,gender_abuse
1587,তরা শুয়োর খাস আমাদের সমস্যা হয় না আমরা গরু খাইলে তোমাদের সমস্যা হয় কেন বাইনচোদের বাচ্চা জবাব দে,"খাদ্যাভ্যাস নিয়ে এমন অপমান করা ঠিক নয়, ভিন্ন অভ্যাসকে সম্মান করা উচিত।",moral_appeal,hate_speech
1588,বেশ্যার পোলা তরাই তো কস ধর্ম যার যার উৎসব সবার। তখন মনে হয় না গরু খাইতে পারবি না চোদনা,ধর্ম আর উৎসব নিয়ে কথা বলার সময় গালি না দিয়ে ভদ্রতা রাখা ভালো।,discouraging_abuse,abusive_language
1589,ডাকাতের বংশধর খানকির পোলা উৎসব বলতে কি তোরা উটের মুত খাওয়াকেই বুঝাস? শুধুমাত্র তোদের জন্যই ইসরাইলকে পছন্দ করি।,কারও বংশ বা ধর্ম টেনে এভাবে আক্রমণ করা খুবই অপমানজনক।,moral_appeal,hate_speech
1590,"ভাই আপনি কি পাগলাচোদা, ভারতের দিক একটু তাকান,ভারতে মুসলমানদের উপর যে রূপ নির্যাতন করা হচ্ছে সে হিসেবে বাংলাদেশের হিন্দুরা যথেষ্ট ভালো আছে।","ভারতের পরিস্থিতি তুলে ধরতে হলে গালি নয়, তথ্য আর তুলনা দিয়ে বলা উচিত।",fact_based,abusive_language
1591,"হারামজাদি থাপ্পড় দিয়ে দাঁত ফেলে দিব! বেশি সুখে থেকে গায়ে চর্বি জমে গেছে না, একটা নরমাল কথা সজ্জ হয় না ।",এমন হুমকি ও শরীর নিয়ে অপমান করা খুবই অমানবিক।,warning_of_consequences,threat
1592,বাংলাদেশে থাকতে হলে গরুর মাংস খেতে হবে। ভালো না লাগলে ভারত চলে যা শালা জংগী,"কাউকে দেশছাড়া হতে বলা বা জঙ্গী বলা ঘৃণা ছড়ায়, তাই এভাবে কথা বলা উচিত নয়।",warning_of_consequences,hate_speech
1593,শাহবাগের এই শুয়োরটা এতদিন পর কোন গর্ত থেকে বের হলো,কাউকে শুয়োর বলা বা গর্ত থেকে বের হওয়া বলে ব্যঙ্গ করা বন্ধ করা উচিত।,discouraging_abuse,abusive_language
1594,এসব খানকির মেয়েদের কারণে আমি আজ গে,নিজের পরিচয় বা অনুভূতি নিয়ে কাউকে দোষ দেওয়ার আগে বিষয়টা শান্তভাবে দেখা উচিত।,empathy,gender_abuse
1595,কত যে ভোদাই দেখব! ডেটিং করতে ডেকে নিয়ে যে কট দেয় নাই সেজন্য থ্যাঙ্কস ফুল থাকো ভোদাই,কারও প্রতি হতাশা থাকলেও এমন ভাষা ব্যবহার না করাই ভালো।,discouraging_abuse,abusive_language
1596,এই মাগির বাচ্চাদের কারণে বিশ্বাস করা যায় না কাউকে। আসুন যারা প্রতারিত হয়েছেন যে কোন সময় এই নাম্বারে তার মা বোনকে চুদে দিন,"প্রতারিত হওয়ার ক্ষোভ বোঝা যায়, কিন্তু পরিবারকে টেনে হুমকি দেওয়া ঠিক নয়।",warning_of_consequences,threat
1597,আওয়ামী জারজদের থেকে এর থেকে বেশি কিছু আশা করা বুদ্ধিমানের কাজ হবে না,রাজনৈতিক সমালোচনা করতে চাইলে গালি না দিয়ে নির্দিষ্ট বিষয় তুলে ধরা উচিত।,discouraging_abuse,abusive_language
1598,বোর্ডের খাতায় সব অশিক্ষিত মানুষের হাতে কেন? এখানে অ্যানসার একদম সঠিক ছিল এই আবালচোদা পোস্ট দিছে ইংলিশ এক্সামে বাংলা লিখছে!,ভুল থাকলে সেটি ভদ্রভাবে দেখিয়ে দিলে সমালোচনাটা অনেক বেশি কার্যকর হয়।,fact_based,abusive_language
1599,নুনু ভক্তি করমু তোমার পুটকিতে,এ ধরনের অশালীন কথাবার্তা কারও প্রতি সম্মান দেখায় না।,warning_of_consequences,abusive_language
1600,গু খোরেরে বাচ্চারা না হেসে উওর দে পারলে শাওয়ার পোলারা,কাউকে গালাগালি না করে সরাসরি প্রশ্ন করলে কথাটা বেশি গ্রহণযোগ্য হয়।,discouraging_abuse,abusive_language
1601,তোর বাপের ধনের ভর্তার দাওয়াত রইলো মাগির ছেলে।,পরিবারকে টেনে এমন কথা বলা খুবই অশালীন এবং কষ্টদায়ক।,empathy,abusive_language
1602,তোদের মত মাদারচোদদের জন্যই আমাদের ধর্মকে নিয়ে অবমাননা করার সুযোগ পায় তারা।,নিজেদের ভাষা ও আচরণ শুদ্ধ রাখলে ধর্ম নিয়ে অবমাননার সুযোগও কমে।,moral_appeal,hate_speech
1603,কিরে মাগী পোলা তুই আসলের কার চুদা মুসলমান নাকি সোনাতনি,"ধর্ম নিয়ে প্রশ্ন করতে হলে অপমান নয়, সম্মানজনক ভাষা ব্যবহার করা উচিত।",moral_appeal,hate_speech
1604,এগুলো হচ্ছে বিশ্বাস ঘাতকতা নারী এদের সাথে এমনটাই হওয়া উচিত।,নারীদের বিশ্বাসঘাতক বলে দাগানো ঠিক নয়; নির্দিষ্ট আচরণ আলাদা করে বলা উচিত।,fact_based,gender_abuse
1605,"সবাই দেখি বলতেছে বোকা মেয়ে, আরে ভাই এ হচ্ছে অতি চালাক লোভী বাল পাকনা",কাউকে বোকা বা লোভী বলে ছোট না করে তার কাজ নিয়ে কথা বলা ভালো।,discouraging_abuse,gender_abuse
1606,এই শালা ইসকনের সদস্য মুসলিম নাম দিয়ে মুসলিম মেয়েদের সাথে প্রতারণা করে,"প্রতারনার অভিযোগ থাকলে তা প্রমাণসহ বলা উচিত, ধর্মকে জড়ানো নয়।",fact_based,hate_speech
1607,"তার মানে তুই নাস্তিক, আবার নাম লাগাইছিস ইসলাম। হারামজাদা।",কাউকে নাস্তিক বা হারামজাদা বলার বদলে নিজের আপত্তি ভদ্রভাবে বলা উচিত।,discouraging_abuse,hate_speech
1608,তারমানে কি দাঁড়ায় আওয়ামিলীগ মানেই ভারতের এজেন্ডা বিধর্মী সংগঠন।,রাজনৈতিক সমালোচনা করলেও পুরো গোষ্ঠীকে একসাথে দোষী করা ঠিক নয়।,fact_based,hate_speech
1609,তুমি কে আমি ভাল করেই বুঝতে পারছি বেশ্যা লিগের পোলা,কারও পরিচয় নিয়ে এমন অপমান করা খুবই নিচু মানের আচরণ।,empathy,abusive_language
1610,যাবো এর আগে তোর পেটে শুকোরের মাংস ঢুকাইয়া যামু জংগীর বাচ্চা,"এটি খুবই হুমকিমূলক, তাই এমন কথা বলা বন্ধ করা দরকার।",warning_of_consequences,threat
1611,"তুই রাজাকার বাচ্চা মাদারচোদ, রাজাকার বাচ্চা মাদারচোদ তুই পাকিস্তান চলে যা",রাজনৈতিক বা ঐতিহাসিক অপমান না করে নিজের কথা সংযতভাবে বলা উচিত।,discouraging_abuse,abusive_language
1612,এই স্কুলের প্রতি বেঞ্চ থেকে একটি করে মাগি বের হবে।,শিক্ষাপ্রতিষ্ঠানের মেয়েদের সম্পর্কে এমন মন্তব্য করা খুবই অপমানজনক।,empathy,gender_abuse
1613,দিন শেষে মূলত এরাই শাহাবাগি হয়,কোনো গোষ্ঠীকে এভাবে একরকম করে দাগিয়ে দেওয়া ঠিক নয়।,fact_based,abusive_language
1614,লুচ্ছা আর ১২ বাতারি ছাড়া এইরকম আইডিয়া মাথায় কোনোদিন আসবেনা,কাউকে লুচ্ছা বলে অপমান না করে আইডিয়ার ভালো-মন্দ নিয়ে কথা বলা উচিত।,discouraging_abuse,abusive_language
1615,"লুচ্চা জেনারেশন আর কিছু না, সবই এখন এমন অবস্থা",পুরো প্রজন্মকে লুচ্চা বলা খুবই সাধারণীকরণ এবং অবিচার।,moral_appeal,abusive_language
1616,আসলে বাংলাদেশে বেশ্যার ফেক্টরি,একটি দেশ বা সমাজকে এভাবে অপমান করা ভীষণ অশালীন।,moral_appeal,abusive_language
1617,পর্ণ ভিডিও দেখেতে দেখতে এদেরকে জন্ম দিয়েছে তাদের মা বাবা,কারও জন্ম বা পরিবার নিয়ে এমন কটাক্ষ খুবই কষ্টদায়ক।,empathy,abusive_language
1618,পরকীয়ার শ্রেষ্ঠ শহরের নাম রাজশাহী সিটি প্রত্যেকটা ঘরে ঘরে পরকীয়া চলে রাজশাহী সিটির ভিতরে রাজশাহীতে কোন সমাজ ব্যবস্থা নেই,একটি শহরের সবাইকে পরকীয়ার সঙ্গে জুড়ে দেওয়া ঠিক নয়; নির্দিষ্ট ঘটনা আলাদা করে বলা উচিত।,fact_based,abusive_language
1619,দেশটা সব বেশ্যা আর খাংকিরপোলা দিয়ে ভরে গেছেরে,"মানুষকে এমনভাবে দাগিয়ে দিলে সমস্যার সমাধান হয় না, শুধু ঘৃণা বাড়ে।",moral_appeal,abusive_language
1620,রাজশাহীর মেয়েরা বস্তি টাইপ হয়ে যাচ্ছে দিন দিন,একটি এলাকার মেয়েদের নিয়ে এমন মন্তব্য করা খুবই অবমাননাকর।,empathy,gender_abuse
1621,রাজশাহীর মেয়েরা বেশি ভালো না। অতিরিক্ত ফ্রেন্ডলি ভাবে চলাফেরা করে। বান্ধবীর জামাইরে নিজের জামাই মনে করে।,নারীদের আচরণ নিয়ে এমন সাধারণীকরণ না করে ভদ্রভাবে কথা বলা উচিত।,moral_appeal,gender_abuse
1622,আমি যানতে পারলাম আপনি দৌলতদিয়ার ৫০ টাকার কর্মী!,কারও পেশা নিয়ে এভাবে অপমান না করে বিষয়টা ভদ্রভাবে বলা ভালো।,discouraging_abuse,abusive_language
1623,"ও শাহবাগি না। ও মাগি, ঢাকার শহরে মাগিরা এভাবেই চলাফেরা করে।",নারীকে মাগি বলে অপমান করা খুবই অশালীন; সমালোচনা থাকলে ভদ্রভাবে করুন।,moral_appeal,gender_abuse
1624,"এটা আওয়ামী লীগের খাটের কর্মী, সাথে বিএনপি ও আছে।",রাজনৈতিক অভিযোগ থাকলে সেটি প্রমাণসহ নির্দিষ্ট করে বলা ভালো।,fact_based,abusive_language
1625,কেউ কি গন্ধ টের পাচ্ছেন এরে দেখেই তো আমার বমি আসতেছে এর সাথে থাকা লোকজন কিভাবে টিকে আছে,কারও গন্ধ বা চেহারা নিয়ে অপমান না করে মূল অভিযোগটি বলা উচিত।,discouraging_abuse,abusive_language
1626,তুই যে বেশ্যা এটা দেখলেই বুঝা যায়,কারও চরিত্র নিয়ে এমন মন্তব্য খুবই কষ্টদায়ক এবং অশোভন।,empathy,gender_abuse
1627,বমি চলে আসলো এই বেশ্যাকে দেখে,কাউকে দেখে বমি আসার কথা বলা অপমানজনক; ভদ্রভাবে বিরক্তি জানানো ভালো।,discouraging_abuse,gender_abuse
1628,দৌলতদিয়া ঘাট থেকে খানকি আইছে,কারও উৎস বা জায়গা টেনে অপমান করা ঠিক নয়।,moral_appeal,gender_abuse
1629,আর আমারাও জানতে পারলাম তুমি দৌলতিয়া পল্লির যৌনকর্মী,কারও পেশা বা পরিচয় নিয়ে এমন কথা বলা খুবই অপমানজনক।,empathy,abusive_language
1630,ইদ আসলেই মৌলবাদীদের শয়তানি শুরু হয়ে যায়। হিন্দুদের গরু খায়ানোর খায়েশ জাগ্রত হয়। কী ডিস্টার্বিং! এদের খেয়ে কাজ নাই।,একটি ধর্মের লোকজনকে মৌলবাদী বলা এবং এমন সাধারণীকরণ করা ঠিক নয়।,fact_based,hate_speech
1631,তোদের মাকে জবাই করবো তোরা দেখবি আর,"মাকে জবাই করার হুমকি খুবই ভয়ংকর, তাই তা অবিলম্বে থামা উচিত।",warning_of_consequences,threat
1632,আরে খানকির পোলা তোদের কে খাওয়ার কথা বলা হয় নাই উৎসবের কথা বলা হয়েছে কুত্তার বাচ্চা জারজ তোর জন্মটা মনে হয় রাস্তার ধারে হয়েছে,রাগের মাথায়ও পরিবার ও জন্ম নিয়ে এমন কথা বলা ঠিক নয়।,empathy,abusive_language
1633,"এই বেশ্যা মাগি খানকির পোলা, আমাদের কুরবানির ঈদে গরু জবাই, আর খাওয়া, এই দুইটাই উৎসব। তোরা আইসা গরু জবাই দেখবি, তারপর রান্না করলে খাবি।",উৎসব নিয়ে কথা বলতে গিয়ে নারীদের অপমান করা উচিত নয়।,moral_appeal,gender_abuse
1634,ওরে বেজন্মা উৎসব আর খাওয়া কি এক ! তোরে কি কোন হিন্দু শুকরের মাংসের দাওয়াত দিয়েছে৷,উৎসব আর খাবার নিয়ে তর্ক করতে হলে ভদ্র ভাষা ব্যবহার করা উচিত।,discouraging_abuse,abusive_language
1635,"খানকির ছেলেরা হিন্দু ধর্মে কোন জায়গায় গরু খাওয়া নিষেধ আছে দেখা। অন্ধভক্ত মাদারচোদ, এই কমেন্টের বিরুদ্ধে যে রিপ্লাই করবে সে আসলেই খানকির সন্তান।",ধর্ম নিয়ে প্রশ্ন করলে গালি না দিয়ে তথ্য দিয়ে বলা ভালো।,fact_based,hate_speech
1636,তোর বাপের হেডম থাকলে করে দেখা মাদারচোদ নাস্তিক এর বাচ্ছা! মাদারচোদ ভারতের দিকে চেয়ে দেখ। ওগুলা বললে তুর মা রাগ করবে নাকি শালা শুয়ার,পরিবার ও বিশ্বাস টেনে এমন বিদ্রূপ খুবই অশালীন।,moral_appeal,abusive_language
1637,শুকুরের মাংস তোদের গুষ্টির মার হেডা দিয়ে ভরে দিবো,"এভাবে হুমকি দেওয়া ভয়ংকর, তাই এখনই ভাষা থামানো দরকার।",warning_of_consequences,threat
1638,"বাঙ্গু সেক্যুগীরি তোগো শাউয়া দিয়া ঢুকাই দিমু শালা ভারতীয় পেইড দালাল একেকটা, এরা স্বার্থের জন্য নিজের মাকে বিক্রি করে দিতে পারে",কারও পরিবারকে টেনে গালি দেওয়া খুবই নিচু মানের আচরণ।,empathy,abusive_language
1639,ঐ বেজন্মার বাচ্চা যখন হিন্দু রা কথা বলে আমাদের উৎসব নিয়ে তখন তুই কৈ থাকিস মৌলবাদী কাকে বলচ ঐ কুলাঙ্গার,ধর্মীয় উৎসব নিয়ে কথা বলতে গিয়ে বেজন্মা বলা ঠিক নয়।,moral_appeal,hate_speech
1640,কি ধ্বংস করবি বেশ্যার পোরা তোর মায়ের শাউয়া দিয়া দিমু আয়,"এটি সরাসরি হুমকি, যা খুবই বিপজ্জনক এবং অমানবিক।",warning_of_consequences,threat
1641,পোষ্ট কারির নিজের জন্মের ঠিক আছে কিনা সেটা আগে ক্লিয়ার করো নাম দেখি মুসলিম কথা বার্তা পুরো উগ্রবাদী হিন্দুদের মতো,কারও জন্ম বা ধর্মীয় পরিচয় নিয়ে এমন কথা না বলে নির্দিষ্ট বিষয় নিয়ে আলোচনা করা উচিত।,fact_based,hate_speech
1642,কি রে মোদির বেজন্মা ছেলে। যখন মুসলিমদের উপর নির্যাতন হয় তখন তোর এই প্রতিবাদ কোথায় থাকে।,রাজনৈতিক মতের সমালোচনা করলেও পরিবারকে টেনে অপমান করা ঠিক নয়।,discouraging_abuse,abusive_language
1643,মালুদের দালাল তর হোগা জ্বলে? খানকির পোলা,কাউকে দালাল বা গালি না দিয়ে ভদ্রভাবে নিজের আপত্তি জানানো ভালো।,discouraging_abuse,abusive_language
1644,"কিরে হিন্দুদের বীজ, মুসলিম হয়েও শুকর এর মাংস খাওয়ার সখ মনে হচ্ছে",ধর্ম ও খাদ্যাভ্যাস নিয়ে এভাবে ব্যঙ্গ করা খুবই অশালীন।,moral_appeal,hate_speech
1645,"এই বাইনচোদ, অলরেডি ভারতে এসব হচ্ছে। হিন্দুদের সাথে এতটুকু হয়েছে ভালোই হয়েছে। হিন্দুদের যে পেদানো হয় নাই একাত্তরের।এটা ওদের চৌদ্দ কপাল।",কোনো ধর্মীয় গোষ্ঠীর ওপর সহিংসতাকে সমর্থন করা ভয়ংকর।,warning_of_consequences,hate_speech
1646,কিরে জানোয়ারের বাচ্চা মোদির অবৈধ সন্তান তুই মৌলবাদী কাদেরকে বলিস ?,কারও পরিবার বা রাজনৈতিক পরিচয় নিয়ে এমন অপমান করা অশালীন।,discouraging_abuse,abusive_language
1647,"তুমি সুস্পষ্ট একজন হিন্দুর জন্ম বেজন্মা,, নাম দিছস মুসলমানের",ধর্মীয় পরিচয় নিয়ে এমন অপমানজনক কথা বলা বন্ধ করা উচিত।,moral_appeal,hate_speech
1648,কতোবড়ো খানকিমাগির পোলা হইলে এমন করতে পারে!,কারও মা বা সন্তান নিয়ে এভাবে কথা বলা খুবই কষ্টদায়ক।,empathy,abusive_language
1649,মুরুক্ষ মাদারচোদ মাদ্রাসাছাপরি জারজ আর মাগীর পুতেদের সাধারণ মৌলিক শিষ্টাচার এবং শালীনতার জ্ঞান নাই। তাই এদের কথা গায়ে মাখবেন না। এরা মুরুক্ষ আবাল গরুর ডেয়া!,মাদ্রাসা বা পরিবার টেনে এভাবে অপমান করা খুবই নিম্নমানের আচরণ।,moral_appeal,abusive_language
1650,খানকির পোলা দেশ তোরা ছাড় পাকিস্তানী বীজ! তোর কপালেও এমন মৃত‍্যু আছে,দেশছাড়া হতে বলাটা আর মৃত্যুর হুমকি দেওয়া দুটোই ভয়ংকর।,warning_of_consequences,threat
1651,আরে চুপ কর মাদার চোদ তোদের গোটা পৃথিবীর মানুষ চেনে তোদের চোদবো আমরাই সবুর কর আগা কাটা শুয়োর খেগো মোল্লার জাত তোর মাকে চূদি জারস এর বাচ্চারা,ধর্মীয় গোষ্ঠীকে এমনভাবে অপমান করলে উত্তেজনা ছাড়া কিছুই বাড়ে না।,warning_of_consequences,hate_speech
1652,মাদারচোদ তোগো মতো কিছু মাদারচোদ গো লিগা হিন্দু - মুসলিম দের মাজে ঝগড়া লাগে - সালা ইন্ডিয়ার দালাল,ধর্মের মাঝে ঝগড়া লাগানোর অভিযোগ থাকলে সেটি ভদ্র ও প্রমাণভিত্তিকভাবে বলতে হয়।,fact_based,abusive_language
1653,"পতিতা এর সন্তান শুধু মিথ্যা খবর ছড়ায়, এদের জন্মের সমস্যা ,ফেইক নিউজ!! ভারতের মুসলিম দের উপর নির্যাতন যেমন তেমন ফেইক।",কাউকে পতিতার সন্তান বলা বা জন্ম নিয়ে আক্রমণ করা খুবই অপমানজনক।,empathy,abusive_language
1654,চুদির পোলা রা তোদের কে লাত্থি দিয়া বাইর করার আগে তোদের বাপের দেশ রেন্ডিয়াতে চইলা যা,"কাউকে লাথি মেরে বের করার কথা বলা সহিংসতা বাড়ায়, তাই এড়িয়ে চলা উচিত।",warning_of_consequences,threat
1655,"খানকির ছেলে ইন্ডিয়া তোর বাবারা কি করতেছে দেখিস না। মাদার চোড,মান্দির পুত, তোর গুস্টি চুদি,খানকির পোলা, তোর ধনের মাথা কাটা দরকার, নটির ছেলে",পরিবার ও মাথা কেটে ফেলার মতো কথা খুবই বিপজ্জনক; এমন ভাষা বন্ধ করা দরকার।,warning_of_consequences,threat
1656,"শালা মাদারচুদ তুই আবাল খানকির পোলা, মারছে তর বাপে তাই তুই সবার দুষ দিবি তাহলে কি এটাই প্রমানিত যে মুসলিম তর আম্মুর দিকে তাকাইছে ওরা সবাই তর আব্বু আবাল",কারও পরিবার টেনে এমন বিদ্রূপ করা খুবই অশালীন।,discouraging_abuse,abusive_language
1657,তকে কেউ পুটকি মারতে চাইলে না বলিসনা মারতে দিস না হলে পুটকিতে বাশ দিয়ে মেরে ফেলবে। সালা বাইঞ্চদ,"এটি সরাসরি যৌন সহিংসতার হুমকি, যা কোনোভাবেই গ্রহণযোগ্য নয়।",warning_of_consequences,threat
1658,শাউয়ার পুতেগো কিছু হলেই ধর্ম নিয়া টানে।বাংলাদেশে মুসলিম দ্বারা মুসলিম হত্যা হয়।যে কোন হত্যায় হত্যাকারি দায়ি।হিন্দুরাও ত মুসলিম হত্যা করেছে বাংলাদেশে।,হত্যার মতো গুরুতর ঘটনায় ধর্ম টেনে গালি না দিয়ে দায় ব্যক্তির ওপরই রাখা উচিত।,fact_based,hate_speech
1659,এই হালা হিন্দু মরলে এটা ভুয়া নিউজ দিয়া দে আরে খানকির পোলা রা বাংলাদেশ এক দিনে হাজার হাজার মুসলিম মারা যাচ্ছে তাদের নিউজ দেস না কেন। খানকির পোলা রা,কোনো ধর্মীয় মৃত্যু নিয়ে ভুয়া খবরের কথা না বলে তথ্যভিত্তিক সমালোচনা করা উচিত।,fact_based,hate_speech
1660,ভারত এর রাজাকার দের এক সমস্যা হিন্দু মরলে ধর্মিয় কারন বলে চিল্লায়।।। বাইঞ্চোদ এর জাত,"ধর্মীয় গোষ্ঠীকে রাজাকার বলা খুবই আপত্তিকর, প্রমাণ থাকলে নিরপেক্ষভাবে বলুন।",fact_based,hate_speech
1661,মাগির পোলা গুলা কিছু কিছু আছে তারা বিভ্রান্তি কর পোস্ট ছড়িয়ে বেড়ায় যেমন এই পোস্ট যে করেছে তার মা- বাবা হীন খানকির পোলা,"মিথ্যা পোস্টের সমালোচনা করা যায়, কিন্তু পরিবার টেনে অপমান করা ঠিক নয়।",discouraging_abuse,abusive_language
1662,মাদারচোদ আমাদের দেশে থেকে দালালি করিস ভারতের হয়ে ভালো হয়ে যা নয়তো মেরে দিব পেছন,দেশ ও দালাল শব্দ টেনে হুমকি দেওয়া খুবই বিপজ্জনক।,warning_of_consequences,threat
1663,"আচ্ছা তোদের মা বোনদের চুদবো তোদের বাপদের পাছায় আছুলা বাঁশ দেবো, থাকতে পারলে থাক না পারলে তোদের বাপের দেশে চলে যা, এই সব পোস্ট চুদাবি না","পরিবারকে টেনে যৌন হুমকি দেওয়া ভয়ংকর, তাই এমন কথা বলা উচিত নয়।",warning_of_consequences,threat
1664,জাতিকে বিভ্রান্ত করার জন্য আপনাকে লাত্থি মেরে কোকশা ফাটায় দেয়া উচিত। অনেকেই সহমত হবে,"কারও বিরুদ্ধে লাথি মারার কথা বলা সহিংস উসকানি, এটা বন্ধ করা দরকার।",warning_of_consequences,threat
1665,তোরে পাইলে তোর বিচিতে একটা লাথি মারতাম,এমন অশ্লীল হুমকি খুবই অপমানজনক এবং ক্ষতিকর।,warning_of_consequences,threat
1666,"হিন্দু ধর্ম হলো ভিত্তিহীন জাত, এদের কোন কিছুই ঠিক নাই।",কোনো ধর্মকে ভিত্তিহীন বলা ঘৃণামূলক; ভিন্নমত থাকলেও সম্মান রাখা উচিত।,moral_appeal,hate_speech
1667,বোকা চোদা ব্রেন স্টক করে মরে গেছে এখন নাটক বানাইতাছোস তোর ২ নাম্বার বাপ ভারত কে দেখানোর জন্য,কারও মস্তিষ্ক বা পরিবারের ওপর এমন অপমান না করে নির্দিষ্ট বক্তব্যে থাকাই ভালো।,discouraging_abuse,abusive_language
1668,বাংলাদেশের মুসলমান গুলো সব খানকির ছেলে। এদের জন্ম পাকিস্তানের মোল্লা গুলো দিয়েছে।,"একটি ধর্মের সব মানুষকে একসাথে অপমান করা ঠিক নয়, এতে ঘৃণা বাড়ে।",moral_appeal,hate_speech
1669,"ঈশা মোল্লা তোর মারে চুদছে, মাদারচোদ আজাইরা কথা চোদাস",কাউকে গালি দিয়ে না বলে ভুলটা ভদ্রভাবে ধরিয়ে দেওয়া উচিত।,discouraging_abuse,abusive_language
1670,"মূর্খের বাচ্চারা না জেনেই হা হু করতেছে।। সত্য মিথ্যা যাচাই করার প্রয়োজন নেই, এদের গু দিলে গুও খেয়ে ফেলবে। এরা এমন জাতি। খাইশট্যা",সত্যতা যাচাই করা জরুরি; অপমান করে বললে বক্তব্যের মান নষ্ট হয়।,fact_based,abusive_language
1671,উনি জানেন না বাল ফালাইতে মন্ত্রী হইছে,রাজনৈতিক সমালোচনা থাকলেও এভাবে তুচ্ছতাচ্ছিল্য না করাই ভালো।,discouraging_abuse,abusive_language
1672,এইরকম বাইনচোদ মার্কা মানুষজন মন্ত্রী হয় কেমনে? পাবলিক কি গাজা খাইয়া ভোট দেয়?,ভোটারদের অপমান না করে রাজনৈতিক যোগ্যতার সমালোচনা করা উচিত।,fact_based,abusive_language
1673,বিএনপির আসল চরিত্র অনেকেই জানত না এরা নাকি সাধু সন্ন্যাসীর দল । যত দোষ আওয়ামীলীগের। সত্য কথা বলতে আওয়ামীলীগের চেয়েও বড় শয়তান বিএনপি। সামনে দেশের জনগণ সব বুঝতে পারবে।,রাজনৈতিক দল নিয়ে সমালোচনা থাকলে সেটি তথ্য ও উদাহরণ দিয়ে করা ভালো।,fact_based,abusive_language
1674,ছাগলকে ধরে এনে যখন মন্ত্রী বানানো হয় তখন তো এমন কথা বলবেই।,"কাউকে ছাগল বলা অপমানজনক, তাই সমালোচনা আরও ভদ্রভাবে করা উচিত।",discouraging_abuse,abusive_language
1675,"প্রতি শুক্রবার নর্থ সাউথ ইউনিভার্সিটিতে প্রায় তিনশো জঙ্গী একসাথে হয়ে মিটিং করে, এই ইউনিভার্সিটি এখন শক্ত জঙ্গী ঘাটিতে পরিণত হয়েছে।","কোনো বিশ্ববিদ্যালয়কে জঙ্গি ঘাঁটি বলা হলে সেটা প্রমাণসহ বলতে হবে, গুজব নয়।",fact_based,hate_speech
1676,ঢাকার নর্থ সাউথ ইউনিভার্সিটি হলো ভালো মানুষ দের ব্রেন ওয়াস করে জঙ্গি তৈরির প্রথম ধাপ কার্যক্রম শুরু হয়।,"একটি বিশ্ববিদ্যালয়কে জঙ্গি তৈরির কেন্দ্র বলা খুবই গুরুতর দাবি, তাই প্রমাণ দরকার।",fact_based,hate_speech
1677,সারা বিশ্ব জুড়ে বোরখা হেজাব নেকাব ব্যবহার নিষিদ্ধ করতে হবে ।,পোশাক নিষিদ্ধ করার দাবি ব্যক্তিগত স্বাধীনতার পরিপন্থী।,moral_appeal,hate_speech
1678,নর্থ সাউথ বিশ্ববিদ্যালয় মানে জঙ্গি সন্ত্রাসী তৈরির আন্তর্জাতিক প্রশিক্ষণ কেন্দ্র,"এটি একটি প্রতিষ্ঠানের বিরুদ্ধে খুব বড় অভিযোগ, তাই নির্ভরযোগ্য প্রমাণ ছাড়া বলা উচিত নয়।",fact_based,hate_speech
1679,"বাংলাদেশী মেয়েদেরকে সবচেয়ে বেশি ব্রেইন ওয়াশ করা যায় হিন্দি পন্থা ব্যবহার করে, যদি কেউ এই মেয়ের মাথা নষ্ট করেই থাকে সেটা হবে হিন্দি সরকারের ষড়যন্ত্র",মেয়েদের মাথা নষ্ট হওয়া বা ষড়যন্ত্রের কথা প্রমাণ ছাড়া বলা ঠিক নয়।,fact_based,gender_abuse
1680,এই শুয়োরের বাচ্চা‌ গুলো ‍কি বালের ইসলাম বুঝে,ধর্মের লোকজনকে শুয়োরের বাচ্চা বলা বন্ধ করে ভদ্রভাবে প্রশ্ন করা উচিত।,moral_appeal,hate_speech
1681,"এরা ইসলামের লেবাসে ইসলামের প্রকৃত শত্রু। ওহাবীবাদ, কৌমিবাদ, সালাফিবাদ জংগিবাদ ইসলামের পোশাকে ইসলামের চির শত্রু","একটি মতাদর্শ নিয়ে সমালোচনা করা যায়, কিন্তু ঘৃণামূলক ভাষা না ব্যবহার করাই ভালো।",fact_based,hate_speech
1682,এই বাংলাদেশি বাইনচোদ গুলো বাইরে গিয়ে বর্তমানে ওই দেশে অনেক শান্তিপূর্ণভাবে বসবাস করছি তাদের জন্য তো হুমকি তো ফেলছেই। অসভ্য বর্বর জাতি।,একটি জাতিকে বর্বর বলা এবং সবাইকে দোষী করা ঠিক নয়।,moral_appeal,hate_speech
1683,"ইসলামি উগ্রবাদী সন্ত্রাসী পরিবারে বড় হলে, নর্থ সাউথ এর মত ইসলামী সন্ত্রাসী মানসিকতার বিশ্ববিদ্যালয়ে পড়ালেখা করলে, ইসলামিক ধর্মান্ধতা এবং উগ্রবাদিতার সাথে যুক্ত থাকলে এই সবকিছুই সম্ভব।",উগ্রবাদের সমালোচনা করতে হলে নির্দিষ্ট ঘটনা ও প্রমাণ ধরে বলা উচিত।,fact_based,hate_speech
1684,তোর নানি তো তার হেডা হাজার পোলারে মারাইয়া তোর মায়েরে জন্ম দিছে আর তোর মা তার হেডা ২০০ পোলার লগে মারাইয়া তোরে জন্ম দিছে,কারও মা-নানি নিয়ে এভাবে অশালীন কল্পনা খুবই কষ্টদায়ক।,empathy,abusive_language
1685,"না ভাই তোর মতোন গোয়া মারানোর এক্সপেরিয়েন্স নাই, শালা বোকাচোদা",কাউকে বোকাচোদা বলে অপমান না করে নিজের কথা শান্তভাবে বলা ভালো।,discouraging_abuse,abusive_language
1686,"এ চোদনা ভালো হয়ে যা, পাবলিক প্লেসে উল্টোপাল্টা করতেছে তুই সাপোর্ট করতেছিস",পাবলিক প্লেসের আচরণ নিয়ে কথা বলতে গালিগালাজ না করে নির্দিষ্টভাবে বলা উচিত।,discouraging_abuse,abusive_language
1687,"এহ মাদারচোদ ওই মেয়েটা শুয়ে আছে মাথা দিয়ে, খানকির পোলা কি সব বানায় দিস তোরা","একটি মেয়েকে নিয়ে এমন কথা বলা খুবই অপমানজনক, তাই সংযত ভাষা ব্যবহার করা উচিত।",empathy,abusive_language
1688,"শালার পুতের ধোন না খাম্বা সব জায়গায় দাড়াইয়া যায়, কিছু বাইনচোদ গুলার কারনে দেশের এই পরিস্থিতি",কিছু মানুষের কারণে দেশের সমস্যা হয়—এমন কথা বললেও গালি না দিয়ে বলা ভালো।,discouraging_abuse,abusive_language
1689,"ভাই আমরা বাংগালীরা জাতি হিসেবে যে অমানুষ, এতে কোন সন্দেহ নেই,","পুরো জাতিকে অমানুষ বলা ঠিক নয়, বরং খারাপ আচরণগুলো আলাদা করে সমালোচনা করা উচিত।",discouraging_abuse,abusive_language
1690,"এটা স্বামী নামের জানোয়ারের পক্ষেই সম্ভব, তোর বোনকেও কেউ একদিন বিক্রি করবে এইভাবে","কারও পরিবারকে টেনে এমন কথা বলা খুবই কষ্টদায়ক, তাই এভাবে আঘাত না করে কথা বলা উচিত।",empathy,threat
1691,খানকির ছেলেগো কোরবানি হবে না বাংলাদেশে একশো লোক কোরবানি দিলে দশ জন লোকের কোরবানি হয় কি না সঠিক,ধর্মীয় উৎসব নিয়ে তুচ্ছতাচ্ছিল্য না করে সম্মানজনকভাবে আলোচনা করা ভালো।,moral_appeal,hate_speech
1692,"এতো জঘন্য লাগতেছে এদেরকে, নিজেদের অনেক স্মার্ট মনে করতেছে","অপছন্দ হলে সেটি ভদ্রভাবে বলা যায়, অপমান করলে কথার মান কমে যায়।",discouraging_abuse,abusive_language
1693,"ওয়াক থু, বস্তিগুলারে দেখলেই বমি আসে",কোনো এলাকার মানুষকে দেখে বমি আসার কথা বলা অত্যন্ত অপমানজনক।,empathy,abusive_language
1694,এইখানে দুইটা খানকি আরেকটা পোলা খানকি,লিঙ্গ বা চরিত্র টেনে এমন ভাষা ব্যবহার না করে নির্দিষ্ট আচরণ নিয়ে কথা বলা উচিত।,discouraging_abuse,gender_abuse
1695,এই শালা একটা পিওর মাগির দালাল,কারও চরিত্র নিয়ে আক্রমণ না করে অভিযোগ থাকলে সেটি স্পষ্টভাবে বলা ভালো।,discouraging_abuse,abusive_language
1696,খানকিদের ছেলে মেয়ে এইগুলা গুলা,"কারও সন্তানকে অপমান করা খুবই অশালীন, তাই এভাবে না বলাই উচিত।",empathy,abusive_language
1697,এগুলো কি আসলেই বাচ্চাটারেও নিয়ে শুরু করছেন নষ্টামী। এদের আসলে ফ্যামিলি শিক্ষাটা এমনই,"একটি শিশুকে টেনে এমন কথা বললে ক্ষতি হয়, তাই সংবেদনশীল থাকা দরকার।",empathy,abusive_language
1698,এরকম ভিডিও করে খেতে হলে তাহলে তো দেহ ব্যবসা করাই ভালো,কারও কাজকে দেহ ব্যবসার সাথে তুলনা করা খুবই অবমাননাকর।,moral_appeal,gender_abuse
1699,দৌলতদিয়ায় জন্ম হলে যা হয়। এই পোলার মাও ছোটবেলা থেকে চামড়া ব্যবসায়ী ছিল,জন্মস্থান বা মাকে টেনে এমন কথা বলা খুবই কষ্টদায়ক ও অমানবিক।,empathy,abusive_language
1700,খানকি মাগী দুটায়। বালের ভিডিও করান চোদাও,কেউ কী ভিডিও করেছে তা নিয়ে গালি না দিয়ে ভদ্রভাবে আপত্তি জানানো উচিত।,discouraging_abuse,gender_abuse
1701,এইসব খানকি মাগি আর খানকির পলাদের জন্য দেশের ছেলে মেয়ে এইগুলা দেখে হাত মারে খানকির পলা আর অর বউ নামক মা রে পাইলে ভরপুর তারেক রহমানের খাম্বা ডুকাইয়া দিতাম,এভাবে সহিংস ও অশ্লীল ভাষা ব্যবহার করলে সমস্যা আরও বেড়ে যায়।,warning_of_consequences,threat
1702,লাল খানকিটা পারলে সব খুলে রাস্তায় নামতি। বস্তি কোথাকার।কি খাউজ মনে। লুইচ্চার জাতগুলি নামছে একসাথে ব্যবসায়। ফকিন্নিরা,কারও পোশাক বা উৎস নিয়ে এমন অপমানজনক মন্তব্য করা ঠিক নয়।,moral_appeal,gender_abuse
1703,"জানোয়ার , অশিক্ষিত গাইয়া কোথাকার। নষ্টামির একটা সীমা আছে।এরা এগুলোরও ঊর্ধ্বে। কতটা জঘন্য মানুষ হইলে এর বৌ,এর জামাই নষ্টমির ভিডিও করে বেরায়।",কাউকে জানোয়ার বা অশিক্ষিত বলে দাগিয়ে না দিয়ে নির্দিষ্ট আচরণ নিয়ে সমালোচনা করা ভালো।,discouraging_abuse,abusive_language
1704,এদের মত সস্তা মানুষ গুলা ফেসবুক এ আসে কি করতে,কাউকে সস্তা বলা না করে তার পোস্টের বিষয়বস্তু নিয়ে কথা বলাই ভালো।,discouraging_abuse,abusive_language
1705,ধর্ষকরা কি এদের চোখে দেখেনা? এদেরকে ধর্ষণ করে না কেন?,"ধর্ষণের কথা বলা ভয়ংকর ও ক্ষতিকর, তাই এমন হুমকি কখনোই ঠিক নয়।",warning_of_consequences,threat
1706,"কুত্তার বাচ্চা, মাগি বানাইছস বউরে, নিজে হইতেছোছ দালাল। বউরে বানাইছিস মাগী, আর এইগুলো সোশ্যাল মিডিয়াতে ছাড়োছ। তোদের এসব সামনে আসে কেন","কারও স্ত্রীকে অপমান করে কথা বললে সমস্যার সমাধান হয় না, বরং সম্পর্ক নষ্ট হয়।",empathy,abusive_language
1707,ছাপড়ির গুষ্টি মারি এগুলারে হোগায় কিক মাইরা দেশ থিকা বাইর করে না কেন। জংগল,কাউকে দেশছাড়া করার কথা বলা বা হিংসা দেখানো খুবই বিপজ্জনক।,warning_of_consequences,threat
1708,"তোগো দুইটারে বেবি ওয়ালা চুদবো সামনে বসাইয়া, এত মানুষ মরে তোরা মরস নাই কেন","এমন যৌন হুমকি আর মৃত্যু কামনা দুটোই ভয়ংকর, তাই এখনই থামা দরকার।",warning_of_consequences,threat
1709,জাউরা বিজন্মা ভালো মা বাপের নষ্টের সন্তান,কারও মা-বাবা বা জন্ম নিয়ে এমন কটূক্তি খুবই অমানবিক।,empathy,abusive_language
1710,"কি পরিমানে জঘন্য হলে কোলে বাচ্চা নিয়ে এত্ত নোংরা গানে ভিডিও বানায় আর বাপে ভিডিও করে এদের পরিবার এদের এমন বানাইসে এরা এদের বাচ্ছাদের নিজের মতন বানাইতেসে, মা, বোন সবই খারাপ",একটি পরিবার বা শিশুকে নিয়ে এমন সার্বিক দোষারোপ খুবই অপমানজনক।,discouraging_abuse,abusive_language
1711,"কত বড় কুত্তার বাচ্চা এরা, কোলের টাও মনে হয় জারজ সন্তান",একটি শিশুকে জারজ বলা বা কুকুরের বাচ্চা বলা খুবই নিষ্ঠুর।,empathy,abusive_language
1712,এদের মত মেয়েরা সমাজকে আজকে খুব নোংরা অবস্থায় নিয়ে গেছে এদের কারণেই আজকে প্রত্যেকটা ছেলে খারাপ হয়ে যাচ্ছে এরা দেশের শত্রু সমাজের শত্রু,"মেয়েদের একসাথে দোষী করা ভুল, কারণ সমাজের সমস্যার দায় সবার ওপরই পড়ে।",moral_appeal,gender_abuse
1713,এই ছেরির কোনো কাজ নাই কিছুই করেনা তাহলে এত টাকা পায় কই ও নিশ্চয় খারাপ কিছু করে এটা ছাড়া ও চলে কি ভাবে,কারও আয় বা কাজ নিয়ে অনুমান না করে প্রমাণসহ কথা বলা উচিত।,fact_based,gender_abuse
1714,আমি বুঝিনা এই ভুসকিকে সারাক্ষণ ক্যামেরায় আনার মানে কি,কারও চেহারা বা উপস্থিতি নিয়ে এমন বিদ্রূপ না করে প্রসঙ্গ ধরে কথা বলা ভালো।,discouraging_abuse,abusive_language
1715,মেয়েটা দিন দিন বেশি বেয়াদপ হয়ে যাচ্ছে। সাতে ছেলে গুলা ও.,"যে কারও আচরণ নিয়ে সমালোচনা করা যায়, তবে অপমানজনক ভাষা ব্যবহার না করাই ভালো।",discouraging_abuse,abusive_language
1716,এই পোশাকটা খানকি মাগি মারিয়া মিমের জন্য প্রযোজ্য,পোশাক নিয়ে কাউকে এমন অপমান করা খুবই অশালীন।,moral_appeal,gender_abuse
1717,এই জাউরা তোর কি বাপ মা নাই। কুত্তার বাচ্চা আবার দাড়ি রাখছে,কারও বাবা-মা বা দাড়ি নিয়ে আক্রমণ করা অপমানজনক এবং অপ্রয়োজনীয়।,discouraging_abuse,abusive_language
1718,প্রতিদিন নতুন নতুন খানকি পান কই এগুলোকে,নারীদের সম্পর্কে এমন ভাষা ব্যবহার করলে শুধু বিদ্বেষ বাড়ে।,empathy,gender_abuse
1719,এ দেশে নষ্ট বাবা মার নষ্ট বাচ্চা কাচ্চার অভাব নেই,পুরো দেশকে বা পরিবারকে এভাবে দোষী করা ঠিক নয়।,fact_based,abusive_language
1720,"অনেক বড় থার্ডক্লাস ওয়, নিজেকে ওইসব করেও কুল ভাবে",কারও স্টাইল বা আচরণ নিয়ে ব্যঙ্গ না করে নির্দিষ্ট সমালোচনা করা উচিত।,discouraging_abuse,abusive_language
1721,"আসো তোমাকে খাবো কোলে নিহে। বাসায় সময় দিবা, আমাকে খুশি করে দিবা","এটি অস্বস্তিকর ও অশালীন ভাষা, তাই এভাবে কথা না বলাই ভালো।",empathy,abusive_language
1722,পতিতালয়ে কনডম ফেটে যে সন্তান জন্ম নেয় সে সন্তান হচ্ছে এগুলো,কারও জন্ম নিয়ে এমন কটু মন্তব্য করা খুবই কষ্টদায়ক।,empathy,abusive_language
1723,যেখানে রাসেল থাকবে সেখানেই খানকি পাওয়া যাবে,কারও নামের সাথে অপমান জুড়ে দেওয়া ঠিক নয়; প্রমাণ থাকলে তা ভদ্রভাবে বলুন।,discouraging_abuse,abusive_language
1724,এই বাইনচোদের বাচ্চা আবার দাড়ি ও রাখছে। তোর মা এরও অনেক গুলা লাগছে বলেই তোর জন্ম হইছে,"দাড়ি বা পরিবার নিয়ে এমন কথা বললে সম্মান নষ্ট হয়, তাই তা এড়িয়ে চলা উচিত।",moral_appeal,abusive_language
1725,আসলে যদি বলি বস্তির ছেলে বস্তির মেয়েরা এসব করে। ফেসবুকে আপলোড করে। তাহলে বস্তিবাসীদের কে অপমান করা হবে। কারণ ওদের থেকে বস্তির ছেলে মেয়েরা অনেক ভালো।,কোনো এলাকার মানুষকে একসাথে খারাপ বলা উচিত নয়; নির্দিষ্ট ঘটনার সমালোচনা করুন।,fact_based,abusive_language
1726,এর দাড়িগুলোতে ধরে যে প্রকাশ্যে পুটকিমারতে পারবে তার জন্য ৫০ হাজার টাকা গিপ্ট আছে লুফে নিন এই সুবর্ণ সুযোগ,এভাবে জনসমক্ষে নির্যাতনের পুরস্কার ঘোষণা করা ভয়ংকর অপরাধের দিকে ঠেলে দেয়।,warning_of_consequences,threat
1727,ভাবা যাই? এদের কি কোনো ফ্যামিলি নাই? নাকি সব একি চুদার মানুষ,কারও পরিবার নিয়ে এমন মন্তব্য না করে আচরণকে আলাদা করে সমালোচনা করা উচিত।,discouraging_abuse,abusive_language
1728,সহবাসের সময় উল্টাপাল্টা এবং অতিরিক্ত লাগাইলে বেজন্মা পায়দা হয় এটাই তার উদাহরণ কি রাগ করলা,কারও জন্ম নিয়ে এমন তাচ্ছিল্য করা খুবই অশোভন।,empathy,abusive_language
1729,"খাট কাপানি, ভাড়া খাটুনি দলের সদস্য, আর ছ্যাড়াডারে দেহায় ছাগলাচোদা গো মতো",কাউকে ভাড়াটে বা ছাগলাচোদা বলে অপমান না করে বিষয়টা পরিষ্কারভাবে বলা উচিত।,discouraging_abuse,abusive_language
1730,হালার পুত আমগো বাড়ির কুকুরের বেডি আরো মোটা,পরিবার বা প্রাণী টেনে এমন কটু কথা বলা অপ্রয়োজনীয়।,discouraging_abuse,abusive_language
1731,দেখেন হিজাবী ভুসকি মাগী কি বলে। এরা নিজেরা দুই চার পয়সার লোভে হিন্দুর খাট কাপায় আর সব দোষ দেয় হিন্দু ছেলের দোষ দেয় নিজেদের দোষ ঢাকার জন্য,নারীর পোশাক আর ধর্ম টেনে অপমান করা ঠিক নয়; নির্দিষ্ট অভিযোগ থাকলে সেটা বলুন।,moral_appeal,gender_abuse
1732,মোল্লারা হিন্দুদের দোষ দেয় নিজেদের মেয়েদের দোষ ঢাকার জন্য যেনো ভোগ করা মুসলিম মেয়েদের চরা দামে বিয়ে দিতে পারে। তাই এসব মেয়েদের পাশাপাশি মোল্লাদের সামাজিকভাবে বয়কট করতে হবে।,কোনো ধর্মীয় গোষ্ঠীকে একসাথে দোষী না করে নির্দিষ্ট আচরণ নিয়ে কথা বলা ভালো।,fact_based,hate_speech
1733,"কিরে জারজ অবৈধ সন্তান, কুত্তায় চুদে জন্ম নেয়া সন্তান জঙ্গি",জন্ম বা পরিবার নিয়ে এমন অপমানজনক কথা খুবই কষ্টদায়ক।,empathy,abusive_language
1734,এই মাগী টারে একটু সাইজ করা লাগবো। কুত্তার বাচ্চার সাহস দেখছো নি?,কাউকে সাইজ করার হুমকি বা কুকুরের বাচ্চা বলা কোনো সমাধান নয়।,warning_of_consequences,threat
1735,"তোর বাপ যদি তোরে জন্মায় থাকে, তাহলে কিছু করে দেখাইছ",কারও বাবাকে টেনে এমন চ্যালেঞ্জ করা অপ্রয়োজনীয় ও অপমানজনক।,discouraging_abuse,abusive_language
1736,"মাগির পোয়া সিলেট আমার বাড়ি আর এখন আমি বাহিরে আছি, যদি থাকতাম তাহলে রামচোদা দিতাম মাগিটারে",এভাবে যৌন হুমকি দেওয়া খুবই বিপজ্জনক ও অশালীন।,warning_of_consequences,threat
1737,কেন তোরে কি কুত্তা চোদা দিয়া পয়দা করছে নি রে রেন্ডির পোলা,কারও জন্ম বা মাকে নিয়ে এমন কথা বলা খুবই নিচু মানের আচরণ।,empathy,abusive_language
1738,আরে বেজন্মার ছেলে এক বাপের চোদা হয়ে থাকলে করে দেখা যা বলছিস,পরিবারকে টেনে অপমান না করে নিজের বক্তব্য ভদ্রভাবে দেওয়া উচিত।,discouraging_abuse,abusive_language
1739,চন্ডির বাচ্চা। এটা বাংলাদেশ কোন মালাউন এর বীজের দেশ নয়। বাংলাদেশে থাকতে হইলে মিলেমিশে থাকতে হবে না হয়। সোজা বঙ্গোপসাগরে নিক্ষেপ করা হবে,"কাউকে দেশ থেকে ফেলে দেওয়ার কথা বলা ভয়ংকর, আর ধর্মীয় অপমানও অযৌক্তিক।",warning_of_consequences,hate_speech
1740,মাদারচোদ এই দেশ তোর মায়ের চোদানো টাকায় কিনে নিয়েছিস মনে হচ্ছে,দেশ বা মায়ের টাকাকে টেনে এমন কথা বলা খুবই অশালীন।,discouraging_abuse,abusive_language
1741,আরে রেন্ডি খানকির পোলায় কয় কি? দেশ তে তোর মারে চুদে তোর পাক আব্বায় তোর মার হাতে তুলে দিয়েছিলো নাকি,মা ও বাবাকে টেনে এমন অপমান কোনো আলোচনা এগিয়ে নেয় না।,empathy,abusive_language
1742,"দেহ ব্যবসায়ী খানকির পোলা, তোদের সৌদির আব্বা তোদের কাঙাল মাগির পোলা ডাকে, সেটা নিশ্চয়ই জানস।","কোনো দেশ, পেশা বা পরিবারকে জড়িয়ে অপমান করা খুবই কষ্টদায়ক।",empathy,abusive_language
1743,"মোগল আব্বার মার খাইয়া ইসলাম ধর্ম গ্রহণ করা খানকির পোলারা, চুদ মারানির পোলারা আবার বলতে ও আসে বাংলাদেশ তার বাপ-দাদার। থু, তোর মার হেদায় মাগির পোলা।",ধর্মান্তর বা ইতিহাস নিয়ে এমন ঘৃণামূলক মন্তব্য করা ঠিক নয়।,moral_appeal,hate_speech
1744,হিন্দু মানে বর্বর উগ্র গণ্ডমূর্খ গোমূত্র খাওয়া এক আজব জাতি,"কোনো ধর্মের মানুষকে বর্বর বলা ঘৃণা উসকে দেয়, তাই এমন ভাষা এড়িয়ে চলা উচিত।",moral_appeal,hate_speech
1745,এই মাদারচোদ পেজ এর এডমিন এই মেয়েরে লাইক করে। এই মেয়েরে মব করে তারে রেপ করার উদ্দেশ্য এই বেশ্যা মাগির পোলার৷ বিশ্বাস কর গায়ে জালা তরে পিডায়ে লাল করা হবে।,"কাউকে মব বা ধর্ষণের হুমকি দেওয়া ভয়ংকর, আর এমন পেজ-আক্রমণও বন্ধ হওয়া দরকার।",warning_of_consequences,threat
1746,এই উগ্রবাদী হিন্দু শুয়োরের বাচ্চাদের অনেক ছাড় দেওয়া হয়েছে। ছাড় দিতে দিতে এই উগ্রবাদী হিন্দু শুয়োরের বাচ্চারা এখন আমাদের মাথায় উপর,একটি ধর্মীয় গোষ্ঠীকে শুয়োরের বাচ্চা বলা বা ছাড় দেওয়ার অভিযোগে উত্তেজনা বাড়ানো ঠিক নয়।,moral_appeal,hate_speech
1747,"পাগলচোদা, পোন মারামারি পোস্ট ছাড়া কোনো কাজ নাই তোর,ছেঁচড়া কোথাকার।তোরা এসব খাট্টাস উগ্র মানুষগুলোর এর জন্য যে কোনো উন্নত দেশে গেলে পরিচয় দিতে সভ্য বাঙ্গালীরা শরম পাই।",কাউকে পাগলচোদা বা ছেঁচড়া বলে অপমান না করে তার পোস্টের সমালোচনা করা উচিত।,discouraging_abuse,abusive_language
1748,"খানকির পোলায় পোস্ট করছে, কেউ সিরিয়াসলি নিও না বন্ধুরা",কোনো পোস্টকে অগ্রাহ্য করতে চাইলে গালি না দিয়ে সরাসরি সতর্ক করা ভালো।,discouraging_abuse,abusive_language
1749,"চোদনার পো চোদনা মাদ্রাসাছাপ পুটকিখোর। উনি মিথ্যা কি বলছে তোদের তো একটাই ডায়লাগ কোনো হিন্দু দেখলেই, আমার অনেক হিন্দু বন্ধু গরু খায়। আমিও তো বলি আমার অনেক পরিচিত মুসলিম যারা শুয়োর খায়",ধর্মীয় পরিচয়কে আক্রমণ না করে বক্তব্যের যুক্তি বা অসংগতি দেখানো উচিত।,fact_based,hate_speech
1750,"মালু চোদাস মাদারচোদ। তুই বা তোরা পোস্ট করছিস সেটা সাম্প্রদায়িক, উস্কানিমূলক হয় নাই। আর আমরা যদি সেই পোস্ট শেয়ার দেই তাহলে আমরা সাম্প্রদায়িক উস্কানী ছড়াচ্ছি? হিপোক্রেট","উস্কানির অভিযোগ থাকলে তা প্রমাণসহ বলাই উচিত, গালি দিয়ে নয়।",fact_based,abusive_language
1751,"মুসলিম ফাইটার উগ্রতা আর কত ছড়াবি হিজড়ার বাচ্চা। দেশে একটা দাঙ্গা লাগিয়ে ছাড়বি। এই মেয়ে কই উসাকানী দিল, ও ওর সাথে ঘটে যাওয়া সত্যই তো। এখানে তুলে ধরল","দাঙ্গার ভয় দেখিয়ে কথা না বলে, সত্যটা কী তা নিরপেক্ষভাবে দেখা ভালো।",warning_of_consequences,hate_speech
1752,"কিরে বোকাদুচা এখানে উগ্র এর কি বাল দেখলি, ঠিকিতো বলছে রে তুই নিজেই তো উগ্র তোর কাজেই হলো অন্যের পাছায় মুখ দিয়ে গন্ধ ছরানো তোর মতো মানুষ এই সম্প্রতি নষ্ট করে শান্তির ছেলে",উগ্রতা নিয়ে সমালোচনা থাকলেও অশালীন ভাষা না ব্যবহার করাই ভালো।,discouraging_abuse,abusive_language
1753,"তৌহিদী বাল কায়দা গুলা কি করে, এই মেয়েটাকে রাস্তায় রেপ করলেই তো পারে।","ধর্ষণের কথা বলা ভয়ঙ্কর অপরাধ, এটা কখনোই সমাধান হতে পারে না।",warning_of_consequences,threat
1754,আর এ জঙ্গি মালুর বাচ্চা যখন তোরা বলবি সেটা ঠিক আর তারা বললেই উগ্র?,কারও কথাকে জঙ্গি বলে দাগানোর বদলে একই মানদণ্ডে বিচার করা উচিত।,fact_based,hate_speech
1755,জঙ্গি মাগির পোলা কয় কি। এখানে খারাপ কি কইছে।,অপমান না করে বক্তব্যে কী ভুল আছে তা নির্দিষ্টভাবে দেখানো উচিত।,discouraging_abuse,gender_abuse
1756,"কিরে জারজ অবৈধ সন্তান, কুত্তায় চুদে জন্ম নেয়া সন্তান জঙ্গি",জন্ম বা পরিবার নিয়ে এমন অপমান করা খুবই আঘাতজনক।,empathy,abusive_language
1757,"ভিকটিম কার্ড খেলা তর গোয়া দিয়া ভরে দিমু।শালা শুয়োরের বাচ্চা।তরা যখন বিধর্মী নিয়ে উস্কানিমূলক কথা কস,তখন এই নীতিবাক্য কই থাকে",ভিকটিম কার্ড বলেও হুমকি দেওয়া ঠিক নয়; শান্ত ও যুক্তিসংগত কথা বলা দরকার।,warning_of_consequences,threat
1758,"তুরা শুয়োরের বাচ্চা সারাজীবন অমুক হিন্দু তমুক হিন্দু গরু খায় বলছ, এখন তুরা কিছু মুসলিম শুকর খায় বলছে শুনে/দেখে রাগ করলি কেন?",কাউকে শুয়োরের বাচ্চা বলা ছাড়া ধর্ম নিয়ে দ্বৈত মানদণ্ডের আলোচনা করা সম্ভব।,discouraging_abuse,hate_speech
1759,যে সকল নাম দারি মুসলিম মেয়ে হিন্দু সাথে সম্পর্ক বন্ধু করে এঁরা মাগী যৌন দাসী ।,নারীদের সম্পর্ক বা ধর্মীয় পরিচয় টেনে এমন অপমান করা অত্যন্ত অন্যায়।,empathy,gender_abuse
1760,"বাল ফালায়তে হিন্দুদের সঙ্গে বন্ধুত্ব করো, ওরা হচ্ছে কালপিট, তোমার থালায় খেয়ে তোমার পিছে ছুরি মারতে দুই সেকেন্ড সময় নেবে না।","কোনো ধর্মের মানুষের সবাইকে বিশ্বাসঘাতক বলা ঠিক নয়, এ ধরনের সাধারণীকরণ বন্ধ করা উচিত।",moral_appeal,hate_speech
1761,বাংলাদেশের মালাউনগুলো আসলেই কাফির! এসব অকৃতজ্ঞ কাফিররা শাপের চেয়েও ভয়ংকর।,একটি ধর্মীয় গোষ্ঠীকে কাফির বা অভিশাপ দিয়ে আক্রমণ করা খুবই ঘৃণামূলক।,warning_of_consequences,hate_speech
1762,হিন্দু ইসকনের সন্তাসীদের কে দেশতেকে বিতাড়িত করা না হলে দেশের পরিস্থিতি আরো খারাপ হবে যেখানে হিন্দু ইসকনের সন্ত্রাসী পাওয়া যাবে সেখানে গণজোলের ব্যবস্থা করা হোক এটাই হবে সটিক বিচার,"কোনো গোষ্ঠীকে বিতাড়িত বা গণজোলের কথা বলা ভয়ংকর, এটা বন্ধ করা দরকার।",warning_of_consequences,hate_speech
1763,মাদ্রাসার হুজুরের হোগামারা খেয়ে এখন মাথার ব্রেইন হোগায় চলে আসছে তোর,কারও শিক্ষা বা মস্তিষ্ক নিয়ে এমন অপমান করা খুবই অশালীন।,discouraging_abuse,abusive_language
1764,মালাউন জাতটাই খারাপ কুকুরের থেকে নিকৃষ্ট,একটি জাতিকে কুকুরের চেয়েও নিকৃষ্ট বলা সহ্য করা যায় না।,moral_appeal,hate_speech
1765,এগুলো মুসলিম না হিজাবি বেশ‍্যা আর ইসলাম নিয়ে কুটকি করলে পুটকি দিয়ে ভরে দিবো খানকি মাগীর,নারী ও ধর্মকে একসাথে অপমান করা এবং হুমকি দেওয়া দুটোই ভয়ংকর।,warning_of_consequences,hate_speech
1766,"মাগির বাচ্চা, ধরে যখন ভালো করে কেলানি দিবে তখন আমটাও বলবো ঠিক করেছে, মূর্তিপূজারি নিকৃষ্ট কোথাকার।",মারধরের সমর্থন না করে ঘটনাটা শান্তভাবে বিচার করা উচিত।,moral_appeal,hate_speech
1767,"মালাউনের বাচ্চা, তোদের সম্মান না দিলে একটা বাংলাদেশে থাকতে পারতি না। আকাডা মাদারচোদ।",সম্মান না দেওয়ার মতো ভাষাই সমস্যাকে বাড়ায়; ভদ্রভাবে সমালোচনা করুন।,discouraging_abuse,hate_speech
1768,"থার্ড ক্লাস মালাউন, এই মাগী চলবে মুসলিমদের সাথে আবার বলবে মুসলিম ভালো না। মালাউনগুলা মুসলিম নিয়ে জ্বালা থাকলে আলাদা মালাউনদের সাথে চল, মুসলিমদের সাথে মিশস কেন?",ধর্মীয় পরিচয় নিয়ে অপমান না করে নির্দিষ্ট আচরণ নিয়ে কথা বলা উচিত।,moral_appeal,hate_speech
1769,"মাদারচোদ, তোদের বাড়ির মধ্যে মাইয়াগো ডাইকা জড়াই ধরো, তোরে দীপু দাসের মতো পোড়ানো হবে মাদারচোদ।","পোড়ানোর হুমকি খুবই ভয়ংকর, তাই এখনই এ ধরনের কথা বন্ধ করা দরকার।",warning_of_consequences,threat
1770,"এইসব মূর্তিপূজারি শুয়োরের বাচ্চা খানকি মাগীগুলোর এত বড় সাহস মুসলিম দেশে থেকে মুসলিমদের থ্রেড দেয়, ওদের ধরে জবাই করেন।",কোনো ধর্মীয় গোষ্ঠীকে জবাইয়ের আহ্বান দেওয়া ভয়াবহ সহিংসতা।,warning_of_consequences,hate_speech
1771,"আপনার জাত মনে হয় খুব ভালো, সেই জন্য সারা বিশ্ব আপনাদের চুদতেছে।",কাউকে বা কোনো জাতিকে এভাবে অপমান না করে সমালোচনা ভদ্রভাবে করা উচিত।,moral_appeal,abusive_language
1772,ওরে আপাদমস্তক একটা বাটপার মনে হয় আমার জাসদের টাউটদের মতো শাউয়া,কারও চরিত্র নিয়ে অভিযোগ থাকলে সেটি শালীনভাবে বলা ভালো।,discouraging_abuse,abusive_language
1773,গালির জবাবে গালি দিতে হয়। ভদ্র ভাষায় বলা কথার জবাব ভদ্রভাবেই দিতে হয়। এই শিক্ষাটা সবার থাকা জরুরী।,ভদ্র ভাষায় জবাব দেওয়ার কথা ঠিকই বলেছেন; সেটাই আলোচনাকে সুস্থ রাখে।,moral_appeal,abusive_language
1774,আসলে এই গর্দভ গুলো কচুকাটা না হওয়া পর্যন্ত মানুষ হবে না৷ একটা বড় ধরণের মাইর না খেলে চেতনা ব্যবসা বন্ধ হবে না৷ এই বঙ্গে গেরুয়া আগ্রাসন না হওয়া পর্যন্ত  এরা সুশীল ই থেকে যাবে।,"হিংসা বা কচুকাটা করার কথা বললে সমস্যা বাড়ে, তাই শান্তিপূর্ণ প্রতিবাদই ভালো।",warning_of_consequences,threat
1775,৪৭ এ দেশ ভাগ না হইলে। তোমার মতো পাটোয়ারী আজ গেরুয়াদের লা'ত্থি উষ্ঠা খাইতা। তোমার বাপ-দাদা কে খুটিতে বেধে টর্চার করতো কুরবানী দেওয়ার অপরাধে।,ঐতিহাসিক বিতর্কে পরিবারকে টেনে টর্চারের কথা বলা খুবই অমানবিক।,empathy,threat
1776,"একেকটা রাজনীতিবীদ মানে একেকটা কুফফার এজেন্ডার গোলাম, এরা কখনো রাষ্ট্র এবং জাতির জন্য কাজ করেনা। কিন্তু জাতি তায় বুঝতে সক্ষম হয়না।",রাজনীতিবিদদের সমালোচনা করতে চাইলে ধর্মীয় অপমান না করে নীতিগতভাবে বলা উচিত।,moral_appeal,hate_speech
1777,"এই অপদার্থগুলো আজীবন শাহবাগীদের বুদ্ধিবৃত্তিক বলয় থেকে বের হতে পারবে না৷ শাহবাগীদের সীমানা আকা সুশীল চেতনা থেকে বের না হওয়া পর্যন্ত, এরা কখনো ভারতীয় আধিপত্যবাদের বিরুদ্ধে লড়াই করতে পারবে না।",দল বা মতাদর্শ নিয়ে বিরোধ থাকলেও অপদার্থ বলা বাদ দিয়ে যুক্তি দিয়ে কথা বলা ভালো।,discouraging_abuse,abusive_language
1778,বোকাচোদা তোরা নিজেরাই মা-রা মারি করবে আমরা বসে বসে হাত তালি দিবো,নিজেদের মধ্যে মারামারির কথা বলে আনন্দ নেওয়া খুবই ভয়ংকর।,warning_of_consequences,threat
1779,এই পাটওয়ারির মত মানুষ এর জন্ন্যে বাংলাদেশের এই অবস্থা। সুশিল পেলার সময় নাই।এরা হচ্ছে দেশ এ নস্টামির প্রোমোটার।,"কোনো মানুষকে দোষী করতে হলে গালি নয়, নির্দিষ্ট সমস্যা দেখানো উচিত।",discouraging_abuse,abusive_language
1780,"ও তুই নাস্তিক, বেশ্যা তসলিমার ঘরের বেশ্যা! তাইলে তো ঠিক আছে, আকাটারা তোগোরেই খোঁজে! তোদেরও তাদেরটাই ভাল্লাগে! তাইতো তোদের কশাই মোদিরটা ভাল্লাগে!",কোনো বিশ্বাস বা ব্যক্তিকে নিয়ে এমন অপমান করা খুবই অশালীন।,moral_appeal,hate_speech
1781,নাসিরউদ্দিন পাটওয়ারির মতোন ছাগল চোর থেকে এর থেকে ভালো কি আশা করা যায়!,"কাউকে ছাগল চোর বলা সমস্যা সমাধান করে না, বরং বিতর্ককে নোংরা করে।",discouraging_abuse,abusive_language
1782,"এরে তো আগে থেকেই দেখতে পারিনা, আস্ত একটা বেয়াদব",কারও আচরণে বিরক্ত হলে সেটি গালি ছাড়া প্রকাশ করা উচিত।,discouraging_abuse,abusive_language
1783,এই নাসির উদ্দীন গাঁজাখোররে আমি প্রথম থেকেই অপছন্দ করি।,"কারও নেশা বা আচরণ নিয়ে মন্তব্য করতে হলে অপমান নয়, নির্ভরযোগ্য তথ্য ব্যবহার করা ভালো।",fact_based,abusive_language
1784,ধীরে ধীরে নাসিরুদ্দিন পাটোয়ারীর আসল রূপ বের হচ্ছে - সেকুলার শাহবাগী,কারও রাজনৈতিক পরিচয় নিয়ে লেবেল না লাগিয়ে নির্দিষ্ট আচরণ নিয়ে কথা বলা উচিত।,fact_based,abusive_language
1785,এই বাংলাদেশ যদি ইন্ডিয়ার কোন অঙ্গরাজ্য হতো তখন এই শাওয়ার পুত বুঝতো যখন নিজের সামনে নিজের মা বোনকে এই উগ্রবাদী হিন্দু সন্ত্রাসীরা রেপ করত তখন বুঝতো,"ধর্মীয় ও পারিবারিক সহিংসতার কল্পনা খুবই বিপজ্জনক, এভাবে কথা বলা উচিত নয়।",warning_of_consequences,threat
1786,"২৪ কলুষিত হচ্ছে।এই সকল পাকি বিজ জানোয়ারের বাচ্চাদের জন্য। জামাত, জিন্নাহ পাকিস্তান এরা বাংলাদেশের জন্য অভিশাপ।",রাজনৈতিক বা ঐতিহাসিক মতভেদ থাকলেও গালাগালি না করে নির্দিষ্ট সমালোচনা করা উচিত।,discouraging_abuse,abusive_language
1787,এরা এমন সুশীল আর কুশীল যাদের জাত বংশ বলতে কিছু নেই। এদের কথা হচ্ছে যেখানে ভাত সেখানে পাত।,কারও বংশ বা জাত নিয়ে আক্রমণ না করে মতের অসংগতি দেখানো ভালো।,moral_appeal,abusive_language
1788,নাউজুবিল্লাহ এ কোন অপদার্থ। ইউনুসের পোষা কুত্তা।বেশ্যা নারীর মতো সব নাঙের মন জয় করার যোগ্যতা রাখে।ঐ মুখে ইনসাফ মানায়।,কারও চরিত্র বা মুখ নিয়ে এমন অপমান খুবই অশোভন।,empathy,abusive_language
1789,"মাইর শুধু পাটোয়ারী খাবে কেন। জামায়াতের ভন্ড,মুনাফিক, বৈশাখী উজ্জাপন পালন।নেক সুরুতে ধোঁকা উলামায়ে কেরাম ও মাইর খাক।","কাউকে মাইর দেওয়ার কথা বলা ভুল, আর দল বা ধর্মকে গালি দিয়েও কিছু হয় না।",warning_of_consequences,threat
1790,এই মাদকাসক্ত পাটোয়ারীর পিছনে যেসব কথিত তাওহীদ পন্থীরা দৌড়াদৌড়ি করে ওরা হচ্ছে এক প্রকার বুদ্ধি প্রতিবন্ধী!,কারও মতকে সমর্থন করলেই তাকে বুদ্ধি প্রতিবন্ধী বলা ঠিক নয়।,moral_appeal,abusive_language
1791,এরপরেও পাটোয়ারীর কিছু চামচা টোকাই রা এসে কমেন্ট বক্সে গালাগালি করে ভরিয়ে দিবে,গালাগালি হবে ধরে নিয়ে আগে থেকেই অপমান না করাই ভালো।,discouraging_abuse,abusive_language
1792,পূজার সময় পাঠা কাটার সময় এই অনুভূতি কি পাছার ছিদ্রের মধ্যে লুকিয়ে থাকে?,ধর্মীয় উৎসব নিয়ে এ ধরনের অশালীন প্রশ্ন করা খুবই অপমানজনক।,moral_appeal,hate_speech
1793,তোরা হচ্ছিস রাক্ষসের জাত মায়া থাকবে কি করে,মানুষকে রাক্ষসের জাত বলা সহনশীলতার পরিপন্থী।,moral_appeal,hate_speech
1794,"কথা ত ঠিক, আমাদের শাস্ত্রে জীব হত্যা নিষেধ করা আছে,অনেক বোকাচোদা হিন্দু একমত হবে না,খালি ঈদের সময় তাদের গো হত্যা নিয়ে জ্বলে",ধর্মীয় আলোচনা করতে গিয়ে পুরো গোষ্ঠীকে বোকাচোদা বলা ঠিক নয়।,discouraging_abuse,hate_speech
1795,"টাইমলাইনে একেকজন ওলি আওলিয়া পীর সুফী দরবেশ। আর কমেন্ট বক্সে একেকটা বাইঞ্চোদ, এরা ভাবে এসব মানুষ দেখলেও চিনবে না।",অনলাইনে দ্বিচারিতা নিয়ে কথা বলতে চাইলে গালি না দিয়ে নির্দিষ্টভাবে বলাই ভালো।,discouraging_abuse,abusive_language
1796,এ দেশের থেকে জঘন্য মানসিকতার মানুষ আর কোথাও পাওয়া যাবে না। অসভ্য বর্বর,"পুরো দেশের মানুষকে বর্বর বলা ন্যায্য নয়, বরং নির্দিষ্ট সমস্যাকে লক্ষ্য করা উচিত।",fact_based,abusive_language
1797,"রিক্সাওয়ালা, ট্রাক ড্রাইভার থেকে শুরু করে সব বস্তিতে ইন্টারনেট দিলে তো এসব এ হবে।","পেশা বা বসতির মানুষকে ছোট না করে, অনলাইনে আচরণগত সমস্যা আলাদা করে বলা ভালো।",moral_appeal,abusive_language
1798,এরা নিজেরাই জারজ। রক্ত যেমন কথা বলবেও তেমন।,জন্ম নিয়ে অপমান করা বা রক্তের দোহাই দেওয়া খুবই অমানবিক।,empathy,abusive_language
1799,এগুলো একেকটা অশিক্ষিত। এদের পরিবার তো জীবনেও বোধ হয় শেখায়নি একটা মেয়ের সাথে কীভাবে ব্যবহার করতে হয়। রাস্তার পোলাপাইন এগুলো।,অশিক্ষিত বা রাস্তার পোলাপাইন বলে অপমান না করে আচরণ নিয়ে কথা বলা উচিত।,discouraging_abuse,abusive_language
1800,"রাস্তার টোকাই, ফকির,বস্তির, প্রাইমারি পাস এদের সবার কাছে ইন্টারনেট থাকলে এমনই হবে, উচ্চশিক্ষিত ছাড়া কারো ইন্টারনেট ব্যবহারের অধিকার না থাকলে এইসব লো ক্লাসরা তাদের জাত অনুযায়ী কমেন্ট করতে পারত না",শিক্ষা বা পেশা দেখে ইন্টারনেটের অধিকার ছেঁকে নেওয়ার কথা বলা একেবারেই ঠিক নয়।,moral_appeal,abusive_language
1801,তুই নিজেইতো আস্ত একটা চুদির ভাই পেজের নাম দেখলেইতো বুঝা যায়! ফেইসবুকে অশ্নিলতা প্রমোট করিস আবার মুখে বড় বড় কথা,কারও পেজ বা পোস্ট অপছন্দ হলে গালি না দিয়ে সরাসরি সমালোচনা করা ভালো।,discouraging_abuse,abusive_language
1802,সুশিক্ষার অভাব। মন মানসিকতা নর্দমার চেয়ে ও খারাপ। কিছু মানুষ আবার হাহা দিছে,"অন্যের মানসিকতা নিয়ে অপমান না করে, আপনি কেন অসন্তুষ্ট সেটা পরিষ্কারভাবে বলুন।",discouraging_abuse,abusive_language
1803,"যারা এগুলো লিখছে তারা জামাতি ইসলামিষ্ট।অনেক ফলো করে দেখছি,এরাই ধর্ষক হয় এরাই আবার বিচার চায়।এগুলো বেশীরভাগ জারজ",কোনো রাজনৈতিক বা ধর্মীয় গোষ্ঠীকে ধর্ষক ও জারজ বলা প্রমাণ ছাড়া ঠিক নয়।,fact_based,hate_speech
1804,বাংলাদেশের ১০০ এর মোধ্য ৯৮.৫০% পুরুষ এর এই নোংরা মানসিকতা। এমন একটা ভয়ংকর দেশ,পুরুষদের একসাথে নোংরা বলা অতিরঞ্জন; সমস্যা থাকলে তা নির্দিষ্টভাবে বলা উচিত।,fact_based,abusive_language
1805,"নোংরা বিকৃত মস্তিষ্কের এরা। দেখা যাবে রাস্তাঘাটে মেয়েদের উত্তক্ত এইযে এরাই করে। অশিক্ষিত পোলাপাইন, আমি বুঝি না একজন মেয়ে যেমনই পোশাক পরুক এতে তার পাপ হবে কি হবে না সেটা সে নিজে বুঝে নিবে","মেয়েদের পোশাক নিয়ে বিচার না করে, উত্ত্যক্ত করা বন্ধ করতে হবে।",moral_appeal,gender_abuse
1806,"বাংলাদেশের মানুষের মন মানসিকতা এতো বাজে হয়ে গেছে, এই দেশের মানুষের প্রতি এখন ঘিন লাগে,","হতাশা প্রকাশ করা যায়, কিন্তু পুরো দেশের মানুষকে ঘৃণা করা ঠিক নয়।",empathy,abusive_language
1807,"অশিক্ষিত ছোটলোক,খচ্চরদের দিয়ে দেশ ভরে গেছে।এত মেজাজ খারাপ হয় এদের দেখলে। একেকটা ইভটিজার এরা।",কাউকে ছোটলোক বা খচ্চর বললে সমাধান আসে না; আচরণ নিয়ে কথা বলাই ভালো।,discouraging_abuse,abusive_language
1808,৯০% মেন্টাল ডিস অর্ডারের দেশ বাংলাদেশ,মানসিক স্বাস্থ্য নিয়ে এমন সাধারণীকরণ করলে বাস্তব সমস্যাটাও হালকা হয়ে যায়।,fact_based,abusive_language
1809,কিছু বলার ভাষা নেই।এই জানোয়ার গুলোকে জুতা পেটা করতে পারলে শান্তি পেতাম,"জুতা পেটার কথা বললে সহিংসতা বাড়ে, তাই ক্ষোভকে অন্যভাবে প্রকাশ করা উচিত।",warning_of_consequences,threat
1810,সমকামী আর ট্রান্স দিয়ে ভরে গেছে শাহবাগ আর রমনা।,সমকামী বা ট্রান্স মানুষকে নিয়ে এমন মন্তব্য করা ঠিক নয়; সবার প্রতি সম্মান থাকা উচিত।,moral_appeal,hate_speech
1811,এরা সকলেই পতিতালয় থেকে শাহবাগে এসেছে,"কাউকে পতিতালয় থেকে এসেছে বলা অপমানজনক, এভাবে কথা বলা উচিত নয়।",empathy,abusive_language
1812,এই ভোদাই তোর ধন ছিড়ে ফেলবো চুপ,"এভাবে হুমকি দিলে শুধু ভয় বাড়ে, সমস্যার সমাধান হয় না।",warning_of_consequences,threat
1813,ইকরা আপু তুমি তো অনেক নস্ট হইয়া গেছ,"কারও চরিত্র নিয়ে এমন মন্তব্য খুবই কষ্টদায়ক, ভদ্রভাবে কথা বলা উচিত।",empathy,gender_abuse
1814,এরকম ভিডিও করা থেকে পতিতালয়ের কাজ কর গিয়ে,পতিতালয়ের সাথে তুলনা করা অপমানজনক; সমালোচনা থাকলে তা সম্মান রেখে বলুন।,moral_appeal,gender_abuse
1815,"মাদারচোদ তুই কার সাথে কার তুলনা করিস, তুই তো তাদের টাই জানবি তুই যাদের মতো।","কারও তুলনা করতে হলে অপমান নয়, যুক্তি ব্যবহার করা ভালো।",discouraging_abuse,abusive_language
1816,ব্যবসা শুরু করতে মুলধন প্রয়োজন। এই নব্য জুলাই চোদনারা বন্যর টাকা মেরে তাদের ধান্দা ব্যবসায় হাতেখড়ি দিয়েছিল।,"অর্থনীতির সমালোচনা করতে চাইলে গালি নয়, নির্দিষ্ট অভিযোগ ধরুন।",fact_based,abusive_language
1817,একটা বাশ তোর পুটকির মধ্যে দিয়ে দাড় করিয়ে রাখা দরকার মাদারচোদ,"এটি ভয়ংকর হুমকি, এ ধরনের কথা আইনগত ঝুঁকি তৈরি করে।",warning_of_consequences,threat
1818,তুই তো গু মুত খাইয়া বড় হইছোস খানকিপোলা,এমন অশালীন ভাষা ছাড়া বিরোধিতা করলে কথাটা বেশি গ্রহণযোগ্য হয়।,discouraging_abuse,abusive_language
1819,এটা না করে তুই প্রতিতালয়ে যা খানকি বোকাচোদা,কারও গন্তব্য নিয়ে অপমান না করে ভদ্রভাবে পরামর্শ দেওয়া উচিত।,discouraging_abuse,gender_abuse
1820,আরে তোর মত বেশ্যা হিন্দু ধর্মে থাকার দরকার নাই,কারও ধর্মীয় পরিচয় নিয়ে অপমান করা খুবই কষ্টদায়ক এবং অশোভন।,moral_appeal,hate_speech
1821,কিরে খানকির পোলা কি কছ শালা হিজরার বাচ্চা হিজড়া,"লিঙ্গ পরিচয়কে গালি বানানো খুবই কষ্টদায়ক, এটা থামানো দরকার।",empathy,abusive_language
1822,তোকে সামনে পেলে তোকে জবাই দিয়ে তোর মাথা দিয়ে ফুটবল খেলতাম।,"জবাই করার কথা বলা অত্যন্ত বিপজ্জনক, এটা কখনোই বলা উচিত নয়।",warning_of_consequences,threat
1823,মুত খাওয়া জাতি ভালো কিছু বলবেনা কারণ নিকৃষ্ট মুখে নিকৃষ্ট কথাই বের হবে,"একটি জাতিকে গোবরখোর বলা বাস্তবতা নয়, বরং বিদ্বেষ বাড়ায়।",fact_based,hate_speech
1824,পৃথিবীর এক নম্বর মুত খাওয়া অসভ্য জাতি তোরা।,"একটি জাতির সবাইকে অসভ্য বলা ন্যায্য নয়, তাই সাধারণীকরণ এড়ানো উচিত।",fact_based,hate_speech
1825,আমার ঘরে কুত্তা দিয়ে চোদামু এই খানকির পোলারে পাঠাইয়া দেন,"এমন নির্যাতনের কথা বলা অমানবিক, তাই এখানেই থামা দরকার।",warning_of_consequences,threat
1826,এই সব মাদারচোদ রাই ভবিষ্যতে ধর্ষণ করে,ধর্ষণ বা ভবিষ্যৎ অপরাধ নিয়ে এমন অভিযোগ প্রমাণ ছাড়া করা যায় না।,fact_based,threat
1827,এইটা খানকির পোলা ওর মার লগে করছে শিউর বাইনচোদ,"অভিযোগ থাকলে সেটি ভদ্রভাবে বলা উচিত, গালি দিয়ে নয়।",discouraging_abuse,abusive_language
1828,এই সমগ্র হিন্দুদের চিন্তাভাবনা এটা! হিন্দু ধর্মে এইসব করা যায় আবার। ওদের ধর্মে মা বোন কাউরে ছাড় দেয় না।,কোনো ধর্মকে নিয়েই এমন সমগ্রিক অপমান করা ঠিক নয়।,moral_appeal,hate_speech
1829,"খানকিরপোলার গায়ে চিনি ছিটায়ে পিপড়ার বাসার কাছে বেধে রাখতে হবে,পিপড়া রা খুব খাবে।","শারীরিক নির্যাতনের পরিকল্পনা খুবই ভয়ংকর, এতে পরিস্থিতি আরও খারাপ হয়।",warning_of_consequences,threat
1830,এদের জন্ম কোন বাইঞ্চুদ দিছে রাস্তায় তার মাকে চুদে ছিলো নাকি জনগণের সামনে,কারও জন্ম নিয়ে এমন মন্তব্য খুবই কষ্টদায়ক।,empathy,abusive_language
1831,"এই বেজন্মা বললো আর ওই মেয়ে গুলোও যদি রাজি হয় তাইলে ওইগুলোও বেজন্মা, আর বেজন্মার পেট থেকেই বেজন্মা বের হয়, জারজ সন্তান হয় বেশ্যা হয়।","এভাবে নারীকে টেনে কথা বলা খুবই অপমানজনক, এটা বন্ধ করা উচিত।",moral_appeal,gender_abuse
1832,এইরকম বেশ্যা বিয়ে করার থেকে একা থাকা ভালো।,একটি মানুষকে ‘বেশ্যা’ বলে দাগানো খুবই ন্যক্কারজনক।,moral_appeal,gender_abuse
1833,আহারেএ কেমন বাইনচোদ মার্কা বন্ধুর সাথে শেয়ার করলি মনের কথা!! দিলো তো সমাজের সবার সামনে মান সম্মান শেষ করেএ!!,"কারও ব্যক্তিগত কথা ছড়িয়ে দিলে আঘাত লাগে, তাই সংযত থাকা ভালো।",empathy,abusive_language
1834,"এই জন্যই আমি কোনো খালাতো মামাতো ভাইকে লাইক করি না, আমার গফ এর কতোগুলা মাদারচোদ ভাই আছে ওগুলারে দেখতে পারি না বাইনচোদ চোদনা ওগুলা",পরিবারের সদস্যদের নিয়ে এমন কথা বললে সম্পর্ক আরও খারাপ হয়।,discouraging_abuse,abusive_language
1835,এমন পোলা আমার হইলে বিষ খাওয়াইয়া মাইরা ফালাইতাম,"কারও জন্য বিষের কথা বলা খুবই বিপজ্জনক, এটা থামানো দরকার।",warning_of_consequences,threat
1836,"তুই একটা খানকির পোলা, খানকির মার খানকির পোলা","একই অপমান বারবার করলে কথার শক্তি কমে যায়, ভদ্রভাবে বলাই ভালো।",discouraging_abuse,abusive_language
1837,"যারা হ্যারেস করছে তারা মুসলিম কারণ আপনার মতো ওরাও আপনার জারজ ভাই ই, এজন্য সবাইকে চেনেন",ধর্মীয় পরিচয়কে হ্যারাসমেন্টের সঙ্গে জুড়ে দেওয়া ঠিক নয়; নির্দিষ্ট অভিযোগ বলা উচিত।,fact_based,hate_speech
1838,"নাস্তিকের বাচ্চা, ইসলাম এটা সম্পূর্ণভাবে হারাম ঘোষণা করেছে এবং এর শাস্তি অনেক কঠোর যেটা ইসলাম নিষিদ্ধ করেছে সেটা যদি কোন লোক করে সেটার দায়ী কেন তুই আর মুসলিমদের উপর দিয়ে দিলি","ধর্মের কথা না জেনে গালি দেওয়া নয়, আগে যুক্তি ও তথ্য দেখে বলা উচিত।",fact_based,hate_speech
1839,ভোদাই এর বাচ্চা কোন জায়গায় ইসলাম এইগুলা শিখায় দেখছোছ? ব্রেনলেস এর মতোন সব যায়গায় খালি কপি পেস্ট করছ,ব্রেনলেস বলে আক্রমণ না করে ভুলটা কী সেটাই দেখান।,discouraging_abuse,abusive_language
1840,"মাদারচোদ ইভটিকারদের সমর্থন দিস,বেজন্মা নর্দমাত কীট","ইভটিজিংকে সমর্থন করা খুবই অমানবিক, এ ধরনের ভাষা বন্ধ করা দরকার।",moral_appeal,abusive_language
1841,বুস্কির ছেলে ব্যাগি প্যান্ট পরলে শাহাবাগী? বোকাচোদা,ব্যাগি প্যান্ট আর রাজনৈতিক পরিচয় এক জিনিস নয়; এমন তুলনা ভিত্তিহীন।,fact_based,abusive_language
1842,ওহ তুই ও মনে হয় ওই টোকাই গুলার মধ্যে একটা!,কারও অবস্থান নিয়ে এমন তুচ্ছতাচ্ছিল্য না করে মূল বিষয়ের ওপর কথা বলুন।,discouraging_abuse,abusive_language
1843,আরেক ভুস্কির পোলায় কয় মাইয়া মানুষ নাকি একা বাহির হওয়া উচিত না,"মেয়েদের নিরাপত্তা নিয়ে কথা বলতে হলে অপমান নয়, সমাধান দরকার।",empathy,gender_abuse
1844,এই খানকির পোলা তুই কি ড্রেনে জন্মােইসস? নাকি ড্রেনের পচা পানি খাইয়া তোর ব্রেন পইচা গেছে? তোরে কচুক্ষেতে ফালাইয়া পালাইয়া মাথা ভসকাইয়া লামু খানকির পোলা,ড্রেনের সঙ্গে জন্মের তুলনা করা খুবই অপমানজনক ও কষ্টদায়ক।,empathy,abusive_language
1845,যেইসব ছেলে পিছনে আসছে আমি নিশ্চিত ওরা অবৈধ সন্তান।,"অবৈধ সন্তান বলা প্রমাণ ছাড়া কঠিন অপবাদ, তাই সাবধানে কথা বলা দরকার।",fact_based,abusive_language
1846,"রাস্তায় শাহাবাগী হাটুক,আর কোনো হিজাবি হাটুক, বা কোনো যৌনকর্মী হাটুক, আমাদের দেশ এর কিছু ডেসপিকেবল মাদারচোদের বাচ্চা আছে তারা এরুকম করবেই, এগুলার হোগায় গরম গরম কসাইয়া পটানি দেয়া দরকার।",এভাবে হুমকি দেওয়া বা গোষ্ঠী ধরে অপমান করা খুবই বিপজ্জনক।,warning_of_consequences,threat
1847,ওদের মা বোনদের পেলে পথে পেলে এভাবে ইভটিসিং করতে হবে,নারীদের পথে পেলে ইভটিজিং করার কথা বলা খুবই অমানবিক।,warning_of_consequences,threat
1848,"বোকাচোদা তুই তো ভাইরাল হওয়ার জন্য আসছস পাবলিক এগুলা বুঝে, পাবলিক এত বোকাচোদা না",মানুষকে বোকাচোদা না বলে প্রশ্ন করলে বক্তব্যটা বেশি শক্তিশালী হয়।,discouraging_abuse,abusive_language
1849,"খানকির পোলা তুই একবার আমার সাথে দেখা করিস খালি, এর পরে তোরে দেখাইতেছি মাদারচারোড বুস্কির পোলা","সামনে দেখা করে কী দেখাবে বলা হুমকি, আর এভাবে কথা বলা ঠিক নয়।",warning_of_consequences,threat
1850,মেয়েটা যেমন কামলা চুদা শাহবাগী টিক ছেলেরাও টুকাই এখানে!! আপনাদের খেয়ে কাজ নেই এসব নিয়ে নিউজ করছেন,নারী বা ছেলেদের চরিত্র নিয়ে এমন কথা বলা অশ্লীল ও অপমানজনক।,moral_appeal,gender_abuse
1851,"চুদানির পোলারা মাইয়াডারে ডিমেন করে, হ্যারাসমেন্ট প্রমোট করতেছে। বাহ বোকাচোদা বাঙ্গু বাহ",হ্যারাসমেন্টের বিরুদ্ধে কথা বলতে হলে অপমান না করে স্পষ্টভাবে বলা উচিত।,discouraging_abuse,abusive_language
1852,তর মা'র সাথে নিশ্চয়ই মিলে গেছে সেজন্য তোদের কথাটা লাগছে গাতদের মায়ের নত বেশ্যা,মা-বাবাকে টেনে এমন অপমান খুবই কষ্টদায়ক।,empathy,abusive_language
1853,তর দেখি বেশি লাগছে। তর মা কি হোটেল এ কাজ করতো নাকি,কারও মাকে টেনে অপমান করা খুবই নিচু মানের আচরণ।,empathy,gender_abuse
1854,আগে তর নুনু কাইটা এরপর মাইয়ার নাম দিয়া ফেইক আইডি খুল মাদারচোদ,এভাবে অঙ্গহানির হুমকি ও ফেক আইডির কথা বলা বিপজ্জনক।,warning_of_consequences,threat
1855,এদের লেখাপড়া করে কি লাভ? এরা হবে ভদ্র খানকি,শিক্ষা থাকলেই মানুষকে অপমান করা যায় না; সমালোচনা ভদ্রভাবে করা উচিত।,moral_appeal,gender_abuse
1856,হেডা শাউয়া ছিল তোমার মাগি তুমি যে পোশাক পড়ছো আর লব বার কইরা রাখছো আর ছেলেরা তোমাকে ছাইড়া দিব একটু ঢাইকা রাখলে কি হয় বেহায়া নির্লজ্জ মেয়ে,পোশাক নিয়ে এমন কটাক্ষ করা নারীর মর্যাদাকে ছোট করে।,moral_appeal,gender_abuse
1857,শেখ হাসিনা তোর হেডা ছিলো,কারও মাথা বা শরীর নিয়ে এমন কথা বলা খুবই অশালীন।,discouraging_abuse,abusive_language
1858,কিরে বোদাই তর দেশে ত প্রতিদিন হইতাছে । বঙ্গু আবাল,দেশ নিয়ে ক্ষোভ থাকলেও গালি না দিয়ে ভদ্রভাবে বলা ভালো।,discouraging_abuse,abusive_language
1859,নিজের দেশের কোনো অস্তিত্ব নাই বিশ্বে শুধু ফেসবুকে বিপ্লব চোদানো,"দেশকে ছোট করে বললে সমাধান আসে না, নির্দিষ্ট সমস্যা নিয়ে কথা বলুন।",fact_based,abusive_language
1860,এই হিন্দু পতিতার বাচ্চারা তদের ধর্মের শুরু হইছে নোংরামী থেকে,একটি ধর্মের মানুষকে পতিতার বাচ্চা বলা খুবই বিদ্বেষমূলক।,warning_of_consequences,hate_speech
1861,"আমার ফ্যামিলি, আমি কোটিপতি আমাদের ব্যবসা করা লাগে না,তোরা ফকিন্নির পুত তোর মা ,বোনকে দিয়ে ব্যবসা করা।",ফ্যামিলি টেনে অপমান না করে নিজের অবস্থান ভদ্রভাবে বলা উচিত।,empathy,abusive_language
1862,কিরে আবাল তর দেশে ত প্রতিদিন এই হইতাছে । আর রামিশার কি খবর বোদাই বঙ্গু,অপমানের বদলে প্রশ্নটা পরিষ্কারভাবে বললে কথাটা বেশি শোনাবে।,discouraging_abuse,abusive_language
1863,তোর মার পুটকি মারছিদ মন্দিরে খানকির ছেলে!,ধর্মীয় স্থাপনা টেনে এমন অশালীন কথা বলা খুবই নিন্দনীয়।,moral_appeal,hate_speech
1864,তোর মা আর তোর বোন পতিতালয়ের বেশ্যা।,কারও মা-বোন নিয়ে এমন অপমানজনক কথা খুবই কষ্টদায়ক।,empathy,gender_abuse
1865,হুম ঠিক বলেছো ঐখানে তোমার অবৈধ সন্তানের বাবা থাকে বলে কথা‌।,অবৈধ সন্তান বলে আক্রমণ না করে নির্দিষ্ট তথ্য থাকলে সেটা ভদ্রভাবে বলুন।,fact_based,abusive_language
1866,"আরে খানিকির পোলা তোরা খাস হলো গরুর গবর তোদের ব্রেন হলো পুটকিতে, কোথায় কী বলতে হয় কিছু বুঝিস না","অপমান করে বললে কেউ শোনে না, তাই সংযত ভাষা ব্যবহার করা উচিত।",discouraging_abuse,abusive_language
1867,কিরে খানকির পোলা মালাউনের বাচ্চা তোর বাপ রেন্ডিদের দেশে না যাইয়া এইখানে হোগা মারা খাইতে আসো কেনো? শালা ডেন্ডির বাচ্চা,ধর্ম ও পরিবার টেনে গালি দেওয়া খুবই অশ্লীল এবং ক্ষতিকর।,moral_appeal,hate_speech
1868,এদের জন্ম হয়েছি রাতের আধারে তাও আবার জঙ্গলে,কারও জন্মস্থান নিয়ে এমন কটাক্ষ করা ঠিক নয়।,discouraging_abuse,abusive_language
1869,ভারত মানেই কিছু বিবেকহীন নির্লজ্জ বেহায়াদের আবাসস্থল,একটি দেশকে এভাবে একসাথে দোষী করা ন্যায্য নয়।,fact_based,hate_speech
1870,এটা যদি বাংলাদেশে হতো আগে পুলিশরে পুটকি মারত সবাই মিলে,"পুলিশকে মারার কথা বলা ভয়ংকর, এটা কোনো সমাধান নয়।",warning_of_consequences,threat
1871,এই মহিলাটাকে কেউ চুদে দেয় না কেনো?,নারীকে নিয়ে এমন হুমকিমূলক মন্তব্য খুবই অমানবিক।,empathy,threat
1872,ভারতীয় মানুষ গুলোই শুকরের মত আচরনের জাতি,একটি জাতিকে শুয়োরের সঙ্গে তুলনা করা ঘৃণা ছড়ায়।,moral_appeal,hate_speech
1873,"হিন্দু বলে কথা, এইসব হিন্দুরা কুত্তার জন্মের এইজন্যই এই অবস্থা, এদের কোন ধর্ম নেই, বিধর্মি কাফের।",একটি ধর্মীয় গোষ্ঠীকে কুকুরের জন্ম বলা খুবই অপমানজনক।,moral_appeal,hate_speech
1874,পৃথিবীর ভিতরে একটি মাত্রই দেশ ভারত যাদের পরিচয় নেই কুলাঙ্গার মার্কা রাষ্ট্র পরিচালক দায়িত্বগত অফিসার এভাবে হাসছে,কোনো দেশ বা কর্মকর্তাকে কুলাঙ্গার বলা বাস্তব সমালোচনার বিকল্প নয়।,fact_based,abusive_language
1875,এই পোস্ট করে লোকটা একজন ইতর মালাউন লীগের মাদারচোদ শুয়োরের বাচ্চা সদস্য। তাই আমরা আমজনতা সবাই ওর মারে চুদি। শুয়োরের বাচ্চারা ইন্ডিয়ায় যে পলাইয়া থাকিস কেন? মালাউন তাই?,রাজনৈতিক বিরোধ থাকলেও পরিবার ও ধর্ম টেনে এমন ভাষা ব্যবহার ঠিক নয়।,warning_of_consequences,threat
1876,"বোকাচোদা বলদে চুদে জন্ম দিছে নাকি তোরে দেশ সৌদিতে কামলা আবার বলস লন্ডন, পুটকি দিয়ে জন্ম হলে যা হয় আর কি?","জন্ম নিয়ে এমন কটূক্তি খুবই কষ্টদায়ক, তাই এ ধরনের ভাষা বন্ধ করা দরকার।",empathy,abusive_language
1877,"এই সিরিজটা খালি জেন্ডায়ার কারণে দেখি নাই, এত ক্রিন্জ চেহারা আর অভিনয় তার। ওয়াক থু",কাউকে ক্রিঞ্জ বলে থুতু দেওয়ার কথা বলা অপমানজনক; সমালোচনা ভদ্রভাবে করা ভালো।,discouraging_abuse,gender_abuse
1878,মাদারচোদদের যদি গ্রেফতার না করুন কটিন একটা পরিস্থিতি আসবে বাংলাদেশ বলে রাখলাম,"গ্রেফতার চাইলে আইনগত পথেই বলতে হয়, হুমকি দিয়ে নয়।",warning_of_consequences,threat
1879,তোর মা বোনকে এইভাবে পিটানো হবে কুত্তার বাচ্চা জানোয়ার,পরিবারকে টেনে পিটানোর হুমকি দেওয়া খুবই ভয়ংকর।,warning_of_consequences,threat
1880,এ মাদারচোদ তোর কি মা বোন নাই খানকির পোলারা,কারও মা-বোন নিয়ে প্রশ্ন করা খুবই অপমানজনক।,empathy,abusive_language
1881,"খানকি মাগীর পুলারা, আমি তোদেরকে পাইলে আমি নিজে তোদেরকে সুজা করতাম",নিজে হাতে শাস্তি দেওয়ার কথা বলা হিংসা উসকে দেয়।,warning_of_consequences,threat
1882,"খানকিমাগী পুতেরা কিভাবে নির্যাতন করিতে একজন নারীর প্রতি, দেখার কেউ নাই জানোয়ারের বাচ্চাদেরকে মোকাবিলা করার","নারীর প্রতি নির্যাতনের অভিযোগে রাগ থাকা স্বাভাবিক, তবে অপমান না করে ব্যবস্থা নেওয়া উচিত।",empathy,gender_abuse
1883,এরা পশু এরা জানোয়ার এরা পাশান এরা পাকিস্তানের চোদা গরু।,একটি গোষ্ঠীকে পশু বলা খুবই অপমানজনক ও ঘৃণামূলক।,moral_appeal,hate_speech
1884,এই বলদ মূর্খ তোর আম্মারে এইভাবে করা উচিত।,"কারও মাকে টেনে এমন হুমকি দেওয়া ঠিক নয়, এটা থামানো দরকার।",warning_of_consequences,threat
1885,এখানে যতগুলা মাদারচোদ আছে ওদের বোনকে নিয়ে আসে এভাবে নির্যাতন করলে ভালো হবে,অন্যের বোনকে টেনে নির্যাতনের কথা বলা খুবই অমানবিক।,warning_of_consequences,threat
1886,তোদের জন্ম মনে হয় কুত্তার পেটে হইছে তা না হলে একজন মহিলার এভাবে কেউ মারতে পারে না,মানুষকে কুকুরের সাথে তুলনা করা বা জন্ম নিয়ে অপমান করা অমানবিক।,empathy,abusive_language
1887,খানকির পোলারা তৈরি থাকিস এই পিডান তোর মা বোনদেরকে দেওয়া হইবে,মা-বোনকে টেনে হুমকি দেওয়া ভয়ংকর; এ ধরনের কথা এখনই বন্ধ করা উচিত।,warning_of_consequences,threat
1888,কিরে মা'লাউনের বাচ্চা তুই এখানে কি করবে,ধর্মীয় পরিচয় দিয়ে এমন অপমান করা ঠিক নয়।,moral_appeal,hate_speech
1889,"নোংরামি করার জন্য গ্রুপ খোলা হইছে,,আর যে খুলছে,সে হইলো একটা হিন্দু",কোনো ধর্মকে টেনে সন্দেহ করা ছাড়াই গ্রুপের আচরণ নিয়ে কথা বলা উচিত।,fact_based,hate_speech
1890,"তুই তো কাফের, মুসলিম নামে আইডি চালাস",কারও বিশ্বাস নিয়ে এমন অপমান না করে আইডি বা আচরণ যাচাই করা উচিত।,discouraging_abuse,hate_speech
1891,"সাবধান এসব গ্রুপে কেউ এড হবেননা, মালাউন হিন্দুদের নোংরামির একটা গ্রুপ এসবে ঈমান নষ্ট হয়ে যায়",সতর্ক করতে চাইলে ধর্মীয় গালি বাদ দিয়ে নির্দিষ্ট ঝুঁকি বলাই ভালো।,moral_appeal,hate_speech
1892,"জানোয়ারেরা! কোন ভদ্র ঘরের মেয়েরা সেই গ্রুপে জয়েন করবে না,, লুচ্চা গুলা জয়েন হবে",ভদ্র বা লুচ্চা দিয়ে মানুষকে ভাগ না করে গ্রুপের ঝুঁকি বুঝিয়ে বলা উচিত।,moral_appeal,gender_abuse
1893,"এগুলো মালুর জাত মুতের জাত ফকিন্নির বাচ্চারা গ্রুপ খুলে আর বেহায়া মেয়েরা না বুজে এড হয়ে, পরে বিপদে পরে এর চেয়ে আবাল আর কি হতে পারে এত কিছু হচ্ছে দেখতেছে তাও অসাবধানতা",একটি গোষ্ঠীকে মুতের জাত বললে কেউ সচেতন হয় না; তথ্য দিয়ে সতর্ক করা ভালো।,fact_based,abusive_language
1894,"নষ্টামি বাদ দেন, এগুলা শুধুই নষ্টামি, আপনাদের মতো নিকৃষ্ট মহিলাদের জন্য আজকে আমাদের মা বোন দের সম্মান নষ্ট হচ্ছে",নারীদের নিকৃষ্ট বলা বদলে আচরণ নিয়ে কথা বললে সমালোচনাটা বেশি গ্রহণযোগ্য হয়।,discouraging_abuse,gender_abuse
1895,এগুলা হলো ইসকন নামক মালাউন এবং অভিশপ্ত হিন্দুদের ফিতনার জাল। সেখানে এড হওয়ার পরে মেয়েদেরকে অশ্লীল ছবি প্রদর্শন করা হয়।।,কোনো ধর্মীয় গোষ্ঠীকে অভিশপ্ত বলা খুবই বিদ্বেষমূলক; অভিযোগ থাকলে প্রমাণ দিন।,moral_appeal,hate_speech
1896,সমকামী এবং দেশের সবথেকে খ্যাত মানুষজন তৈরি হয় কওমি মাদ্রাসা থেকে।,একটি শিক্ষাপ্রতিষ্ঠানকে ঘিরে এমন সাধারণীকরণ ঠিক নয়।,fact_based,hate_speech
1897,পোস্ট কারীর জন্ম কোন এক লাল নিল জায়গায় হয়েছে তাই সবাই সাবধান এখানে যারা এড হবেন কৌশলে তাদেরকে পুটকি মেরে দিবে,কারও জন্ম বা জায়গা নিয়ে এমন হুমকি ও কটাক্ষ খুবই বিপজ্জনক।,warning_of_consequences,threat
1898,"এই গ্রুপ হিন্দু ছেলেরা চালাচ্ছে এবং এই পোস্টও হিন্দু ছেলের, তাই পতিতা ছাড়া কোন ভালো মেয়ে এদের ফাদে পা রাখবে না","ধর্মীয় পরিচয় টেনে এমন অপমান করা বিভেদ বাড়ায়, সমাধান নয়।",moral_appeal,hate_speech
1899,আমারে এডড দে তোর মা বোন বউ যা আছে সবডিরে প্রেগন্যান্ট করে দিবো মালাউনের বাইচ্চা,পরিবারকে নিয়ে এমন যৌন হুমকি খুবই ভয়ংকর ও অশালীন।,warning_of_consequences,threat
1900,খানকির পোলা তোর মায়রে মোদি দিনে চব্বিশ ঘন্টা চুদে,পরিবারকে টেনে এমন কথা বলা খুবই কষ্টদায়ক এবং অপমানজনক।,empathy,abusive_language
1901,কিরে বেশ্যার পোলা বাস্টার্ড কুকুর। তোর মায়েরে নাকি মালাউনরা চোদে ৫০১ ‍এ,কারও মা আর পরিচয় নিয়ে এমন অপমান করা অমানবিক।,empathy,abusive_language
1902,খানকির পুলা দেশ থেকে পালিয়ে যাইস না। যদি তোর জন্ম কনডম ফাটা না হয় হিসাব বাকি আছে তোর খুব তাড়াতাড়ি তোর হিসাব হবে,দেশছাড়া হতে বলা আর হিসাব নেওয়ার হুমকি দুটোই ভয়ংকর।,warning_of_consequences,threat
1903,তোর মায়ের সামনে দিয়ে হইছিস কিন্তু পিছনে পুটকি দিয়ে ভরে দেওয়া হবে একটু অপেক্ষা কর,"এটি সরাসরি যৌন সহিংসতার হুমকি, যা কখনোই গ্রহণযোগ্য নয়।",warning_of_consequences,threat
1904,তুই এখান থেকে জাইবিনা তোর মারে চোদা হবে তোর কাদে রেখে তোর মারে চোদা হবে,"এভাবে ধর্ষণের হুমকি দেওয়া ভয়ংকর, তাই এখনই থামা দরকার।",warning_of_consequences,threat
1905,কিরে মুদির আকাডা ছেলে মনে হয় তুই মুদির পাছা দিয়া হইছোত,কারও জন্ম বা রাজনৈতিক সম্পর্ক টেনে অপমান করা ঠিক নয়।,discouraging_abuse,abusive_language
1906,মুদির ছেলেদের চোদা হবে আজকে কোন খানকির পোলারা এখানে থেকে জাবিনা,"কারও প্রতি যৌন হুমকি দেওয়া খুবই বিপজ্জনক, এটা থামানো দরকার।",warning_of_consequences,threat
1907,ভাই কে মোদির ছেলে তা জানি না কিন্তু আপনে যে একজন বোকাচোদার মুরিদ তার প্রামাণ আপনি নিজে,অপমানজনক শব্দ বাদ দিলে আপনার বিরোধিতা আরও শক্তিশালী হবে।,discouraging_abuse,abusive_language
1908,ভাই তোর মাকে ইউনুস আর জিয়া চুদছে সেটা কি যানো। রাগ করলা,পরিবার নিয়ে এমন কথা বলা খুবই অশালীন ও কষ্টদায়ক।,empathy,abusive_language
1909,পাকিবীজ না আমরা তোমার আব্বু কারন তোমার আম্মু হাসিনা রে চুইদ্দা আমরা দিল্লি পাঠাইসি,পরিবার ও রাজনীতিকে জুড়ে এমন কথা বলা খুবই ঘৃণামূলক।,moral_appeal,abusive_language
1910,মোদি ছেলেদের ৩ বেলা ঠাপ দিবো খানকির পোলা তোর কাদে রেখে তোর মারে চোদা হবে থাক লাইনে,"হুমকি দিয়ে কথা বললে শুধু উত্তেজনা বাড়ে, তাই এটা বন্ধ করা উচিত।",warning_of_consequences,threat
1911,কই তুই চো দা নির পোলা আকাডা ছেলে তুই মরলে তোরে শশানে নিয়ে আগুন দিয়ে পুড়াবো,মৃত্যুর পর আগুনে পোড়ানোর কথা বলা ভয়ংকর ও অমানবিক।,warning_of_consequences,threat
1912,তোর মা ছিলো পাকিস্তানের পতিতা শুয়োরের বাচ্চা,কারও মাকে পতিতা বলা খুবই কষ্টদায়ক ও অপমানজনক।,empathy,abusive_language
1913,তাহলে এই জাইরা লোক তোর ভাই। তোর ভাই জাইরা আর তুই আরেক টা জাইরার ভাই,কারও পরিবারকে এমন অপমান করা অযৌক্তিক।,discouraging_abuse,abusive_language
1914,হাওয়ার হোলারে দেখলে মনে গাঞ্জা খোর,কারও চেহারা দেখে এমন মন্তব্য করা ভিত্তিহীন।,fact_based,abusive_language
1915,নিঃসন্দেহে এই নোটির ছেলের জন্ম হইছে কঠিন দুর্ভিক্ষের সময়,কারও জন্ম নিয়ে কটাক্ষ করা খুবই অপমানজনক।,empathy,abusive_language
1916,মোদির পোলাদের পোন্দে আঙুল দিয়ে রাখা আমাদের জাইরালোক ভাই,কারও দেহ নিয়ে এমন কটু কথা ব্যবহার করা অশালীন।,discouraging_abuse,abusive_language
1917,ভাই দেশের পরিবেশ পরিস্থিতি নিয়ে গান গেয়ে হালারপোদের চোদেন একটু।। শান্তি পাইতাম ভাই।,"কাউকে এই ধরনের কথা বলা সমাধান নয়, বরং অশান্তি বাড়ায়।",warning_of_consequences,threat
1918,আরে আসলে জাইরা লোক তুই না। তোর মা হলো আসল জাইরা। আর এই জন্য তোর এ অবস্থা,মাকে টেনে অপমান করা খুবই কষ্টদায়ক এবং অপ্রয়োজনীয়।,empathy,gender_abuse
1919,কোটি টাকার অফার আসে তোরে পুটকি মারার জন্য,"এটি সহিংসতার অদ্ভুত হুমকি, যা মোটেও মেনে নেওয়া যায় না।",warning_of_consequences,threat
1920,এই খানকির ছেলেকে নাকি কোটি টাকার অফার দেয়,কারও বিরুদ্ধে অপমান না করে অভিযোগ থাকলে সেটা পরিষ্কারভাবে বলা উচিত।,discouraging_abuse,abusive_language
1921,তুই যে সার্টিফাইড খানকীর পোলা সবাই জানে,এভাবে কারও পরিচয়কে অপমান করা বন্ধ করা দরকার।,discouraging_abuse,abusive_language
1922,এইসব বাল ছাল শিল্পী বাংলাদেশ এই ঠিক আছে,"কোনো শিল্পীকে অপমান করলে আলোচনার মান কমে যায়, নির্দিষ্ট সমালোচনা করুন।",discouraging_abuse,abusive_language
1923,বেশ্যার ছেলেটা এখনো বেচে আছে তাইলে,কারও অস্তিত্ব নিয়ে বিদ্রূপ করা খুবই অমানবিক।,empathy,abusive_language
1924,"তোর খোমা দেখলে সুস্থ মানুষ ৭ দিন ভাত খাইতে পারবে না,, টুকাইয়ের বাচ্চা","চেহারা নিয়ে এমন কটাক্ষ না করাই ভালো, এতে শুধু অপমানই বাড়ে।",discouraging_abuse,abusive_language
1925,আমরা এখন আর শেখ হাসিনাকে চুদিনা,রাজনীতির সমালোচনা হলে তা ভদ্র ভাষায় বলা উচিত।,discouraging_abuse,abusive_language
1926,মুখের ভাষা আর স্টাইল দেখে বোঝা যায় হাজার হাজার পুরুষের সংস্পর্শে আসা এক বিপ্লবী মায়ের জাইরা সন্তান।,কারও মা বা ব্যক্তিগত জীবন নিয়ে এমন মন্তব্য অত্যন্ত অপমানজনক।,empathy,gender_abuse
1927,আমেরিকান মেটিকিউলাস ডিজাইনে তৈরি খাঁটি টোকাই।,কাউকে টোকাই বলে ছোট করা কোনো যুক্তিই দেয় না।,discouraging_abuse,abusive_language
1928,"তোমার জাউরামী একদিন পাবলিক শেষ করবে, যেমন একজনের শাউয়া মাউয়া ছিরা দিছে।","এটি হুমকিমূলক, তাই এ ধরনের কথা এখনই থামানো উচিত।",warning_of_consequences,threat
1929,জাইরার যতোগুলো ফলোয়ার আছে সব জাউরা,ফলোয়ারদের একসাথে অপমান করা যুক্তিসংগত নয়।,discouraging_abuse,abusive_language
1930,এই হলো রাজাকারের আইডল। এই নিয়ে আবার শো করছে। ফকিন্নির পোলা বেজন্মা,রাজনৈতিক বা ব্যক্তিগত অপমান না করে বক্তব্যের বিষয়বস্তু নিয়ে কথা বলা উচিত।,discouraging_abuse,abusive_language
1931,তাহলে এই লাল পড়িটারে তোর কালো পুটকি দিয়ে ভরে দিই।নাকি তোকেই তার লাল সোনাই ভরে দিবো।,"এটি সরাসরি সহিংস ও যৌন হুমকি, যা কখনোই গ্রহণযোগ্য নয়।",warning_of_consequences,threat
1932,তোমার মতো বেপর্দা মাগীও পছন্দ করিনা,পোশাক নিয়ে ব্যক্তিগত অপমান না করে আচরণ নিয়ে কথা বলা উচিত।,fact_based,gender_abuse
1933,ওরা একেকটা খানকি। ইহুদি খৃষ্টানরা স্পন্সর ওদের।,কোনো গোষ্ঠীকে অপমান করে বা ষড়যন্ত্রের কথা বলে অভিযোগ তোলা ঠিক নয়; প্রমাণ থাকলে নির্দিষ্টভাবে বলুন।,fact_based,hate_speech
1934,হুর এর জায়গায় চুতমারানি লাগালে বেশ মানানসই!!,অশালীন শব্দ দিয়ে বক্তব্য দিলে তার বিশ্বাসযোগ্যতা কমে যায়।,discouraging_abuse,abusive_language
1935,বেশ্যাদের সম্মান দিন। বেশ্যারা কারো সাথে প্রতারণা করেনা। হা হা,কোনো পেশা বা পরিচয়কে নিয়ে বিদ্রূপ না করে ভদ্রভাবে কথা বলা ভালো।,fact_based,abusive_language
1936,"কি বলো তোমরা, খানকি দের নিয়ে ভিডিও বানাবো নাকি একটা",কারও বিরুদ্ধে অপমানজনক ভিডিও বানানোর ভাবনা না রেখে সমালোচনা ভদ্রভাবে করা উচিত।,discouraging_abuse,abusive_language
1937,"তোর বেজন্মা বাপ আমেরিকান রা যখন আইল্যান্ডে নিয়ে শিশুকাম করে, তখন তুই কোথায় থাকিস শুয়োর",শিশু নির্যাতনের মতো গুরুতর অভিযোগ প্রমাণ ছাড়া বলা যায় না।,fact_based,threat
1938,অতিরিক্ত মাসিক এর সময় এক সাইড করে পোনদাইলে তোর মতো এরকুম বেজম্মার পুত বায়ু পথে দিয়ে জন্ম হয় পতিতার বাথরুম এ তুই একটা বায়ু পথের জন্ম নেওয়া পতিতার জন্ম,কারও জন্ম বা শরীর নিয়ে এমন কটূক্তি খুবই অপমানজনক।,empathy,abusive_language
1939,তোর মার ভোদা ফুটা করে তোর ধনটা লাগাইয়ে তোর মার ভোদায় বসে থাক বস্তির পোলা কাইল্লা,"এটি স্পষ্ট যৌন সহিংসতার হুমকি, যা খুবই বিপজ্জনক।",warning_of_consequences,threat
1940,আরে অশিক্ষিত খবিশের বাচ্চা খবিশ আগে পড়াশোনা কর।,ভদ্রভাবে ভুল ধরিয়ে দিলে কথাটা বেশি কার্যকর হয়।,discouraging_abuse,abusive_language
1941,"এইটা ছেলে ও না, মেয়ে ও না, এইটা হইলো বেশ্যা",কারও লিঙ্গ পরিচয় বা চরিত্র নিয়ে এমন মন্তব্য করা ঠিক নয়।,empathy,gender_abuse
1942,এই খানকি মাগি কাকে গালিদেস চলাফেরা করিস লেংটা হয়ে তোদের মত বেশ্যাকে রেপ করা পরুষের অধিকার সুদানি,"এটি ধর্ষণকে সমর্থন করার ভয়ংকর কথা, যা অবিলম্বে বন্ধ করা দরকার।",warning_of_consequences,threat
1943,টিপে দেন মানে কি মাদারচোদ? তোর মায়ের পুটকি টিপবে? খানকীর পোলা,অশ্লীল প্রশ্নের বদলে পরিষ্কার ভাষায় জিজ্ঞেস করলে কথাটা গ্রহণযোগ্য হয়।,discouraging_abuse,abusive_language
1944,"এএএএএএএএএএএএএইইইইইইইইইই, তোর মা বোনের টা টিপ শালা পলিথিন আসক্ত নেশাখোর ছাপরী কানের গোড়ায় দিয়া কান পাকাইয়া দিমু হোগার পো",পরিবারকে টেনে হুমকি দেওয়া খুবই অমানবিক এবং অশালীন।,warning_of_consequences,threat
1945,"ধন্যবাদ আপনাকে, ঐ জানোয়ারের বাচ্চারে আরও কিছু বললে আমি আরও খুশি হতাম। এরাই রেপিস্ট।","রেপিস্ট বলে দাগাতে হলে প্রমাণ থাকা জরুরি, আর গালিগালাজ কমানো উচিত।",fact_based,hate_speech
1946,"মাদারচোদ তোর মা আর বোন শিউর ড্রেস পরে ভুসকি মাগির পোলা এইটা ড্রেস সেন্স হইলো? ওই মাইয়ার ফ্যামিলি সমস্যা তাই ওর কথা শুনা হইতেছে, তোর ফ্যামিলি সমস্যা আছে? মাদারচোদ",কারও পোশাক বা পরিবার নিয়ে এমন আক্রমণ না করে নির্দিষ্ট সমালোচনা করা উচিত।,discouraging_abuse,abusive_language
1947,চোদানির পোয়া ক্যামেরা টা একটু উপর থেকে ধরতি,ক্যামেরা ধরার ধরন নিয়ে ভদ্রভাবে বললে কথাটা বেশি শোনা যায়।,discouraging_abuse,abusive_language
1948,ভাই এটাত জারজ মুনাফিক মুসলমানদের শত্রু নামধারী মুসলিম।,কোনো ধর্মীয় পরিচয়কে আক্রমণ না করে নির্দিষ্ট কাজ নিয়ে কথা বলা ভালো।,fact_based,hate_speech
1949,গফরগাঁও আমাদের পার্শ্ববর্তী উপজেলা এখানকার মানুষগুলো খুব খারাপ,একটি এলাকার সব মানুষকে খারাপ বলা সঠিক নয়।,fact_based,abusive_language
1950,বাইঞ্চোদ তোর ভালো না লাগলে তুই চুদবার দে,"এটি অশালীন এবং আক্রমণাত্মক, তাই ভদ্র ভাষা ব্যবহার করা উচিত।",discouraging_abuse,abusive_language
1951,ঐ বড় বোনকো রাস্তায় নিয়ে পুটকি মেরে দাও,রাস্তার মধ্যে কারও ওপর যৌন সহিংসতার কথা বলা খুবই ভয়ংকর।,warning_of_consequences,threat
1952,"মহিলার যা উটের মতো চেহারা, আস্ত বস্তা একটা। ওরে ব্যাড টাস তো দূরে থাক কেউ চোখেও দেখতে চাইবে না।",কারও চেহারা নিয়ে এমন অপমান করা খুবই কষ্টদায়ক এবং অপ্রয়োজনীয়।,empathy,gender_abuse
1953,"বলে লাভ নাই কারণ সে হিন্দু তাই এমন করেছে, অমানুষের বাচ্চা গুলো",ধর্মের ভিত্তিতে কাউকে দোষী করা ঠিক নয়; নির্দিষ্ট ঘটনার প্রমাণ দেখানো দরকার।,fact_based,hate_speech
1954,"সব বাংলাদের বোকাচোদা মুসলিম দের জন্য সালা রা নিজ ধর্ম সম্পর্কে কিছু জানে না, শুধু আন্যদের ক্ষতি করার জন্য পাগল হয়ে যায় বোকাচোদা গুলো",একটি ধর্মের সব মানুষকে বোকা বলা ভুল এবং বিভেদমূলক।,fact_based,hate_speech
1955,ঐ অভিযুক্ত নারীর শাউয়া দিয়ে গুঁড়া মরিচ দেওয়া দরকার,"এ ধরনের নির্যাতনের কথা বলা অমানবিক, তাই তা বন্ধ করা উচিত।",warning_of_consequences,threat
1956,মহিলা মানুষ হচ্ছে দুনিয়ার সবচেয়ে বড় ফেতনাবাজ তাদের কথাটাকে আমরা এত বেশি মূল্যায়ন করি না কেন মিথ্যা হোক সত্য হোক আগে যার বিরুদ্ধে অভিযোগ এনেছে তাকে ধরে পিটিয়ে নেই।,নারীদের একসাথে ফেতনাবাজ বলা এবং পিটিয়ে দেওয়ার কথা বলা ঠিক নয়।,moral_appeal,gender_abuse
1957,এজন্য আমি বোরকা মাগিদের দেখতে পারিনা,পোশাকের ভিত্তিতে কাউকে অপছন্দ করা বা অপমান করা উচিত নয়।,fact_based,gender_abuse
1958,কারণ তুই ল্যাংটু হয়ে আবাসিক হোটেলে শরীর বিলানো মাগী এরজন্য দেখতে পারিস না,কারও শরীর বা পেশা নিয়ে এমন কথা বলা খুবই অপমানজনক।,empathy,gender_abuse
1959,সুদানির ফোয়ায় এই মাগী গুলা পায় কই?,এমন অপমানজনক শব্দের বদলে নির্দিষ্ট আচরণ নিয়ে কথা বলাই ভালো।,discouraging_abuse,gender_abuse
1960,কড়াইল বস্তিতে ওর মত এমন নোংরা মেয়ে থাকে,"একটি এলাকার মেয়েদের নোংরা বলা ঠিক নয়, কারণ এতে সবাইকে একসাথে অপমান করা হয়।",fact_based,gender_abuse
1961,নটির ছেলে আচ্ছা মতো চোদ তো পাবলিক দেখুক,"এটি প্রকাশ্যে যৌন নির্যাতনের উসকানি, যা ভয়ংকর অপরাধ।",warning_of_consequences,threat
1962,ভাই আপনার এইসব বালছেড়া ভিডিও আমাদের অনেক ভালো লাগে। তাই সবাই মন খুলে গালি দিতে পারি,গালাগালি বাড়ানো কোনো ভালো বিষয় নয়; সমালোচনা ভদ্রভাবে করা উচিত।,discouraging_abuse,abusive_language
1963,ভাই হইসে এভার গাড়ির ছাদে ফালাইয়া চোদেন,"এটি সরাসরি সহিংস ও অশ্লীল হুমকি, যা গ্রহণযোগ্য নয়।",warning_of_consequences,threat
1964,আদা খানকির পোলা জন্মের ঠিক নাই দুইজনের,কারও জন্ম নিয়ে এমন কটাক্ষ খুবই কষ্টদায়ক।,empathy,abusive_language
1965,দোয়া করি যেন এই গাড়ি এক্সিডেন্ট করে মরচ,কারও মৃত্যু কামনা করা খুবই অমানবিক।,warning_of_consequences,threat
1966,তোর আম্মারে নিয়া বাজে ভিডিও গুলো তৈরি করিস । জনগণ আরো আনন্দ পাইবো,পরিবারকে টেনে বাজে ভিডিও বানানোর কথা বলা খুবই অপমানজনক।,discouraging_abuse,abusive_language
1967,"খানকির পোলা একটা, মাগী ‍নিয়ে ভিডিও বানায়, যৌনকর্মীর ছেলে",কারও পরিবার বা পেশা টেনে এমন অপমান করা ঠিক নয়।,empathy,abusive_language
1968,প্রচুর পরিমানে ব্যাকসাইডে না পুন্ধাইলে এই রকম বাস্টার্ড জন্মায় না!,"এটি জন্ম ও যৌন সহিংসতা নিয়ে ভয়ংকর অশালীন কথা, যা বন্ধ করা দরকার।",warning_of_consequences,threat
1969,এই চোদানির পোয়া এগুলো পাই কোথায় আমার মাথায় আসে না,গালি না দিয়ে বিস্ময় প্রকাশ করলে কথাটা বেশি গ্রহণযোগ্য হয়।,discouraging_abuse,abusive_language
1970,"যেমন ছেলে তেমন মেয়ে এরা তো এরকমই থাকে, ফুটফাটের ময়লা ড্রামগুলো থেকে এই মাইয়াগুলো নিয়ে যায়",পুরো ছেলে-মেয়েকে একসাথে দোষী করা ঠিক নয়; নির্দিষ্ট আচরণ নিয়ে কথা বলুন।,fact_based,abusive_language
1971,এই ভাই সবাই মিলে মাগিটারে চুদে আসেন তো,"এটি দলবদ্ধ ধর্ষণের উসকানি, যা ভয়ংকর ও অপরাধমূলক।",warning_of_consequences,threat
1972,এইসব খানকির ছেলেদের জন্য সমাজ এতো নষ্টের দিকে চলে যাচ্ছে,সমাজের সমস্যা নিয়ে বলতে হলে গালি ছাড়া নির্দিষ্ট উদাহরণ দেওয়া ভালো।,discouraging_abuse,abusive_language
1973,ঠাডা পরিয়া এত মানুষ মরে এ বাইনচোদের বাচ্চারা মরে না,কারও মৃত্যু কামনা করা অত্যন্ত অমানবিক ও ক্ষতিকর।,warning_of_consequences,threat
1974,ওর বাপ বাজারে জাইয়া সব বাতিল জিনিস কিনে খায়। সব কিছুই যদি সস্তায় পায় তাইলে কিনে। আর ওই সালায় মাগি নিয়া ঘুরে। বাপের সম্মান আর রাখলো না কিছুই,পরিবারকে টেনে এমন অপমান করা খুবই কষ্টদায়ক এবং অশালীন।,empathy,abusive_language
1975,আপনি কি সব সময়ই এই সব ফালতু মহিলা দের সাথে নিয়ে গুরেন,নারীদের ফালতু বলা না করে নির্দিষ্ট আচরণ নিয়ে প্রশ্ন করা উচিত।,discouraging_abuse,gender_abuse
1976,"খানকির পোলা, খানকির মেয়ে বাংলাদেশেরে চুদলিং পং করে দিচ্ছে",একটি দেশের মানুষকে যৌন অপমান করা খুবই ঘৃণামূলক।,moral_appeal,hate_speech
1977,এ বোকাচোদা এমন মাল পায় কোথায় মাগির দুধ দুইটা তো কড়া,কারও চেহারা বা শরীর নিয়ে এমন মন্তব্য করা ঠিক নয়।,empathy,abusive_language
1978,"এই সব ভিডিও বানিয়ে পরিবেশ দুষিত কোরতেছে এরা, ভাইরাস মেয়ে গুলো এক নাম্বার খানকি",কাউকে ভাইরাস বা খানকি বলা অপমানজনক; অভিযোগ থাকলে ভদ্রভাবে বলুন।,discouraging_abuse,gender_abuse
1979,তুরা হইলি বেজন্মা মাদারচোদ কনডম দুর্ঘটনায় তগো জন্ম,কারও জন্ম নিয়ে এমন অপমানজনক কথা খুবই অমানবিক।,empathy,abusive_language
1980,এই খানকির পোলাগ জন্মের ঠিক নাই এইগুলা রাস্তায় ঘাটের অবৈধ সন্তান দুইটারে ধইরা পায়ের নিচে পা রেখে পাইরালানের দরকার,জন্ম নিয়ে অপমান আর পা দিয়ে চাপা দেওয়ার কথা বলা হিংসা উসকে দেয়।,warning_of_consequences,threat
1981,এই খানকির পোলাদের জন্য মেয়েদের জন্য সমাজ খারাপ দেশ খারাপ অশ্লীলতা বাড়াচ্ছে বাইনচোদের বাচ্চা,সমাজের সমস্যা নিয়ে বলতে হলে পুরো গোষ্ঠীকে গালি দেওয়া ঠিক নয়।,fact_based,abusive_language
1982,"মনডা চায় একটা লোহার রড অর্ধেক গরম করে, ঠান্ডা অংশটুকু ওর পুটকিতে ভইরা দেই, আর গরম অংশটুকু বাহিরে রাইখা দেই যাতে হাত পুড়ার ভয়ে, পুটকি থেকে রড বের করতে নাহ পারে!","এটি ভয়ংকর নির্যাতনের বর্ণনা, যা কোনোভাবেই বলা উচিত নয়।",warning_of_consequences,threat
1983,ভাই তুরে দাড়ি তে মানায় না তুই দাড়ির মর্যাদা রাখতে পারিস না,দাড়ি কারও মানায় কি না সেটা নিয়ে বিদ্রূপ না করে আচরণ নিয়ে বলুন।,discouraging_abuse,abusive_language
1984,আমি এক বোকাচোদা আরেক বোকাচোদার ভিডিও সামনে পড়ে গেল এই শালীর ছেলেকে মারার লোক নেই,কারও ভিডিও দেখে রাগ হলেও মারার কথা বলা ঠিক নয়।,warning_of_consequences,threat
1985,এই বান্দির পুত যে নষ্টামি করতেছে প্রশাসন কি চোখে কাঠের চশমা দিয়ে ঘুরতেছে এই শালারে দেখতেছে না,"প্রশাসনের সমালোচনা করতে হলে গালি নয়, নির্দিষ্ট গাফিলতি দেখানো উচিত।",fact_based,abusive_language
1986,এই মাদারচোদ রে প্রশাসন দেখে না এরকম নোংরা কনটেন্ট বানাচ্ছে,নোংরা কনটেন্ট নিয়ে অভিযোগ থাকলে সেটি প্ল্যাটফর্মে রিপোর্ট করা ভালো।,fact_based,abusive_language
1987,আমার মনে হয় তোর মা আগে দেহ ব্যবসায়ী সভাপতি তার জন্য তোর মত এমন একটা ছেলে জন্ম দিয়েছে,কারও মাকে নিয়ে এমন অপমান খুবই কষ্টদায়ক।,empathy,abusive_language
1988,খানকির পোলা তোর মারে নিয়া এমনে ভিডিও কর বেশি ভিউ পাবি খানকি গো নিয়া ভিডিও না ক‌ইরা,পরিবারকে নিয়ে কন্টেন্ট বানানোর পরামর্শ অশালীন এবং অনুচিত।,discouraging_abuse,abusive_language
1989,"এ মাদারচোদের জন্ম দিয়া রাস্তাঘাটে, ছেড়ে দিয়েছে কোন কুলাঙ্গার মা বাপ?",কারও জন্ম বা বাবা-মাকে দোষারোপ করা খুবই অপমানজনক।,empathy,abusive_language
1990,শালায় কি ধরনের লুচ্চা চশমার ভিতরে থেকে দেখে তার চোখ হচ্ছে মেয়ে মানুষের বুকের দিকে আর ওই মেয়ে ও বুঝতে পারে না,কাউকে লুচ্চা বলা না করে আচরণ নিয়ে স্পষ্টভাবে অভিযোগ করা উচিত।,discouraging_abuse,abusive_language
1991,ভাই চুতমারানি এমনে কথা বলে কেন ওরে একটু কথা শিখান ভালো মত,কারও কথা পছন্দ না হলে সেটা ভদ্রভাবে শেখানোই ভালো।,discouraging_abuse,gender_abuse
1992,এরা হলো আবাসিক এর মেয়ে যাদের বাবা মার পরিচয় নাই। এটাই সত্যি।,কোনো মেয়ের পরিবার নিয়ে এমন দাবি প্রমাণ ছাড়া বলা ঠিক নয়।,fact_based,gender_abuse
1993,মনটা চাই তোর বিচা গুলো খুলে জ্বালিয়ে দেই,"এটি ভয়ংকর নির্যাতনের হুমকি, যা অবিলম্বে থামানো দরকার।",warning_of_consequences,threat
1994,পুলিশ জানোয়ার জানোয়ারই রয়ে গেলো।,"পুলিশের সমালোচনা করতে হলে অপমান নয়, নির্দিষ্ট ঘটনার কথা বলা ভালো।",discouraging_abuse,abusive_language
1995,পিটা শালাদের।জামাতি শুয়ার গুলোরে পিটা ভাল করে।,"কাউকে পেটানোর কথা বলা হিংসা বাড়ায়, সমাধান নয়।",warning_of_consequences,threat
1996,এগুলো সব বাটপার জামায়াতের মাল গুপ্ত বায়তুল মাল চান্দা বন্ধ হয়ে যাচ্ছে তাই রাজাকার গুলোর মাথা খারাপ হয়ে যাচ্ছে,রাজনৈতিক দোষারোপ থাকলেও গালি না দিয়ে প্রমাণভিত্তিক কথা বলা উচিত।,fact_based,abusive_language
1997,বোকাচোদায় রাতারাতি বিলিয়নার হইতে চাইছিলো,কাউকে বোকাচোদা বলে ছোট না করে তার কাজের সমালোচনা করা ভালো।,discouraging_abuse,abusive_language
1998,এরা জীবনের সব কিছু অর্জন করতে শয়তানের দারস্থ হতেই পারে এতে অবাক হবার মতন নতুন কিছু নেই।,কাউকে শয়তানের দারস্থ বলা প্রমাণ ছাড়া করা ঠিক নয়।,fact_based,hate_speech
1999,"এই খানে কেউ যদি বালপাক্নামি করে থাকে সেটা তুই, তোর মাথায় মাল কম, এই সব বেপার বুঝবি না।",ব্যক্তিকে অপমান না করে ভুলটা নির্দিষ্টভাবে দেখালে কথাটা বেশি কার্যকর হয়।,discouraging_abuse,abusive_language
2000,"ভাই আগে তুমি বাংলা কথা পুরোপুরি ঠিকমতো লেখা শিখ,এরপর তোর শয়তানের মারভোদা দি দিবো মাগীর পোয়া,তুই কই থাকস যদি পরিচয় দিতে না পারোস তাহলে ভাববো যে হিজরার চোদায় জন্মা।",ভাষা শেখানোর কথা বলতে গিয়েও হুমকি ও অপমান করা ঠিক নয়।,warning_of_consequences,threat
2001,"ওরে চোদনা, তোমার স্মার্ট তোমার পুটকিতে রাখো নয়তো কেউ গান্ড মেরে বার করে দিবে","এটি সরাসরি যৌন হুমকি, যা অশালীন ও ক্ষতিকর।",warning_of_consequences,threat
2002,"ফকিন্নির পোলা হইছোছ দুইদিন এর বইরাগী, বুজছোছ কোন ধন",কারও পরিচয় বা ধর্মীয় আবহ নিয়ে কটাক্ষ না করে ভদ্রভাবে বলা উচিত।,discouraging_abuse,abusive_language
2003,"তোমার স্মার্ট নেস রে আমি পোন্দাই, ফকিন্নি",কাউকে অপমান করে কথার মান বাড়ে না।,discouraging_abuse,abusive_language
2004,আইসো লিটনের ফ্লাটে পোন্দানি পিছন দিয়ে ভরে দিমু খানকির বাচ্চা,"এটি যৌন সহিংসতার হুমকি, যা কখনোই গ্রহণযোগ্য নয়।",warning_of_consequences,threat
2005,সব অ্যাকটর শয়তানকে লুকিয়ে লুকিয়ে সাপোর্ট করে।,সব অভিনেতাকে একসাথে দোষী করা প্রমাণভিত্তিক নয়।,fact_based,hate_speech
2006,সিয়ামরে নায়ক বানায়ছে কিডা? না আছে সুরত না আছে সিরাত।ছাপড়ি ছাপড়ি লাগে। সবসময়।,কারও চেহারা বা ব্যক্তিত্ব নিয়ে ব্যঙ্গ না করে কাজ নিয়ে সমালোচনা করা উচিত।,discouraging_abuse,abusive_language
2007,নিজেকে এরা হলিউডের নায়ক মনে করে কিন্তু সবগুলো জোকার আর ভাই এদের মুভিগুলো যারা হলে গিয়ে দেখে তারা অনেক ধৈর্য সম্পন্ন লোক।,"মুভি বা অভিনেতাকে জোকার বললে আলোচনা নোংরা হয়, তাই নির্দিষ্ট সমালোচনা করা ভালো।",discouraging_abuse,abusive_language
2008,পরিচালক এর গুয়া দিয়া ডিম দাওয়া ফরজ হয়ে গেছে।,এমন অশালীন অপমান না করে সমালোচনা করলে কথাটা বেশি যুক্তিসংগত হয়।,discouraging_abuse,abusive_language
2009,মানুষ জনপ্রিয় হওয়ার জন্য শয়তানের সান্নিধ্যই খোঁজে।,কারও জনপ্রিয়তা নিয়ে এমন অভিযোগ প্রমাণ ছাড়া বলা উচিত নয়।,fact_based,hate_speech
2010,"একটা সময় এ নায়করে স্মার্ট মনে করতাম তুলনামূলক, এখন দেখি ও একটা বালের নায়ক আর তৈরি করে বালের মুভি","মত বদলালে সেটা ভদ্রভাবে বলুন, গালি না দিলেও বক্তব্য বোঝা যায়।",discouraging_abuse,abusive_language
2011,"আপনি মানেন আর না মানেন পৃথিবীর ৯০% নায়ক নায়িকা, খেলোয়ার, বিলিয়নিয়ার ,এরা সবাই শয়তান পূজারী","এত বড় দাবি প্রমাণ ছাড়া করা ঠিক নয়, এতে ভুল ধারণা ছড়ায়।",fact_based,hate_speech
2012,এখন না অনেক আগে থেকেই এই বাইঞ্চোদরে দেখলেই আমার মেজাজটা খারাপ হয়ে যায়।,কারও প্রতি বিরক্তি থাকলে গালি না দিয়ে সংযতভাবে প্রকাশ করা ভালো।,discouraging_abuse,abusive_language
2013,বালের নায়ক কামলা কামলা লাগে দেখতে,চেহারা বা পোশাক নিয়ে বিদ্রূপ না করে কাজ নিয়ে কথা বলা উচিত।,discouraging_abuse,abusive_language
2014,এই খানকির পোলারে এমনিতে ভাল্লাগে না। নাটক ই ঠিক আছিলো মাদারচোদ। এই শালা নিজে একটা বাল। আবার প্রমোট করতাছে বাল,"কাউকে অপছন্দ করলে সেটি ভদ্রভাবে বলা যায়, ব্যক্তিগত গালি দরকার নেই।",discouraging_abuse,abusive_language
2015,"সালারা ২ দিনে উপরে না উটতেই, বালপাকনা হয়ে যায়, খাংকির পোলা",দুই দিনের আচরণ দেখে কাউকে বালপাকনা বললে পরিস্থিতি আরও খারাপ হয়।,discouraging_abuse,abusive_language
2016,এই বালের বাচ্চারা টেকার লাইগা সব বাল ফেলাইতে পারে,টাকার জন্য সবকিছু বিক্রি করার অভিযোগ থাকলে তা প্রমাণসহ বলুন।,fact_based,abusive_language
2017,"হেডার বাল, নিজেকে কি মনে করস? বাইনচোদ রে কেও সামনে পাইলে পচা ডিম মারবেন।",পচা ডিম মারার কথা বলা সহিংসতা ও অপমান দুটোই বাড়ায়।,warning_of_consequences,threat
2018,বাইনচোদের জন্মের কোনো ঠিক নাই টাকার জন্য সব করতে পারে,অর্থের জন্য সব করে—এমন দাগানো কথা প্রমাণ ছাড়া বলা ঠিক নয়।,fact_based,abusive_language
2019,ফকিন্নির পুতেরা দেশটা নষ্ট করে ফেলছে। এদের ধরে ধরে জয় বাংলা করা উচিত,ধরে ধরে কিছু করা বা গালাগালি দিয়ে দেশ বাঁচানো যায় না।,warning_of_consequences,threat
2020,শুয়োরের বাচ্চা জুলাই জঙ্গি ও ইহুদি ওর মার হেডার ভিতর বাল দেবতা ঢুকবো সময় হোক,"ধর্ম, জাতি আর ব্যক্তি টেনে এমন বিশৃঙ্খল অপমান খুবই অশোভন।",moral_appeal,hate_speech
2021,"ছেলেটা যা একটু ইন্ডাস্ট্রিতে গ্রো করছিল, এবার ওর ক্যারিয়ারের গুষ্টি চুদে দেবে। বাংলার বেকারচুদা পাবলিকের কিছুদিন পরপর যেকোন বিষয়কে বিকৃতি করে উপস্থাপন করে কারোর হোগা না মারতে পারলে ভালো লাগে না।",কারও ক্যারিয়ার নষ্ট করার কথা বলা বা জনতাকে গালি দেওয়া দুটোই ক্ষতিকর।,warning_of_consequences,threat
2022,সিয়াম শালার পো শালা তুই সব দিক দিয়ে বাল ছাল,কারও সম্পর্কে বিরূপ মত থাকলে সংক্ষিপ্ত ও ভদ্র ভাষাই ভালো।,discouraging_abuse,abusive_language
2023,শয়তান দেখতে এরকম কোন বাইনচোদে বলছে। শয়তানকে দেখতে পেলেন ট্যাটু দেখে। বাল ফালানোর মন্তব্য,চেহারা বা ট্যাটু দেখে কাউকে শয়তান বলা প্রমাণভিত্তিক নয়।,fact_based,abusive_language
2024,"এদের মত দেশে-বিদেশে অনেক নায়ক নায়িকা আছে,এরা দেখতে মানুষ কিন্তু তাদের মন মানসিকতা চলাফেরা জানোয়ারদের থেকেও খারাপ।",মন মানসিকতা নিয়ে সমালোচনা করলে সেটি নির্দিষ্ট উদাহরণ দিয়ে করা উচিত।,fact_based,abusive_language
2025,এই বোকাচদা মার্কা হিরোর মুভিও মানুষ দেখে. আসলেই এর ফ্যান দের রুচি অনেক বেশি,কারও ফ্যানদের অপমান না করে কাজের সমালোচনা করা বেশি পরিপক্ব।,discouraging_abuse,abusive_language
2026,সিয়াম খানকির পোলারে কুত্তার মতন পিডান দরকার সে বাংলাদেশে ইলুমিনাত ও বাল দেবতা কে প্রমোট করতেছে,"কাউকে পেটানোর কথা বলা অমানবিক, আর প্রমোটের অভিযোগও প্রমাণ ছাড়া বলা উচিত নয়।",warning_of_consequences,threat
2027,একটা চাকরির জন্য যদি শয়তানকে প্রমোট করা হয় তাহলে ওই চাকরি করার কি দরকার আছে তার থেকে কি টাকার অভাব আছে নাকি তার বউ পুটকিমারা খাইছে,"চাকরির অভিযোগ থাকলে ব্যক্তিগত অপমান নয়, প্রমাণভিত্তিক সমালোচনা দরকার।",fact_based,hate_speech
2028,শুয়োররা সব জায়গায় শয়তানকে ঢুকায় ফেলেছে অলরেডি।,"পুরো গোষ্ঠীকে শুয়োর বলা ঘৃণা বাড়ায়, সমাধান দেয় না।",moral_appeal,hate_speech
2029,"শালারে আমি প্রথম থেকেই দেখতে পারি না, ফালতু একটা নায়ক","পছন্দ না হলে সেটি ভদ্রভাবে বলাই ভালো, এতে আলোচনাও পরিষ্কার থাকে।",discouraging_abuse,abusive_language
2030,এই হোগার ঘরে হোগার মুভি দেখে কেডা! আমার হালার ঘরে হালারা আমার লাইফে ওর মুভি আমি দেখি নাই,কারও কাজ অপছন্দ করলে গালি না দিয়ে সরাসরি সমালোচনা করা উচিত।,discouraging_abuse,abusive_language
2031,"শয়তানের কাজ হলো সমাজে অশ্লীলতা ছড়ানো, মানুষকে জাহান্নামে নিয়ে যাওয়া। সিনামা জগতের মানুষ গুলো ও সেই একই কাজ করে।",সব সিনেমা বা সিনেমার মানুষকে একইভাবে দোষী করা ঠিক নয়; নির্দিষ্ট বিষয় ধরুন।,fact_based,hate_speech
2032,মাদারচোদেগো নিতি ঠিক না তহ তাই উপরে উটতে পারে না,"নীতি নিয়ে সমালোচনা করতে হলে গালি নয়, যুক্তি ব্যবহার করা ভালো।",discouraging_abuse,abusive_language
2033,মাগীর পুতেরে মেরে শুটকী বানাতে হবে।,"এটি সরাসরি হত্যার হুমকি, যা খুবই বিপজ্জনক।",warning_of_consequences,threat
2034,তোর শরীর ‍পিস পিস করে কুত্তারে খাওয়াবো সবার সামনে। প্রস্তুত হ। সময় খুব বেশি বাকি নাই,এমন ভয়ংকর হুমকি কারও জন্যই গ্রহণযোগ্য নয়।,warning_of_consequences,threat
2035,এই চুল লম্বা ধাপ্পাবাজ খানকির ছেলেরে মাইরা ফেলতে পারলে ১০ লক্ষ টাকা পুরস্কার দেওয়া হবে।,হত্যার পুরস্কার ঘোষণা করা গুরুতর অপরাধের ইঙ্গিত দেয়।,warning_of_consequences,threat
2036,চোদনা তোর কি মনে হয় মশার কামড় খাওয়ার জন্য পনেরো বছর শাসনে ছিল আবাল চোদা,রাজনৈতিক সমালোচনা থাকলে তাতে গালি না জুড়ে নির্দিষ্টভাবে বলা উচিত।,discouraging_abuse,abusive_language
2037,আপনি আবার ওভার বালপাকনা। হাদী কি খারাপ মানুষ ছিলো? হাদী যা যা বলছে সত্যি কথা বলছে। আর এখন কয়টা কুত্তার বাচ্চার জন্ম হয়েছে এনসিপি জামাত এ যাদের জন্মেরই ঠিক নাই মনে হয়,ধর্মীয় বা রাজনৈতিক অবস্থান নিয়ে কাউকে কুত্তার বাচ্চা বলা উচিত নয়।,moral_appeal,hate_speech
2038,তুই বেশ্যাচোদা পাকিচোদা পিনাকিচোদা রাজাকারচোদা পাকিবিজ।,"একাধিক গালি একসাথে দিলেও তা অপমানই বাড়ায়, সমাধান দেয় না।",discouraging_abuse,abusive_language
2039,অবৈধ ভাবে জন্মগ্রহণ করা সন্তানেরা কিন্তু মেধাবী হয়।,কারও জন্মকে অবৈধ বলা ঠিক নয়; মেধা জন্মের ওপর নির্ভর করে না।,fact_based,abusive_language
2040,শত শত রাজাকারের দল তোর মাকে রক্ষিতা করে রেখে চুদেছিলো। আর তাতেই তোর পয়দা।,পরিবারকে টেনে এমন কল্পিত অপমান খুবই কষ্টদায়ক।,empathy,abusive_language
2041,১৭ বছর তোদের চুদলাম তারপরও শিক্ষা হয়নাই। আবারো শিক্ষা দেওয়ার জন্য জনগণ তৈরি হচ্ছে। তোর আব্বু হাদির কাছে তোরেও পাঠানো হবে!,শিক্ষা দেওয়ার নামে হুমকি বা হিংসা কোনো সমাধান নয়।,warning_of_consequences,threat
2042,পতিতালয় কিছু নারীর ছেলে সন্তানরা যাদের বিবেক বুদ্ধি শুধু নেতার পা চাটার দিকেই যায়। এরাই ওইগুলা,কারও মা বা পরিবারকে টেনে অপমান না করে আচরণ নিয়ে কথা বলা উচিত।,discouraging_abuse,abusive_language
2043,জামাত চোদার টাইম নাই কিন্ত সেই জন্যই আমরা রাজাকাররাই চুদে দিয়েছি তোদের মামমী কুত্তী হাসিনাকে !,রাজনৈতিক দল নিয়ে রাগ থাকলেও ধর্ষণের কথা বলা খুবই বিপজ্জনক।,warning_of_consequences,threat
2044,মানুষকে নটির পোলা কইলে মানুষ আপনাকে খানকির পোলা বলে গালি দিবে। বুঝে শুনে কমেন্ট করুন।,"এই কথাটায় অন্তত একটা সত্য আছে—গালি দিলে পাল্টা গালি আসে, তাই ভদ্র থাকা ভালো।",fact_based,abusive_language
2045,শাহিন নটির ছেলেকে ধরতেও পারবিনা! ছুইতেও পারবিনা! তরে বরং থ্যাড়াপি দেয়া হবে! খানকির ছেলে,"কাউকে ধরতে বা থ্যাড়াপি দিতে বলা হুমকি, যা পরিস্থিতি খারাপ করে।",warning_of_consequences,threat
2046,তোর মায়ের ভোদর মধ্যে লাঠি ভরে দিয়ে শাহবাগে ঝুলিয়ে দিব খানকির পোলা,"এটি ভয়ংকর যৌন ও শারীরিক হুমকি, যা বলা যায় না।",warning_of_consequences,threat
2047,"তুই কুত্তা তো, নরেন্দ্র মুদির অবৈধ বেজন্মা কুলাঙ্গার জারজ ছেলে",কারও পরিবার ও রাজনৈতিক পরিচয় জুড়ে গালি দেওয়া খুবই অশালীন।,empathy,abusive_language
2048,"খানকি, তোর মা হাসিনা কই একবার চিন্তা কর।",মা বা পরিবারের নাম টেনে অপমান করা ভীষণ কষ্টদায়ক।,empathy,abusive_language
2049,কি রে পতিতার পোলা কোন গর্ত থেকে হুঙ্কার দিস।,কারও জন্ম বা মাকে অপমান না করে বক্তব্যের জবাব দেওয়া উচিত।,discouraging_abuse,abusive_language
2050,তুই কোন গর্তে থেকে বলতেছো মাগির পুত ইন্ডিয়াতে চলে যা তাড়াতাড়ি,দেশছাড়া হতে বলা ও মাকে টেনে অপমান করা দুটোই অশোভন।,warning_of_consequences,threat
2051,খানকির ছেলে সময় ঘুমিয়ে আসতেছে আর বেশি দেরি নয় পালানোর রাস্তা খোঁজে,"পালানোর রাস্তা খোঁজা নিয়ে হুমকি দেওয়া ভয়ংকর, তাই এভাবে কথা বলা ঠিক নয়।",warning_of_consequences,threat
2052,খানকির পোলা মাদারচোদ তোর মায়েরে চুদি শুয়োরের বাচ্চা ওর মত একজন মারা গেলে হাজার মানুষ খাড়া হইবো তোর মারে চুদার জন্য কুত্তার বাচ্চা কামলা শুয়োরের বাচ্চা নেতাদের পালিত কুত্তা তুই শুয়োরের বাচ্চা,পরিবারকে টেনে এমন ভয়ংকর হুমকি ও গালাগালি বন্ধ করা জরুরি।,warning_of_consequences,threat
2053,"কিরে মাগির পুত গালাগালি করিস কেন, তোর হাসিনা মা না হয় মোদির কোলে, তোর মা কার কোলে",গালির বদলে কারণসহ কথা বললে আলোচনা অনেক বেশি পরিষ্কার হয়।,discouraging_abuse,abusive_language
2054,ভারতের গোমুত্রের অবৈধ বেজন্মার বাচ্চা জনগণের জুতা পেটা খেয়ে পালানোর সময় ঘনিয়ে আসছে তোদের!,কোনো দেশের মানুষের বিরুদ্ধে জুতা পেটার হুমকি দেওয়া খুবই বিপজ্জনক।,warning_of_consequences,threat
2055,নটির পোলা তোর মা কে চুদে ভারতে পাঠিয়ে দিয়েছে তারপরও তোদের লজ্জা হয় নাই। এবার তুই কি চুদা খেতে চাস নাকি? মাদারচোদ।,"পরিবারকে জড়িয়ে এমন যৌন অপমান করা খুবই কষ্টদায়ক, তাই নির্দিষ্ট বিষয়ে কথা বলা উচিত।",empathy,abusive_language
2056,আরে খানকির ছেলে তুমি কোন পতিতার গুয়া দিয়ে বেড় হয়েছো তোমার বুকে এত দম,কারও জন্ম বা মাকে নিয়ে এমন কথা বলা অপমানজনক এবং অপ্রয়োজনীয়।,empathy,abusive_language
2057,তসলিমা নাসরিন ও নরেন্দ্র মোদীর সেক্সে জন্মের ছেলে তুই বেটা,কারও পরিচয় নিয়ে এমন কল্পিত অপমান সত্যকে আড়াল করে।,fact_based,abusive_language
2058,কিরে বাইনচোদ গালি দিলি কেন ১৭ বছর মানুষ খুন করছস এত সহজে কি কারনে ভুইলা গেলি হারামখোরের বাচ্চা মোদির জারজ সন্তান,"অভিযোগ থাকলে সেটি প্রমাণসহ বলা উচিত, গালি দিয়ে নয়।",fact_based,abusive_language
2059,মাদারির পোয়া পালাইছিস কেন তোরা? বাপের বেটা বাপের বেটি হইলে দেশে আসো।,দেশে ফেরার কথা বললেও পরিবার টেনে অপমান করা ঠিক নয়।,discouraging_abuse,abusive_language
2060,জন্ম যদি হয় বেজন্মা কুলাঙ্গার তাহলে ভাষা তো এমন হবেই,কারও জন্ম নিয়ে অপমান করা ভাষাকে বৈধ করে না; আচরণ নিয়েই কথা বলা উচিত।,fact_based,abusive_language
2061,বেশ্যার পোলার মুখে মুখে দেখি সততার বুলি। একদম ফাইরালামু বোকাচুদা।,কাউকে গালি না দিয়ে তার বক্তব্যের ভুলটা দেখালে সেটি বেশি গ্রহণযোগ্য হয়।,discouraging_abuse,abusive_language
2062,"পলাতক মোদির ছেলে, কি আর করবি তুই খানকির ছেলে",রাজনৈতিক রাগ থাকলেও ব্যক্তিগত অপমান না করে নির্দিষ্ট বিষয় ধরে কথা বলা ভালো।,fact_based,abusive_language
2063,তরে ধরে ঠাস করে পুটকি মেরে দেবো,"এটি সরাসরি শারীরিক হুমকি, যা কোনোভাবেই গ্রহণযোগ্য নয়।",warning_of_consequences,threat
2064,কুত্তা দিয়ে তোর মাকে চুদিয়ে তোর মত জারজ সন্তান পয়দা করা হয়েছে। কুত্তার বাচ্চা উচিত কথা শুনলে গা জ্বলে তাই না,"কারও মা বা জন্ম নিয়ে এমন কথা খুবই কষ্টদায়ক, তাই ভদ্র ভাষা ব্যবহার করা উচিত।",empathy,abusive_language
2065,খানকির ছেলে ঠিকই তো বলছে সত্যি কথা বললে জ্বলে মাদারচোদ,সত্য কথা আর গালাগালি এক জিনিস নয়; সত্য বললেও ভদ্রভাবে বলা উচিত।,fact_based,abusive_language
2066,খানকির পোলা আম্মাররা শহীদ হওয়ার জন্যই জন্মায়। আর তোরা মৃত্যু ভয়ে গর্তে লুকিয়ে থাকছ।,মা-নিয়ে এমন অপমানজনক কথা না বলে মূল আলোচনায় থাকা উচিত।,discouraging_abuse,abusive_language
2067,এই নটির ছেলের হোল এত্তো বড় যে তার হোল দিল্লীতি অবস্থানরত হাসিনার পুটকি পর্যন্ত পৌছায়,"এ ধরনের অশ্লীল কল্পনা কোনো তথ্য দেয় না, শুধু বিদ্বেষ বাড়ায়।",fact_based,abusive_language
2068,"তুই যৌনকর্মির ছেলে, পাট ক্ষেতে জন্ম নেওয়া আবর্জনা",কারও পেশা বা জন্মস্থানকে টেনে অপমান করা খুবই নিচু মানের আচরণ।,empathy,abusive_language
2069,বাইনচোদ পেটে জন্মাইসোস তাই দাশ হয় থাকতে চাস,"জন্ম নিয়ে এমন অপমান কথাকে শক্তিশালী করে না, বরং দুর্বল করে।",fact_based,abusive_language
2070,নাজির সাহেব তুই হারামজাদা। পাঁচে আগস্টে কই গেছিলি থাকতি পুটকি লাল করতাম মাদারচোদ।,"এটি হুমকি এবং গালির মিশ্রণ, যা পরিস্থিতি আরও খারাপ করে।",warning_of_consequences,threat
2071,সে যদি নটির ছেলে হয়। তোমার কাছে প্রমান আছে। প্রমাণ দিতে না পারলে তুমি খানকির পোলা।,"অভিযোগ থাকলে আগে প্রমাণ দেখানো দরকার, না হলে তা অপবাদ হয়।",fact_based,abusive_language
2072,নটির পোলা তুই সত্য কথা বললে গাজলের অমানুষের বাচ্চা তোদের কোন পূব পশ্চিম নাই।,অপমানের বদলে সত্য-মিথ্যা আলাদা করে বলা বেশি কাজে দেয়।,discouraging_abuse,abusive_language
2073,"ঔ , খানকী মাগীর পোলা, গর্তের ভিতরে কেন সাহস থাকলে বাহিরে আয়",কারও সাহস নিয়ে খোঁচা দিলে আলোচনা এগোয় না।,discouraging_abuse,abusive_language
2074,তোর জন্ম তো ভারতীয় পতিতালয় মোদির বীর্যে,কারও জন্ম নিয়ে এমন কল্পিত অপমান সম্পূর্ণ অগ্রহণযোগ্য।,empathy,abusive_language
2075,ডেট ওভার গাঞ্জা আর ডেন্টি খেলে এরকমটা হয় টোকাইদের,নেশা বা অভ্যাস নিয়ে মন্তব্য করতে হলে প্রমাণভিত্তিক হওয়া উচিত।,fact_based,abusive_language
2076,তোর না রে একেবারে শিম্পাঞ্জির মতো দেখতে চেহারা,চেহারা নিয়ে এমন তুলনা অপমানজনক এবং অপ্রয়োজনীয়।,empathy,abusive_language
2077,"রামচুদি খানকিরপোলা,ভারত মাতা এর গে ,দীপুর মতো আরো পর্ক ফ্রাই মোরা বানাই",এটি একটি দেশ ও মানুষের বিরুদ্ধে অশ্লীল এবং ঘৃণামূলক ভাষা।,fact_based,hate_speech
2078,সনাতনী খানকির পোলাদের পুটকি মেরে ভারত পাঠিয়ে দেয়া উচিত,কোনো ধর্মীয় গোষ্ঠীকে তাড়ানোর বা মারার কথা বলা ভয়ংকর।,warning_of_consequences,hate_speech
2079,তুই দেখা সুদানির পোলা কোথায় হামলা হইছে মন্দির এ,হামলার কথা হলে তা নির্ভরযোগ্য সূত্র দিয়ে যাচাই করা উচিত।,fact_based,abusive_language
2080,"শালা মাদারচুদ এডিট কি বুঝস হাউয়ার পোলা, বোকাচোদা",অপমান না করে এডিটের ভুলটা দেখালে সেটি বেশি কাজে লাগে।,discouraging_abuse,abusive_language
2081,"তর মারে জিগা তর বাপ কে, হাউয়ার পোলা",পরিবারকে টেনে এমন কথা বলা খুবই অশ্লীল; প্রশ্ন করলে ভদ্রভাবে করাই ভালো।,empathy,abusive_language
2082,"ওরা সপরিবারে মদ খায়, পতিতাবৃত্তিকে স্বাভাবিক পেশা হিসেবে মনে করে। ওরা নিজেরাই নিজেদের ধ্বংস করে ফেলবে।",একটি পরিবার বা গোষ্ঠী নিয়ে এভাবে সাধারণীকরণ করা ঠিক নয়।,fact_based,abusive_language
2083,মালুর বাচ্চাদের বাংলাদেশ থেকে বের করে দেওয়া উচিত,"কোনো গোষ্ঠীকে দেশছাড়া করার কথা বলা ঘৃণা ছড়ায়, সমাধান দেয় না।",warning_of_consequences,hate_speech
2084,মালাউনের বাচ্চারা কোনোদিন মুসলিমদের বন্ধু হতে পারে না। ওরা যখনই সুযোগ পাবে ক্ষতি করবে ওদের ধর্মই বেইমানের ধর্ম,একটি ধর্মের সবাইকে বেইমান বলা ভুল এবং বিভেদমূলক।,fact_based,hate_speech
2085,ফ্রেন্ডলিস্টে অনেক মুদির বীর্য আছে তাদের কাছে এগুলো খুব প্রিয় খবর। কারন তাদের মা হাসিনা ভারতে আছে তাই।,কাউকে রাজনৈতিক পরিচয় দিয়ে বা মায়ের কথা টেনে অপমান করা অযৌক্তিক।,discouraging_abuse,abusive_language
2086,"ভারত উগ্রবাদী বর্বর রাষ্ট্র, মুদি সরকার তাদের নাগরিকদের নিরাপত্তা দিতে ব্যর্থ","রাষ্ট্রের নীতির সমালোচনা করা যায়, কিন্তু বর্বর বলে পুরো দেশকে দাগানো ঠিক নয়।",fact_based,hate_speech
2087,ইনকিলাব একটি মিথ্যাবাদী গুজব ছড়ানো জঙ্গি সমর্থক পত্রিকা,কোনো সংবাদমাধ্যমের সমালোচনা করতে হলে নির্দিষ্ট প্রতিবেদন ধরে বলা উচিত।,fact_based,hate_speech
2088,তাইতো ব্রাহ্মণবাড়িয়ার লোকজনের আচরণ কথাবার্তার ভাষা এত খারাপ।,একটি এলাকার সব মানুষকে একইভাবে খারাপ বলা ন্যায্য নয়।,fact_based,abusive_language
2089,"এদের, যে সাংবাদিক ইন্টারভিউ নেয় , সেও মাদারচোদ।",সাংবাদিকের কাজ পছন্দ না হলে গালি না দিয়ে সমালোচনা করা উচিত।,discouraging_abuse,abusive_language
2090,ডিএনএ টেস্ট করে দেখেন কয়জনের কাছে চোদা খেতে গেছিল সে,ডিএনএ টেস্টের প্রসঙ্গ টেনে এমন যৌন অপমান করা খুবই অশোভন।,empathy,abusive_language
2091,ওদের সাথে রাত না কাটাইলে টাকা তর পাছা দিয়ে বের হইতো নি,এমন অশ্লীল কল্পনা বা হুমকি না দিয়ে অভিযোগ থাকলে প্রমাণসহ বলা উচিত।,fact_based,abusive_language
2092,ওরে সেক্সি আর হর্নি কে বলে? বস্তিদের মতোন লাগে এইটা বুঝে না নাকি,কারও চেহারা বা কথাবার্তা নিয়ে এভাবে ব্যঙ্গ না করাই ভালো।,discouraging_abuse,abusive_language
2093,"দুবাই শেখ, তাদের রুচি এতটাও খারাপ না, তার মতো মেয়েদের অফার করবে।",কাউকে নিয়ে এমন কটাক্ষ না করে ব্যক্তিগত পছন্দকে সম্মান করা উচিত।,fact_based,abusive_language
2094,"যেই মাইয়াদের ধরার আগে বিছানায় শুয়ে পড়ে যেকোনো শেখের সাথে তাদের দিকে অবশ্য যে কারো নজর থাকবে,এটা স্বাভাবিক,",নারীকে নিয়ে এমন সাধারণীকরণ না করে নির্দিষ্ট আচরণ নিয়ে কথা বলা উচিত।,fact_based,gender_abuse
2095,বস্তির পোলারা তোমাদের নিউজ নাই এ সমস্ত খানকিগো ভিডিও করতে হইবো,মানুষকে বস্তির পোলা বলে ছোট না করে ভিডিওর বিষয়বস্তু নিয়ে কথা বলা ভালো।,discouraging_abuse,abusive_language
2096,গুলিস্তানের মাগী যখন নিজেকে প্রিমিয়াম মাগী মনে করে,কারও মর্যাদা নিয়ে এমন কটাক্ষ করা খুবই অপমানজনক।,empathy,gender_abuse
2097,চোদনাই এই কি মিডিয়ার সামনে বলবে দুবাই শেখকে হোগা মারা দিছে।?,এভাবে অশালীনভাবে কথা না বলে ঘটনাটা ভদ্রভাবে বলা উচিত।,discouraging_abuse,abusive_language
2098,শেখেরা বাঙালি মেয়েদের পেছন দিয়ে চুদে,"এটি স্পষ্ট যৌন অপমান, যা কোনোভাবেই গ্রহণযোগ্য নয়।",warning_of_consequences,hate_speech
2099,চোদা খাইতে খাইতে ফাকা হয়ে গেছে আবার বলে যায় নাই শেখদের কাছে। আরে অই শেখ চুতমারানিদের মাল দিয়েইতা মালাবারে যাস।,এ ধরনের যৌন অপমান ও দেশ-মানুষ জুড়ে গালাগালি বন্ধ করা উচিত।,discouraging_abuse,abusive_language
2100,তোর মতো আজে বাজে মাল খায় না দুবাইয়ের শেখে,"কাউকে ‘আজে বাজে মাল’ বলা অপমানজনক, ভদ্র ভাষা ব্যবহার করা ভালো।",discouraging_abuse,abusive_language
2101,এই শালির ভাব দেখেই বুঝা যাচ্ছে দুবাই শেখ নাহলে ৫০ টারে শরীর বিলায় দিছে,নারীর শরীর বা চরিত্র নিয়ে এভাবে মন্তব্য করা খুবই কষ্টদায়ক।,empathy,gender_abuse
2102,"তুই আমার হেডা, ৫০ টাকার মাগী কোথাকার",কারও শরীরকে দামের সঙ্গে তুলনা করা খুবই অবমাননাকর।,empathy,gender_abuse
2103,"দুবাই শেখেরা তোকে চুদবে না, শেখের পোশাক কুত্তার আর কুত্তা দিয়ে তোকে চুদাবে তারা তারা শুধু দেখবে কুত্তা তোকে কেমনে চুদছে","এটি যৌন সহিংসতার ভয়ংকর ভাষা, যা অবিলম্বে থামানো দরকার।",warning_of_consequences,threat
2104,"রোমান্স পিছন দিয়া বাইয়া বাইয়া পরতাছে, জঙ্গল কোথাকার","কারও আচরণ নিয়ে বিরক্ত হলে তা ভদ্রভাবে বলা উচিত, গালি দিয়ে নয়।",discouraging_abuse,abusive_language
2105,তারা জানে তোরা যে টাকার জন্ন্যে চামড়া বেইচা খাছ,অভিযোগ থাকলে প্রমাণ দেখিয়ে বলুন; শুধু অপমান করলে সমাধান আসে না।,fact_based,abusive_language
2106,এরা দুবাই গিয়ে পুটকি মারা খায় সব গুলো পতিতা,কারও পেশা বা গন্তব্য নিয়ে এমন অপমানজনক কথা খুবই অশোভন।,empathy,gender_abuse
2107,"তোদের মতো চামড়া ব্যবসায়ী দুবাই এর ক্লিনার ও চোদে না, শেখ তো তোরা স্বপ্নে দেখোস",কাউকে চামড়া ব্যবসায়ী বলে অপমান না করে নির্দিষ্ট অভিযোগে কথা বলা ভালো।,discouraging_abuse,abusive_language
2108,"টাকা পাইছিস কইয়াই? পতিতার বাচ্চা পতিতা, এই কই টাকা কোথায় পাইছিছ রে, এই পতিতার বাচ্চা পতিতা তুইতো দৌলতদিয়া থেকে গিয়েছিস","টাকা কোথায় পেল—এমন প্রশ্ন থাকলে অপমান নয়, প্রমাণভিত্তিক জবাব দেওয়া উচিত।",fact_based,abusive_language
2109,তোদের মত মাগিদের মুখে মুতে দিয়ে চলে যাবে,এভাবে অপমান ও অশ্লীলতা ব্যবহার না করে সমালোচনা করা উচিত।,discouraging_abuse,gender_abuse
2110,দুবাই এর শেখেরা তোমার মতো নটিকে তাদের ঘু চুষে চুষে খাওয়ার জন্য হলে রাখতে পারে।এদের মায়েরা ও এমন একজন আদর্শ মা এর পেটে এমন বেশ্যা জন্ম নিতে পারেনা।,কারও মা বা শরীর নিয়ে এমন কথা খুবই কষ্টদায়ক এবং অশালীন।,empathy,gender_abuse
2111,বাঙালি মেয়ে মানি পতিতা বাঙালি মেয়ে মানি রন্ডি বাঙালি মেয়ে মানি মাগী,"এটি সব বাঙালি মেয়েকে একসাথে অপমান করছে, যা একেবারেই ন্যায্য নয়।",fact_based,gender_abuse
2112,"দুবাই শেখদের প্রতি বিশেষ অনুরোধ, যতো গুলো বাঙ্গালী মাগি আপনারে সাথে টাকার বিনিময়ে রাত কাটায়, তাদের ভিডিও করে আমাদেরকে দিয়ে সহযোগিতা করবেন, এরা দেশে এসে অস্বীকার করে।",কারও ব্যক্তিগত জীবন নিয়ে ভিডিও চাওয়া গোপনীয়তা লঙ্ঘন করে এবং অপমানজনক।,warning_of_consequences,threat
2113,এই সব খানকির সাক্ষাতকার নিচ্ছে আর এক কুত্তার বাচ্চা,সাক্ষাৎকার নেওয়া নিয়ে সমালোচনা থাকলে তা ভদ্রভাবে করা উচিত।,discouraging_abuse,abusive_language
2114,তুমি যদি তোমার সাউয়া খুলে মেলে দাও তারা দেখে থু থু দিয়ে যাবে কিন্তু চুষবে না,এটি চরম অশালীন কল্পনা; এমন ভাষা ব্যবহার না করাই ভালো।,discouraging_abuse,abusive_language
2115,আহা সাংবাদিক ভাই আপনার খেয়ে দেয়ে আর কোন কাম নাই পতিতার ইন্টারভিউ নিয়ে লাভ নেই ভালো মানুষের ইন্টারভিউ নেন সমাজ উপকৃত হবে,"কোনো মানুষকে পতিতা বলে অপমান না করে, সাংবাদিকতা নিয়ে ভদ্রভাবে মত দেওয়া উচিত।",fact_based,abusive_language
2116,"তোরে লেংটা করে দেখার খুব ইচ্ছা, আমারে দেখাবি নাকি","এটি কারও নগ্নতা চাওয়ার মতো অশালীন কথা, যা ঠিক নয়।",warning_of_consequences,threat
2117,"মাগির জি শরীরের রং ভালো বলে নিজেকে কি ভাবিস, তোরা মারা গেলে বাংলার মাটিতে কবর হবে না৷ তোদের কি মা বাবা ভাই বোন আত্মীয় স্বজনরা নাই, তোরা কোন ফ্যামিলির মানুষ",শরীরের রং বা পরিবার টেনে অপমান করা খুবই কষ্টদায়ক।,empathy,gender_abuse
2118,বাংলাদেশ এর খানকী দুবাই কুত্তা ও চোদেনা। এদের এই কালো ভোদা দুবাই লেবার রা ও তোলেনা।,কোনো দেশের মেয়েদের নিয়ে এভাবে অপমানজনক কথা বলা খুবই ঘৃণামূলক।,moral_appeal,gender_abuse
2119,দেশটা নষ্টের মূলে হয়েছে এই ধরনের মাদারচোদ সাংবাদিকরা,সাংবাদিকদের সমালোচনা থাকলে সেটা নির্দিষ্ট উদাহরণ দিয়ে বলা উচিত।,fact_based,abusive_language
2120,এই জন্যই তো বলি আওয়ামী লীগ ও বিএনপির লোক জন এত জারজ কেন জন্ম হয়,রাজনৈতিক মানুষদের নিয়ে এমন অপমান করার বদলে নীতির সমালোচনা করা উচিত।,discouraging_abuse,abusive_language
2121,বাংলাদেশের মেয়েরা সবচেয়ে বেশি লো পতিতা চামড়া ব্যবসায়ী,"এটি সব মেয়েকে একসাথে অপমান করছে, যা বাস্তবসম্মতও নয়।",fact_based,gender_abuse
2122,তোমার মত মেয়ে শেখদের ঘরে কাজের বুয়া হিসেবে থাকে,কারও পেশা বা মেয়ে হওয়া নিয়ে এমন কথা বলা অপ্রয়োজনীয় ও অপমানজনক।,empathy,gender_abuse
2123,"মিডিয়ার নামে এগুলা কি হচ্ছে? বেশ্যা মাগি। শেখদের চোদা নিতে ভালো লাগে তো ঐখানেই থাক,খানকি।",মিডিয়ার সমালোচনা করতে হলে ভাষা শালীন রাখা জরুরি।,discouraging_abuse,gender_abuse
2124,"তাহলে তুমি এতো কিছু জানলে কিভাবে, মেয়ে মানুষ হয়ে মেয়েদের নামে অশ্লীল কথা বার্তা বলে, বেহায়া নারী",নারী হওয়া বা কথা বলার ধরন নিয়ে অপমান না করে বিষয়টি ভদ্রভাবে বলা ভালো।,discouraging_abuse,gender_abuse
2125,"তোদের মতো মেয়েদের পাইকারি দরে পাওয়া যায়, বাইছা লন বাইছা লন তরা সেই প্রোডাকট",নারীদের পণ্যের সঙ্গে তুলনা করা খুবই অমানবিক।,empathy,gender_abuse
2126,নস্টা মেয়েগুলো কুৎসিত ওয়ার্ডগুলো উচ্চারণ করাতে নিজেদেরকে স্মার্ট মনে করে। আদৌতে তাদের চেয়ে পল্লির মেয়ে গুলো বেশি সম্মানের দাবিদার। কেনো যে বেহায়া টাইপ রিল গুলো সামনে আসে! বড়ই ডিসগাস্টিং!,কোনো মেয়েকে ‘নষ্ট’ বা কুৎসিত বলা উচিত নয়; সমালোচনা হলে সেটা আচরণে সীমাবদ্ধ রাখুন।,fact_based,gender_abuse
2127,এরা হলো বেশ্যা। সম্ভ্রান্ত পরিবারের মেয়েদের মুখে কখনও অশালীন কথা বের হবে না ।,একটি পরিবারকে সম্ভ্রান্ত আর অন্যকে বেশ্যা বলা ভীষণ বিচারহীন ও অপমানজনক।,moral_appeal,gender_abuse
2128,এদের কথা শুনেই বুজা যায় বাংলাদেশের মেয়েদের কে এদের মতো মেয়েদের জন্য ধনী দেশের মানুষরা পতিতা মনে করে,কিছু মানুষের কারণে পুরো দেশের মেয়েদের পতিতা বলা একেবারেই ন্যায্য নয়।,fact_based,gender_abuse
2129,বাংলাদেশি হয়ে বাংলা ভাষায় কথা না বলা চুদমারানি,কোনো ভাষা না বলার কারণে কাউকে অপমান করা ঠিক নয়।,discouraging_abuse,abusive_language
2130,"বড় লোক বাপের ভুস্কি মেয়ে, বাবা সাথেই ছিলো অথচ তারা এসব দেখে না কারন তারা নিজেরাও হোটেল কাপানো দম্পতি এসব বলতেও লজ্জা লাগে",পরিবার নিয়ে এমন কটাক্ষ না করে নির্দিষ্ট সমালোচনা করা উচিত।,discouraging_abuse,abusive_language
2131,মেয়েটি মনে হয় মানসিকভাবে অসুস্থ। আপনার দরকার ছিল এডিটিং করে জামাটা খুলে দিতে তাহলে পাবলিক ধরে নিতে বেড়া নামক বেড়ি,মানসিক স্বাস্থ্য নিয়ে কটাক্ষ না করে সম্মানজনক ভাষা ব্যবহার করা উচিত।,empathy,abusive_language
2132,একটা ব্রা কেনার টাকা নেই নাকি মেয়েকে পর্ণস্টার বানাতে চাচ্ছে,কাউকে পর্ণস্টারের সঙ্গে তুলনা করা খুবই অপমানজনক।,empathy,gender_abuse
2133,"এসব বলার পরে এই মেয়ে একদিন ভাইরাল হবে এবং এর থেকেও নোংরা কাপড় পড়ে জাতির সামনে গতিবে। আর সেটা নিয়ে মানুষ ভিউ ব্যবসা করবে কারণ এদের তো লজ্জা নাই, লজ্জা তো আমাদের",কারও ভবিষ্যৎ নিয়ে এমন নেতিবাচক ভবিষ্যদ্বাণী না করে আচরণ নিয়ে কথা বলা উচিত।,fact_based,gender_abuse
2134,নাহ এইসব চুদলিংপং মাগিদের কারণে দেশটা নষ্ট হয়ে গেছে,কয়েকজনের আচরণে দেশ নষ্ট হয়ে গেছে বলা অতিরঞ্জন; নির্দিষ্ট সমস্যা তুলে ধরুন।,fact_based,gender_abuse
2135,"কুকুরের বাচ্চা এই মেয়েটা এই পোষাকে ইন্টারভিউ দিয়ে ভুল করছে, সেই সুযোগে তোরা ভিউ ব্যবসা শুরু করে দিয়েছিস তোর বোনের এমন একটা ফটো শেয়ার কর জানোয়ার",কাউকে কুকুরের বাচ্চা বলা ও বোনের ছবি শেয়ার করার কথা বলা দুটোই অশালীন।,warning_of_consequences,threat
2136,"কিরে বোকা চোদা কি করসত তুই, ভালা হইলি না বাঙ্গির নাতি",কারও উন্নতি নিয়ে কথা বলতে হলে গালি না দিয়ে ভদ্রভাবে বলা ভালো।,discouraging_abuse,abusive_language
2137,এই বেয়াদব এর ভিডিও দেখলে মন চায় ওর বাপ মা কে জুতা মারী,কারও ভিডিও অপছন্দ হলে তার বাবা-মাকে টেনে অপমান করা ঠিক নয়।,empathy,abusive_language
2138,বড় হয়ে নিশ্চিত ও নামধারী কোন মাগি তে পরিচিত লাভ করবে,কারও ভবিষ্যৎ নিয়ে এমন অপমানজনক অনুমান করা অশোভন।,fact_based,gender_abuse
2139,ওর বাবার পুটকির চামড়া মাইরা লাল করা উচিত,"এটি সরাসরি শারীরিক নির্যাতনের ভাষা, যা অনুচিত।",warning_of_consequences,threat
2140,"এগুলো আরও বড় হবে মনোরঞ্জনের জন্য, ভবিষ্যৎ পতিতা",একটি মেয়ের ভবিষ্যৎকে পতিতা বলে দাগানো খুবই অপমানজনক।,empathy,gender_abuse
2141,এর মা আর বাপকে ধরে পিছনে পাথর ভরে দেওয়া দরকার,"এটি ভয়ংকর নির্যাতনের কথা, যা কোনোভাবেই গ্রহণযোগ্য নয়।",warning_of_consequences,threat
2142,এর বাপ মা খানকি মাগীর বাচ্চাদের কথা চিন্তা করছি কতবড় জঘন্য মেয়ে ব্যবসায়ী হলে নিজের মেয়েকে এভাবে জনসম্মুখে উপস্থাপন করে।,পরিবার ও মেয়েকে টেনে এমন অপমান করা অশোভন; নির্দিষ্ট আচরণই সমালোচনা করা উচিত।,fact_based,gender_abuse
2143,"আমার মনে হয় সে তার আম্মুর বয়ফ্রেন্ড এর জন্ম ছিলো, নিশ্চয়ই তার জম্মের ভিতর ভেজাল আছে",কারও জন্ম বা মায়ের সম্পর্কে এমন কল্পিত কথা বলা প্রমাণ ছাড়া ঠিক নয়।,fact_based,abusive_language
2144,এই মেয়েটা ওর বাবার সাথে সিনেমা দেখতে আসছে। বাপ যেখানে অশালিন সেখানে মেয়ে নিশ্চই অশালীন ই হবে,বাবাকে দেখে মেয়ের চরিত্র বিচার করা ভুল; ব্যক্তি আলাদা।,fact_based,gender_abuse
2145,"নষ্ট ফ্যামেলির নষ্ট সন্তান, এগুলো সব মা বাবার কুকর্মের ফল।",একজন মানুষকে পুরো পরিবারের কুকর্মের ফল বলা ন্যায্য নয়।,fact_based,abusive_language
2146,মর্ডান বাবার চুতমারানি মেয়ে। বাবা নামের কলঙ্ক টাকে দেখতে চাই।ভবিষ্যতে তসলিমা হবে,কারও ভবিষ্যৎ বা বাবা নিয়ে এমন অপমানজনক কথা খুবই কষ্টদায়ক।,empathy,gender_abuse
2147,এইবার চিন্তা করেন এর মা বাবা কেমন ছিলেন বা এর মা কেমন নষ্ট নারী যে মেয়েকে উলঙ্গ করে রাস্তায় ছেড়ে দিয়েছে,কোনো মায়ের নামে এমন অভিযোগ প্রমাণ ছাড়া করা যায় না।,fact_based,abusive_language
2148,"অসভ্য পরিবারের মেয়েটা। বাপ,মা ইতর শ্রেনীর",পরিবারকে নিয়ে এমন অপমান খুবই নিচু মানের আচরণ।,empathy,abusive_language
2149,ওরে কড়কড়া বালু দিয়ে পুটকি মারা উচিত,"এটি সরাসরি নির্যাতনের হুমকি, যা কখনোই মেনে নেওয়া যায় না।",warning_of_consequences,threat
2150,কেমন বালচুদা বাপ মা হলে আবার মিডিয়া সামনে মেয়ের পাশে দাঁড়ায় হাসে।,পরিবারকে টেনে অপমান না করে ঘটনাটির সমালোচনা ভদ্রভাবে করা উচিত।,discouraging_abuse,abusive_language
2151,"থাক কেউ কিছু বলবেন না,এটা প্রতিবন্ধী ঘরের প্রতিবন্ধী মেয়ে!",প্রতিবন্ধিতা টেনে অপমান করা খুবই অনুচিত; কারও মর্যাদা এতে কমে না।,empathy,abusive_language
2152,আমার মেয়ে যদি এরকম হতো জবাই করে নদীতে ভাসিয়ে দিতাম,"এটি মৃত্যুর ও সহিংসতার কথা, যা খুবই বিপজ্জনক এবং অমানবিক।",warning_of_consequences,threat
2153,এদের বাবা মা ভদ্র ঘরের অভদ্র জারজ সন্তান যে নিজের সন্তানের ইজ্জত ঢেকে রাখতে পারে না,কারও বাবা-মা বা সন্তানকে জারজ বলা খুবই কষ্টদায়ক ও অপমানজনক।,empathy,abusive_language
2154,ইংলিশ মিডিয়ামে পরে মেয়ে খানকি হয়ে গেছে,শিক্ষাপ্রতিষ্ঠান দেখে কাউকে চরিত্রহীন বলা ঠিক নয়।,fact_based,gender_abuse
2155,"বেজন্মাদের মতো কথা বলে ফেললি একটা। আমি কোন জনতা, এটা তোর মতো আবাল বুঝবে না। বসে বসে ডলার, টাকা, রুপি, ইয়েন - এগুলোর নাটক গিলতে থাক, বলদ।",অন্যকে ছোট করে কথা বললে নিজের বক্তব্যের গুরুত্ব কমে যায়।,fact_based,abusive_language
2156,"জাতি বেইমান না, বেইমান হচ্ছে যারা সরকারের গদিতে বসে আছে। এই কুলাঙ্গার বাচ্চাদের এনে হিজরে মাঠে নামিয়ে তাদের মেয়েদের বউদের এভাবে ধর্ষণ করতে হবে, খানকির পোলারা বুঝবে কত ধানে কত চাল",রাজনৈতিক ক্ষোভ থাকলেও ধর্ষণের হুমকি কখনোই গ্রহণযোগ্য নয়।,empathy,threat
2157,বাংলাদেশের নাম কেটে বাইনচুদের দেশ রাখা উচিত,"একটি দেশের নাম ধরে অপমান করা বিদ্বেষ বাড়ায়, সমাধান নয়।",moral_appeal,hate_speech
2158,চোদাতন ধর্মের গো মাতা গরুর চারটা পা আর চোদাতন ধর্মের সন্তানদের ২ টা পা কেমনে সম্ভব,ধর্ম নিয়ে এমন কটাক্ষ না করে নির্দিষ্ট যুক্তি বা তথ্য তুলে ধরা উচিত।,fact_based,hate_speech
2159,ওই বলদ আমরা খাইতেছি বিদেশ থেকে তোদের মাগো মাথার মাংস এখানে স্পষ্ট লেখা মেড ইন ইন্ডিয়ান,এভাবে পুরো একটি জাতিকে নিয়ে অপমান করা ঠিক নয়।,fact_based,hate_speech
2160,"কিরে গরুর বাচ্চা তোর মায়ের পা চারটা তোর দুই টা কেন, মায়ের চামডা দিয়ে জুতা পরতে পারো তার ধুত খেতে পারো মুত ও খাও কেমন কুলাংগার সন্তান তুমরা",কারও মা বা জন্ম নিয়ে এমন কথা খুবই কষ্টদায়ক এবং অশালীন।,empathy,abusive_language
2161,"তুই বাল ছের মাদারচোদ যোগী।।।তুই কেনো তোর বাপ মোদী ও কিচ্ছু ছিঁড়তে পারবে না ,,আর তোর লাবারিশ হিন্দুর জাত রাও বাল ছিঁড়বে","রাজনৈতিক রাগ থাকলে সেটা গালি ছাড়া, নির্দিষ্ট সমালোচনায় প্রকাশ করা ভালো।",fact_based,abusive_language
2162,"ওই বোকাচোদা দাদাকে বলব,তাহলে গরু পালন করবে কে? আর করেই বা কি করবে শুধু কি দুধ আর মুত খাবে?",কাউকে বোকা না বলে ভদ্রভাবে প্রশ্ন করলে কথাটা বেশি গ্রহণযোগ্য হয়।,discouraging_abuse,abusive_language
2163,আর এই খানকির পোলারা জে পাঠা বলি দেয় ওদের কি করা উচিত,কোনো গোষ্ঠীর বিরুদ্ধে হিংসার কথা না বলে শান্তভাবে সমালোচনা করা উচিত।,moral_appeal,hate_speech
2164,"একদম ঠিক বলছেন ভাই, সালারা সব ভারতের মেথর মুচি সুইপার",একটি দেশের মানুষের পেশা টেনে অপমান করা ন্যায্য নয়।,fact_based,hate_speech
2165,এটা দেখি মেয়াদোত্তীর্ণ গাজা খাওয়া মাদারচোদ ।এ পদ ক্য খানকির পোলায়,নেশা বা ব্যক্তিগত চরিত্র নিয়ে অপমান না করে বিষয়টা নির্দিষ্টভাবে বলা উচিত।,discouraging_abuse,abusive_language
2166,"এই উকিল কে আগে ধরে কেউ মার শালা, মানুষ মেরে আবার ভুল করছে বলে",সহিংসতা দিয়ে বিচার হয় না; প্রমাণ আর আইনি প্রক্রিয়াই দরকার।,fact_based,threat
2167,এই মামলায় আসামী পক্ষের আইনজীবী ?? এই আইনজীবী একটা জানোয়ার যে কারনে সে এই মামলার আসামীর পক্ষে কাজ করছে এই জানোয়ারেরও ফাসি হওয়া উচিত।,"আইনজীবী কাউকে প্রতিনিধিত্ব করতেই পারেন, এজন্য তার ফাঁসি দাবি করা যুক্তিযুক্ত নয়।",fact_based,abusive_language
2168,"আইনজীবী বউ, বাচ্চা মনে হয় পতিতালয়ে দিয়ে এসেছে না হলে তার পক্ষে কথা বলতো না। সরকার এর বিচার না করলে বোঝা যায় বড় ধরনের মানুষ গুলো তার পরিবার দিয়ে ব্যবসা চালাচ্ছে",পরিবারকে টেনে এমন অপমান করা বা কল্পনা ছড়ানো ঠিক নয়।,empathy,abusive_language
2169,এই আইনজীবীর মেয়েকে আমি স্বেচ্ছায় খুব ভালো করে জোর করে ধর্ষন করতে চাই । ধর্ষণ করে মেরে লাস্ট টু টুকরো করে মেরে ফেলার পর আমি ও স্বেচ্ছায় মাফ চাইবো।,"এটি ভয়ংকর অপরাধের হুমকি, যা কোনোভাবেই গ্রহণযোগ্য নয়।",warning_of_consequences,threat
2170,"উকিলই তো একটা নেশাখোর দেখলেই বুঝা যায়, ওয় আর কি কি করবে।",কারও পেশা বা নেশা নিয়ে প্রমাণ ছাড়া এমন কথা বলা ঠিক নয়।,fact_based,abusive_language
2171,ভাই আপনার এই প্রশ্ন আমারও কিন্তু উত্তরটা মাদারচোদ স্বরাষ্ট্রমন্ত্রী সালাহউদ্দিনের কাছে নিতে হবে,মন্ত্রীর সমালোচনা থাকলে গালি না দিয়ে বিষয়টি পরিষ্কারভাবে বলা ভালো।,fact_based,abusive_language
2172,শিক্ষিত কুকুর এদের মতো সচিবদেরকেই বলা হয়,"সচিবদের সমালোচনা করতে হলে অপমান নয়, কাজের ভুল দেখানো উচিত।",discouraging_abuse,abusive_language
2173,"চুদির পো আইন শিখাও,তুই ত একটা অপরাধী কারণ তুই অপরাধীর পক্ষ হয়ে কথা বলসোদ।",অপরাধের অভিযোগ থাকলে সেটি প্রমাণসহ ও ভদ্রভাবে বলা উচিত।,fact_based,abusive_language
2174,মাগির পোলা তুই আরেকটা দালাল,কাউকে দালাল বলার আগে তার কাজের নির্দিষ্ট প্রমাণ দেখানো দরকার।,fact_based,abusive_language
2175,এই আইনজীবী একটা জঘন্য লোক । সে মিথ্যা কথা বলে হইলেও ওই কুকুর কে বাঁচানোর চেষ্টা করতেছে,চরিত্রে আক্রমণ না করে যুক্তি ও বক্তব্যের সমালোচনা করাই ভালো।,fact_based,abusive_language
2176,কুকুরটা বের হোক না! বের হলেই গুলি করে দেবো শালারে,এভাবে গুলি করার কথা বলা খুবই বিপজ্জনক এবং অগ্রহণযোগ্য।,warning_of_consequences,threat
2177,আরে খানকির ছেলে তুই রাষ্ট্রের পক্ষ থেকে আসামের আইনজীবী হয়েছিস সেটা না হয় বুঝলাম। তোর এই সাংবাদিক সম্মেলনে এটা বলা উচিত ছিল রামিসা হত্যা মামলার বিচার হওয়া উচিত।,সাংবাদিক সম্মেলনে মূল দাবি পরিষ্কারভাবে বললে সেটাই বেশি কার্যকর হয়।,fact_based,abusive_language
2178,ভাই এই খানকির মাগির পুলা সাজাইয়াছে এই বেয়াদপের বাচ্চা বেয়াদপ কে বাংলাদেশের জনগণের খোজতেছে গনো ধোলাই দিবার জন্য ইনশাআল্লাহ গনো ধোলাই খাইবে এই দালালের বাচ্চা দালাল,"গণধোলাইয়ের কথা বলা সহিংসতা উসকে দেয়, যা সমাধান নয়।",empathy,threat
2179,খানকির পোলা সত্যকে মিথ্যা বানানোর চেষ্টা করিস আবার মুখ দেখাস।।আল্লাহর গজব পড়ুক তোর উপর,ধর্মীয় অভিশাপ না দিয়ে নির্দিষ্ট ভুলটা দেখানো বেশি যুক্তিসঙ্গত।,fact_based,abusive_language
2180,তুই হচ্ছিস শুয়োরের চেয়েও নিকৃষ্ট তোর পরিবারের সাথে এরকম নিকৃষ্ট ঘটনা ঘটানো উচিত,পরিবারকে টেনে এমন অপমান বা হুমকি খুবই অমানবিক।,empathy,threat
2181,শুয়োরের বাচ্চা মাদারচোদ যখন তোর মেয়েদের ধর্ষন করবে না তখন বলে দিয়েছি খানকির পোলা তোরে তো মেরে ফেলা উচিত,ধর্ষণকে ঘিরে এমন ভাষা ভয়ংকর; নিরাপত্তা আর আইনের কথা বলা উচিত।,moral_appeal,threat
2182,তোর মাইয়ার সাথে যদি এরকম হইতো খানকির পোলা তুই কি করছিস ওই তোর মাদারচোদ খানকিমাগীর পোলা,কারও মেয়ে বা পরিবারকে টেনে অপমান করা খুবই কষ্টদায়ক।,empathy,abusive_language
2183,তরে জুতা মারা উচিত মাদার চোদ।তোর বৌও মেয়ে দের তোলা হবে,জুতা মারা বা তুলে নেওয়ার কথা বলা সহিংস এবং অনুচিত।,warning_of_consequences,threat
2184,তোর মত কুলাঙ্গার আইনজীবী আর যেন কারো ঘরে জন্ম না নেয়।,পেশার লোকজনকে নিয়ে এমন অপমান না করে নির্দিষ্ট কাজ নিয়ে কথা বলা উচিত।,fact_based,abusive_language
2185,তোমার মারে আমি চুদমু খানকির পোলা তোর মাদারচোদের বাচ্চা মাদারচোদ।,"এটি সরাসরি যৌন অপমান, যা কথোপকথনকে নীচে নামায়।",empathy,abusive_language
2186,খানকির পোলা তুই বাংলাদেশে বসবাস করস দেখে এখনো বেঁচে আছিস অন্য কোন ক্রান্তি হলে হয়তোবা অন্য কোন দেশ হলে তোকে এতক্ষণে মেরে ফেলতো শালারপুত একজন ধর্ষনকারীর পক্ষ নিয়ে তুই কথা বলছিস,"ধর্ষণের অভিযোগ থাকলে তা প্রমাণ দিয়ে আলোচনা করা উচিত, হত্যা-হুমকি নয়।",fact_based,threat
2187,মাদারচোদ তোর মেয়ে কে ধর্ষন করা লাগবে তা হলে বুজবি,ধর্ষণকে উদাহরণ হিসেবে টেনে আনা ভয়ংকর এবং অমানবিক।,empathy,threat
2188,আপনার দায়িত্ব পুটকি দিয়ে ঢুকিয়ে দিবে।,এটি অশ্লীল ও হুমকিমূলক; এভাবে কথা বললে কোনো যুক্তি প্রতিষ্ঠা হয় না।,discouraging_abuse,threat
2189,তোর মতো জানোয়ার নর্দমার কীটকে পাইলে জুতা পিটা করতাম।,কারও বিরুদ্ধে জুতাপেটার কথা বলা সহিংসতা বাড়ায়।,empathy,threat
2190,মাদারচোদ তুই কেমনে বলিস আসামীরা নির্দোষ। তোর মেয়ে যদি ধর্ষন করতো আর তুই যদি উকিল থাকতি তবুও তুই টাকার জন্য বলতি মিথ্যা ধর্ষন হয়নি।জানোয়ার তুই উকিল নামের কলংক।,আইনজীবীকে নিয়ে অভিযোগ থাকলে যুক্তি আর প্রমাণে বলাই ভালো; পরিবার টেনে আক্রমণ করা ঠিক নয়।,fact_based,abusive_language
2191,তোর জন্য দোয়া করি রামিসার মত যেন তোর বাচ্চাটাও ধর্ষিত হয় এবং সেই দৃশ্য যেন তুই নিজ চোখে দেখতে পারো। সেই মামলায় আসামিপক্ষের আইনজীবীদের তোর কাছে কেমন লাগবে?,এটি অত্যন্ত অমানবিক প্রার্থনা; ক্ষোভ থাকলেও এমন কথা বলা উচিত নয়।,empathy,threat
2192,তুমি মিনমিনা শয়তান। তোমার কেন এই মামলা নিতে হবে? আজ তোমাকে মানুষ ঘিন্না করছে।,মানুষের ঘৃণা তৈরি করে এমন ভাষা না দিয়ে কাজের সমালোচনা করা উচিত।,discouraging_abuse,abusive_language
2193,শালা কুকুর নরপশু নাস্তিক কুলঙ্গার এটা নিষ্পাপ শিশুর খুনীর পক্ষে এজেন্ট দালাল বদমাশ উকিল হয়ে গেছোস।,গুরুতর অভিযোগ থাকলে সেটি প্রমাণসহ ও শান্তভাবে বলা দরকার।,fact_based,hate_speech
2194,কুলাঙ্গার মাদারচোদ বেজন্মা তকে মানুষ সাধুবাদ জানাবে ভাবছিল তোর মা কুকুরের সাথে সহবাস করে তোকে পেট থেকে বের করেছে কুকুরের বাচ্চা।,কারও মা বা জন্ম নিয়ে এমন ভয়ংকর অপমান করা খুবই কষ্টদায়ক।,empathy,abusive_language
2195,তোর মত হারামির বাচ্চার কারণে এই রকমের মামলা বছরের পর বছর বিচারহীন অবস্থায় কোটের ঘুরে,"বিচারহীনতার সমালোচনা করা যায়, কিন্তু ব্যক্তিগত গালি না দিলেও বক্তব্য বোঝা যায়।",fact_based,abusive_language
2196,মাদারচোদ তোরে কুত্তা দিয়া চোদান দরকার তোরে খানকির পোলা জনগণের সামনে জবাই করা দরকার,"এটি ভয়ংকর যৌন ও শারীরিক হুমকি, যা অত্যন্ত বিপজ্জনক।",warning_of_consequences,threat
2197,খানকির ছেলে তোর ধোন কেটে কুত্তা দিয়া খাউ আইতে হবে আবার কথা বলে কি ভাবে এই শুয়োরের বাচ্ছা,এ ধরনের অশ্লীল নির্যাতনের ভাষা বন্ধ করা উচিত।,empathy,threat
2198,এই জানোয়ারের ঘরের মা বোন বৌ মেয়ে কে সবাই মিলে ধর্ষন করো,"এটি দলবদ্ধ ধর্ষণের উসকানি, যা ভয়ংকর অপরাধ।",moral_appeal,threat
2199,আপনাকে কে বলছে দায়িত্ব চুদাইতে যেতেন কেও মামলার নেই নাই আপনি নিচ্ছেন কেন মাদারচোদ,"দায়িত্ব নেওয়ার সমালোচনা থাকতে পারে, কিন্তু গালি দিলে মূল কথা হারিয়ে যায়।",fact_based,abusive_language
2200,বানদির পুলা তর মাইয়ারে চুইদা খালাশ করা দরকার,"এটি সরাসরি যৌন সহিংসতার হুমকি, যা কোনোভাবেই গ্রহণযোগ্য নয়।",empathy,threat
2201,"বদমাইস।বদমাইস করে তো কম টাকাস নাই,এরকম একটা জগন্য কাজ, এখানেও তোর উকালতি করতে হয়।তোকে সন্মান দেওয়ার মত ভাষা আমার নাই,তাই তুই বলে সম্বোধন করলাম।ছিঃ",কারও আচরণে রাগ হলে অপমান না করে নির্দিষ্ট সমালোচনা করাই ভালো।,fact_based,abusive_language
2202,"সালা বাটপার,লোভী,মিথ্যাবাদী ।উকিল নামের কলংক। ওর কোনো সন্তানের রামিসার মতো হলে বুঝতো।",কোনো পেশাকে কলঙ্ক বলা বা সন্তানকে টেনে আনা অন্যায়।,empathy,abusive_language
2203,বাইঞ্চোদ তোর মেয়ের সাথে এমন হলে তখন সংবিধান অনুযায়ী অপরাধীর পক্ষে দাড়াবি?,ন্যায়ের প্রশ্ন তুলতে হলে পরিবারের নাম টেনে আক্রমণ না করাই ভালো।,fact_based,abusive_language
2204,"বাইনচোদ তোর মা বোন মেয়ে নাই, এই দায়িত্ব নেওয়ার আগে চিন্তা করে নেওয়া উচিত ছিলো।","দায়িত্ব নেওয়ার আগে ভাবা উচিত—এ কথা বলা যায়, পরিবারকে অপমান না করেও।",fact_based,abusive_language
2205,তোর জন্মরি ঠিক নাই মনে হয় না হলে ধর্ষণের কেসে মামলা তুই লরিস এত টাকার প্রতি লোভ প্রতি,কারও জন্ম বা আর্থিক লোভ নিয়ে এমন অপমানজনক কথা ঠিক নয়।,fact_based,abusive_language
2206,এই শুয়োরের বাচ্চা তোর মেয়েকে কেউ এভাবে ধর্ষন করে মেরে ফেললে কি করতি তুই।কোন মায়ের পেটে তোর জন্ম হইছে রে শুয়োরের বাচ্চা,ধর্ষণের উদাহরণ দিয়ে কাউকে আঘাত করা খুবই অমানবিক।,empathy,threat
2207,আরে বোকাচদা তুই একদিনে মামলা শেষ করে দিতি ইউর ওনার আমার মক্কেল এই অপরাদ করেছে মামলা শেষ,আইনগত বিষয়ে রাগ থাকলেও গালি না দিয়ে নির্দিষ্ট প্রশ্ন করা ভালো।,discouraging_abuse,abusive_language
2208,হ্যাঁ কয় হ্যাঁ রে বলে সাধুবাদ জানাইবো কি করে হের মারে চুদবে,"অপমানজনক প্রতিক্রিয়া দিয়ে তর্ক বাড়ে, সমাধান আসে না।",discouraging_abuse,abusive_language
2209,মাদারচোদ তুই আমার প্রতিবেশী হইলে তোর হোগা মাইরা দিতাম মাংগির পোলা,প্রতিবেশী নিয়ে ক্ষোভ থাকলেও আঘাতের কথা বলা ঠিক নয়।,empathy,threat
2210,"এই লোক একটা সাক্ষাৎ শয়তান। এর কথাতেই বোঝা যাচ্ছে। নিজেই নিজেকে সঠিক বলে প্রমাণ করতে পারছে না।কারন সে জানে,যে কতটা খারাপ একটা ক্রিমিনালের পক্ষের উকিল সে।",কাউকে শয়তান বলার বদলে তার যুক্তি বা কাজের সমালোচনা করা বেশি যৌক্তিক।,fact_based,abusive_language
2211,খানকির পোলা তুই দেখতে যেরকম কালো শুয়োর তোর ব্যবহার তার চেয়ে তো খারাপ,চেহারা নিয়ে অপমান না করে ব্যবহার নিয়ে কথা বললে সেটি বেশি ন্যায্য হয়।,empathy,abusive_language
2212,"অমানুষ, কুলাঙ্গারদের আবার মেধা, ডিগ্রি আর পদ পদবী!! থুতু তাদের মুখে।",কারও ডিগ্রি বা পদবী থাকলেই তাকে অপমান করা উচিত নয়; কাজের মান দেখাই আসল।,fact_based,abusive_language
2213,স‌্যার ওরা জাস্ট কুলাঙ্গার ওদের মেধার কোন মূল‌্য নাই।,মেধার মূল্য না দিয়ে কাউকে কুলাঙ্গার বলা তার সমস্যার সমাধান করে না।,fact_based,abusive_language
2214,"জারজ গুপ্ত তোর ভাষা দেখেই বোঝা যায় তুই রাজাকার, মাগীর ছেলে মাত্র ২৯ দিনে বিএনপি ধর্ষনের সাজার রায় দিয়েছে গত সপ্তাহে। নিউজ দেখ অশিক্ষিত মাগির বাচ্চা",রাজনৈতিক বিষয়ে কথা বললেও গালাগালির বদলে সংবাদ ও রায় দিয়ে সমালোচনা করা উচিত।,fact_based,abusive_language
2215,"এই চুতমারানি শাওয়া মাগির পোলা তুই কোন বিচার হতে দেকছিস,,তোর মত দৌলতদিয়া পতিতা লয়ে জন্ম নেয়া বেস্যার পোলাদের জন্য দেশের এ অবস্থা",কোনো মানুষের জন্ম বা মাকে টেনে এমন অপমান করা খুবই নিচু মানের কথা।,empathy,abusive_language
2216,"এই কলেজে আছিস কি সত্যিই ? মাগির বাচ্চা, তোর মতো একটা অশিক্ষিত, নোংরা মুখের ভাষার বেজন্মা কে তারা কি করে এই রকম প্রতিষ্ঠানে রাখে দেখতেছি।",কলেজ বা শিক্ষাপ্রতিষ্ঠান নিয়ে সমালোচনা করতে হলে ভাষা ভদ্র রাখা উচিত।,fact_based,abusive_language
2217,"তোর ছাওয়াল মরুক খানকিরপো, তোর কোন ছার নাই। যখন অন্যের স",কারও সন্তানের মৃত্যু কামনা করা ভয়ংকর ও অমানবিক।,empathy,threat
2218,বোকাচোদা জারজ কোথাকারচ তোর বাপ খাম্বা আর তার কর্মীরা তোরে এবং তোর পরিবাররে যেদিন পিছন মারবে সেদিন তোর হুশ ফিরবে।,"পরিবারকে টেনে হুমকি দেওয়া খুবই বিপজ্জনক, তাই এমন কথা থামানো উচিত।",moral_appeal,threat
2219,যেদিন তোর মা বোনের গোয়া মারবে এভাবে সেদিন তুই বুঝবি। আর হাসিনা বলে মামা করে চিল্লাবি শুয়োরের বাচ্চা,পরিবারকে নিয়ে ভয় দেখানো ও অপমান করা আলোচনাকে আরও বিষাক্ত করে।,empathy,threat
2220,খানকির ছেলেরা এমন কমেন্টস ছাড়া আর কি করতে পারিছ? শুয়োরের বাচ্চা,অপমান না করে যুক্তি দিয়ে কথা বললে বার্তা বেশি স্পষ্ট হয়।,fact_based,abusive_language
2221,"ভারত করে করে দেশের হোগা মারা দিয়েছিস, কয়েকটা দিন অপেক্ষা কর জনগণ তোদের মা বোন চৌদ্দ গুষ্টিকে রাস্তায় ফেলে চুদবে। বট রাজাকারের বাচ্চা, জন্ম পরিচয়হীন জারজ সন্তান না হলে কেউ বট আইডি চালায়?",দুই দেশের সম্পর্ক নিয়ে মতভেদ থাকলেও গণধর্ষণের হুমকি দেওয়া ভয়ংকর।,empathy,threat
2222,সেই হাসিনা হারামজাদী আমাদের দেশটাকে শেষ করে দিয়ে গেছে,"নেতৃত্বের সমালোচনা করা যায়, কিন্তু গালি না দিলেও বক্তব্য বোঝা যায়।",fact_based,abusive_language
2223,কুত্তার বাচ্চা তোর বাপ তারেক রে ধরে প্রমাণ করতে বল,"রাজনৈতিক ব্যক্তিকে নিয়ে অভিযোগ থাকলে প্রমাণ দেখাতে বলা উচিত, গালি নয়।",fact_based,abusive_language
2224,খানকির ছেলে খুনি হাসিনার সময়ও এইসব আরও বেশি হতো,অভিযোগ তুলতে হলে সময়কাল ও তথ্য দেখিয়ে আলোচনা করা ভালো।,fact_based,abusive_language
2225,চুপ শালার বেটা খানকি মাগির পোলা জুলাই ২৪ রাজাকার বাস্টার্ড,"রাজনৈতিক ক্ষোভ থাকলেও গালি দিয়ে নয়, নির্দিষ্ট ঘটনায় কথা বলা উচিত।",discouraging_abuse,abusive_language
2226,তোরা চোদনারা এমন ভাব নেস যে চোদনা বঙ্গবলটুর লীগের বেলায় এইগুলা কিসুই হয় নাই,"কোনো দলের সমালোচনাও যুক্তি দিয়ে করা উচিত, অপমান দিয়ে নয়।",fact_based,abusive_language
2227,খানকির পোলা শেখ হাসিনার আমল কি এগুলো হয় নাই রে তোর মারে চুদি দালালের বাচ্চা,সাবেক সরকারের সমালোচনা করতে হলে গালি না দিয়ে ঘটনার উল্লেখ করাই ভালো।,fact_based,abusive_language
2228,কিরে খানকির পোলা মোদির অবৈধ জারজ সন্তান জঙ্গি সংগঠন বিজিবি আরএসএস এর সদস্য,রাজনৈতিক অভিযোগ থাকলেও ব্যক্তিগত ও পারিবারিক অপমান অপ্রয়োজনীয়।,fact_based,abusive_language
2229,"খানকির পোলা আগে এতো হইতো না, তোর মারে চুদি",কারও বদল নিয়ে অভিযোগ থাকলে গালি ছাড়া বলাই ভালো।,discouraging_abuse,abusive_language
2230,তুইযে জারজ এইটা পাব্লিক প্লেসে কেন বার বার কইতে আসিস,কারও জন্ম নিয়ে এভাবে কথা বলা অপমানজনক ও অপ্রয়োজনীয়।,empathy,abusive_language
2231,নিরাপত্তার কাজ করলে নিরাপদ দিবে কিন্তু তোরা মানুষের কাতারের লোক নাকি জে তোদের মতো মালুর চোদা কে নিরাপত্তা দিবে,নিরাপত্তা নিয়ে অভিযোগ থাকলে তা ভদ্রভাবে বলা উচিত।,fact_based,abusive_language
2232,এই আরেক খানকির ছেলে। হাসিনার সময়ে তো মোহাম্মদপুরে পুলিশ ই লাগতো না। দেশের সবচেয়ে নিরাপদ এবং সুন্দর এলাকা ছিলো তইানা? বোকাচোদা গুলা।,নিরাপত্তা নিয়ে তুলনা করতে হলে তথ্য আর নির্দিষ্ট ঘটনা ব্যবহার করা ভালো।,fact_based,abusive_language
2233,খানকির পোলা। মোহাম্মদপুরে এই প্রথম এমন ঘটনা ঘটলো তইানা? ৫ আগস্টের পরে ছিনতাইকারিদের প্রোটেকশন দিতো কে? জামায়াতের চুম্মা শফিক? বোকাচোদা।,নিরাপত্তা সমস্যা তুলে ধরতে হলে গালি না দিয়ে সুনির্দিষ্ট অভিযোগ দিতে হয়।,fact_based,abusive_language
2234,এইগুলা দেখেও যে আইন প্রশাসন কিছুই করতে পারে না সে আইন প্রশাসন চুদি,"আইনশৃঙ্খলা নিয়ে ক্ষোভ থাকতে পারে, কিন্তু প্রশাসনকে এভাবে গালি দিলে সমাধান আসে না।",fact_based,abusive_language
2235,সিসি ক্যামেরা ভিডিও বুঝস না মাগি তোরে ফেসবুক চালাইতে বলছে কে,ভিডিও বা প্রমাণ দেখিয়ে কথা বললে সেটি বেশি বিশ্বাসযোগ্য হয়।,fact_based,abusive_language
2236,ঢাকার ক্যান্সার মোহাম্মদপুর। সব চোর বাটপারদের বসবাস,একটি এলাকার সব মানুষকে চোর বললে তা ন্যায্য হয় না।,fact_based,abusive_language
2237,এ ব্লাডি মাদারফাকার একদম ভইরা দিমু কোনো আওয়াজ হবে না,এটি সরাসরি হুমকি; এমন ভাষা শুধু ক্ষতি বাড়ায়।,warning_of_consequences,threat
2238,হুম তোর আব্বা লাগে তোর মারে চুদে তোরে জন্ম দিছে,কারও বাবা-মাকে টেনে এমন কথা খুবই অপমানজনক।,empathy,abusive_language
2239,এরকম আবাল মার্কা ক্রিয়েটর গুলা কোন কুত্তার মাধ্যমে যে জন্ম নেয় বুঝি না এসব ভুয়া পোস্ট মাথায় কেমনে আসে এদের,কাউকে আবাল বা কুকুরের সঙ্গে তুলনা না করে পোস্টের ভুলটা দেখানো ভালো।,fact_based,abusive_language
2240,"তোমাদের মত ভোদাই গুলারে নিয়ে কিছু বলার নাই, উল্টাপাল্টা এক কাহিনী লেইখা ছাইড়া দাও,শালা বাইনচোদ",অপমান না করে ভুলটা ধরিয়ে দিলে আলোচনাটা উপকারি হয়।,discouraging_abuse,abusive_language
2241,১০০% রাইট কথা! এই হালাপুতেরা সব প্রতিবেশীর সাথে খারাপ সম্পর্ক তৈরি করছে!!,প্রতিবেশীদের সবার কথা একসাথে বললে তা সাধারণীকরণ হয়ে যায়।,fact_based,abusive_language
2242,খানকির ছেলে সবই ভারতের মধ্যে ছিল অন্য দেশ থেকে আসেনি,কোনো দেশের মানুষকে নিয়ে এভাবে দাগানো মন্তব্য ঠিক নয়।,fact_based,abusive_language
2243,"ভারত একটা আন্তর্জাতিক সন্ত্রাসী আর উস্কানিমূলক, নিপীড়ন মূলক, বিশৃঙ্খলা সৃষ্টি কারী এবং তার প্রতিবেশী দেশের ভূমি দখলকারী রাষ্ট্র।",কোনো রাষ্ট্রের সমালোচনা করতে হলে নির্দিষ্ট নীতি ও ঘটনার কথা বলাই ভালো।,fact_based,hate_speech
2244,"চুদির ভাই, এই টা সাধারণ জনগণে শাস্তি দেয়, জামায়াতের কী দুষ?",শাস্তির প্রশ্নে দলীয় রাগ না দেখিয়ে নির্দিষ্ট দায়-দায়িত্ব দেখা উচিত।,fact_based,abusive_language
2245,জামায়াত কি তোর মাকে লাগাইছে ? খানকির বাচ্চা,পারিবারিক অপমান দিয়ে রাজনৈতিক কথা বলা একদমই দরকার নেই।,empathy,abusive_language
2246,ঐ এলাকায় কি কোন মানুষ নাই যে এই মাদারচোদ রাজাকারের বাচ্চাকে থাপরাইতে পারে,কারও বিরুদ্ধে থাপ্পড়ের কথা বলা সমস্যা আরও বাড়ায়।,empathy,threat
2247,"রাজাকারের বাচ্চা, তোর বাপকে বাচাইতে আসছিস মাদারচোদ? ওর ভন্ডামি পছন্দ না হইলে ওর বিরুদ্ধে আইনানুগ ব্যবস্থা নেয়া যেতো না?",আইনগত পথই সঠিক; হিংসার কথা না বলে সেটা ব্যবহার করা উচিত।,fact_based,threat
2248,তুই আসলেই একটা চুদনা। তোর প্রোফাইল দেখে বুঝলাম,"প্রোফাইল দেখে কাউকে গালি দেওয়া নয়, নির্দিষ্ট কথার জবাব দেওয়া উচিত।",discouraging_abuse,abusive_language
2249,জামাত শিবিরের নেতা কর্মী অমানুষ,একটি রাজনৈতিক দলের সবাইকে অমানুষ বলা ন্যায্য নয়।,fact_based,hate_speech
2250,এই খানকিৱ পোলা বুইৱাৱ বৌ মাইয়াৱে এই ৱকম কৱা হবে।,কাউকে অপমান না করে তার কথা বা আচরণের সমালোচনা করা ভালো।,discouraging_abuse,abusive_language
2251,এই মাদারচুদ রে খাম্বার লগে লেংটা কইরা পিডান দরকার,"এটি নির্যাতনের কথা, যা কোনোভাবেই গ্রহণযোগ্য নয়।",empathy,threat
2252,আমি হলে ওই জায়গায় মাগির পোলারে পুটকি দিয়ে বাঁশ ভরে দিতাম,এমন হুমকি ও অশ্লীলতা বন্ধ করা দরকার।,empathy,threat
2253,"বালের নেতা সে, একজন নারী কে সম্মান দিতে পারে না সে কী বালের নেতা, তার বাসায় তো কোন নারীই মনে হয় তার কাছে নিরাপদ না","নারীর প্রতি অসম্মান নিয়ে সমালোচনা করা যায়, তবে গালি না দিলেও বক্তব্য স্পষ্ট থাকে।",fact_based,gender_abuse
2254,এই খানকির পোলা বুড়োর দাড়িতে আলকাতা লাগিয়ে ঘুড়ানো হোক।এই শালা রাবিশ চরিত্রহীন লুচ্চা।,"কারও বিরুদ্ধে এমন শাস্তির কথা বলা অমানবিক, আর চরিত্র নিয়ে অপমানও অনুচিত।",empathy,threat
2255,"জামাতের আসল রূপ জাতি এখন ও দেখে নাই, এরা যে কত খারাপ জাতি এখন টের পাবে।",কোনো দলকে পুরো জাতি বলে দাগানো ঠিক নয়; নির্দিষ্ট কাজের সমালোচনা করুন।,fact_based,hate_speech
2256,জামাত ইসলাম লেবাসধারী ধর্ম ব্যবসায়ী শয়তানের বাচ্চা,ধর্মীয় দল নিয়ে সমালোচনা করতে হলে অপমান না করে নির্দিষ্ট আচরণ তুলে ধরা উচিত।,fact_based,hate_speech
2257,জামায়াত মানেই লাওয়ারিশ গালিবাজ নবীর দুশমন দেশের দুশমন ইসলামের দুশমন।। এদেরকে সবাই পতিহত করুন।,কোনো গোষ্ঠীকে নবীর দুশমন বলা উসকানিমূলক; সমালোচনা থাকলে প্রমাণভিত্তিক হওয়া ভালো।,fact_based,hate_speech
2258,"জামাত মানে মাগিবাজ, জামাত মানে পোয়া খোর",একটি দলকে গালি দিয়ে সংজ্ঞায়িত করলে সেটা বক্তব্যকে দুর্বল করে।,discouraging_abuse,abusive_language
2259,ঐ এলাকায় কি কোন মানুষ নাই যে এই মাদারচোদ কে থাপরাইতে পারে,থাপ্পড়ের কথা বলার বদলে আইনি বা সামাজিকভাবে জবাব দেওয়া উচিত।,empathy,threat
2260,জামাতি রাজাকার খানকির পোলা। রাজাকার হটাও দেশ বাচাও।,রাজনৈতিক স্লোগান থাকলেও ব্যক্তিগত গালি না দিলেও কথা বোঝা যায়।,fact_based,abusive_language
2261,এইসব জারজদের শাস্তি না হওয়াতেই এতো বাড় বেড়েছে,"শাস্তির কথা বললে সেটি আইনি প্রক্রিয়ার মাধ্যমে হওয়া উচিত, গালাগালির মাধ্যমে নয়।",fact_based,abusive_language
2262,আমি যদি থাকতাম রে চুদে হাত পা ভাঙ্গে ফেলতাম,এভাবে হুমকি দিলে শুধু সহিংসতা বাড়ে তাই থামা উচিত।,warning_of_consequences,threat
2263,মা মেয়ে একইরকম খানকি এদের বিরুদ্ধে ব্যাবস্থা নেন,মা-মেয়েকে একসাথে অপমান করা খুবই অমানবিক।,empathy,gender_abuse
2264,৩ডা চুতিয়া পাওয়া গেছে এসব চুতিয়াগুলোরে আগে সাইজ করা উচিত।,অপমান না করে ভুলটা শান্তভাবে ধরিয়ে দেওয়া ভালো।,moral_appeal,abusive_language
2265,এগুলার ভাষা আচরন পুরাই বস্তির মতো খোজ নিলে দেখা যাবে কোন হোটেলে কাজ করে নর্তকী,কোনো প্রমাণ ছাড়া কারও পেশা ধরে অপমান করা ঠিক নয়।,moral_appeal,gender_abuse
2266,সব গুলাই তো দেখি ভুস্কিমাগী,কারও চেহারা বা পরিচয় ধরে অপমান করা খুবই নিচু মানের কথা।,empathy,gender_abuse
2267,দেখেন নর্দমায় জন্মানো বেজন্মা জারজগুলো হাহা দিচ্ছে।,কারও জন্ম বা পরিবার নিয়ে এমন কথা বলা খুবই কষ্টদায়ক।,empathy,abusive_language
2268,তারপর ভিক্টিম কার্ড খেলে আপনার গুষ্টিতে আগুন দিতো এসব চুতিয়া মার্কা জারজ গুলো,ভিক্টিমকে নিয়ে ব্যঙ্গ না করে ঘটনাটা যুক্তি দিয়ে দেখানো উচিত।,moral_appeal,threat
2269,এখানে পরিস্কার ভাবে হ্যারাস করছে আর ঐ চুতিয়া ভুস্কির কোনডারেও তো সুন্দরী মনে হয়লো না।,হ্যারাসমেন্টের অভিযোগ থাকলে তা প্রমাণসহ বলা ভালো।,moral_appeal,gender_abuse
2270,এইরকম পরিস্থিতিতে যে পরছে সে জানে কেমন যে লাগে ৭০% মাইয়া বর্তমানে খানকিমাগী,একটি পরিস্থিতি দেখে সব মেয়েকে দোষী বলা একেবারেই ন্যায্য নয়।,moral_appeal,gender_abuse
2271,কমেন্টে দেখি কতগুলা ভুস্কি আর সিম্পিং চোদনারা এসে বলে ছেলে মজা নিচ্ছে হায়রে ব্রেইনলেস,কাউকে ব্রেইনলেস বলা বাদ দিয়ে ভদ্রভাবে সমালোচনা করা উচিত।,moral_appeal,abusive_language
2272,ভিডিও এর মাইয়াগুলা পুরাই ভুস্কি শাহবাগী কোনো ভদ্র ঘরের সন্তান এমন করবে না।,একটি ভিডিও দেখে পুরো মেয়েদের চরিত্র ঠিক করা যায় না।,empathy,gender_abuse
2273,এদের নারী মনে হচ্ছে রাস্তায় দেহ ব্যবসা করে এরা সেই প্রজাতির নোংরা কিট,নারী বা পেশা নিয়ে এমন অপমানজনক ভাষা খুবই কষ্টদায়ক।,empathy,gender_abuse
2274,বাদ দেন ভাই বেশ্যা মাগীরা সব জায়গায় বেশ্যা গিরি দেখাবে এটাই স্বাভাবিক।,একজনের কাজ দেখে সব মেয়েকে দোষী করা ঠিক নয়।,moral_appeal,gender_abuse
2275,সালারপুত চুতিয়া দের তুতিয়ে বলতেছিস কেন চুতিয়া বল সরাসরি,গালির বদলে শান্তভাবে কথা বললে বক্তব্য বেশি শক্ত হয়।,moral_appeal,abusive_language
2276,ভাই এগুলোর একেকটার চেহারা আর আচরণ দেখেন চেহারার মধ্যেই বেশ্যা বেশ্যা ভাব আছে,চেহারা দেখে চরিত্র বিচার করা একদমই ঠিক নয়।,empathy,gender_abuse
2277,মোবাইলগুলো কেড়ে নিয়ে ওই বেডিদের পিছনে লাঠি ভরে দিলেই শান্ত হবে,এভাবে আঘাতের কথা বলা আরও ক্ষতি বাড়াবে।,warning_of_consequences,threat
2278,এই পতিতাদের নিয়ে কিছু বলার নাই ছেলেটা ভদ্র এজন্য এদেরকে পুটকি মারে নাই,কারও বিরুদ্ধে অশ্লীল ভাষা না ব্যবহার করাই ভালো।,moral_appeal,gender_abuse
2279,নুনুটা বার করে যেই মাইয়াডা বসে আছে ওর মুখে ঢুকিয়ে দিলে বেস্ট হয়তো,এটা অত্যন্ত অশ্লীল ও অসম্মানজনক কথা।,empathy,threat
2280,ঠিক বলছেন ভাই ওই শালা একটা পাগল চোদা,কাউকে পাগল বলে উড়িয়ে না দিয়ে কথা দিয়ে সমালোচনা করা উচিত।,moral_appeal,abusive_language
2281,আমার মা আমার বাবার সাথে ঘুমাইছে আর তোর মারে তো পাকিস্তানীর কুত্তারা চুদছে আজকে বাড়িতে গিয়া তোর মা রে জিগায় নিস শালা ফেরাউনের বাচ্চা,কারও মা-বাবা নিয়ে এমন কথা খুবই কষ্টদায়ক।,empathy,abusive_language
2282,তোর মা কি তাহলে মোদীর সাথে শুয়ে তোকে পয়দা দিছে?,পরিবার টেনে এমন অপমান করা একদমই ঠিক নয়।,empathy,abusive_language
2283,কেউ যদি তার পক্ষে কমেন্ট করে সেটাও বুঝে নিতে হবে সে পাকিস্তানের চুদা নাস্তিক,কমেন্ট দেখে কারও পরিচয় বা বিশ্বাস ঠিক করে ফেলা যায় না।,moral_appeal,hate_speech
2284,কে তুই কি পাকিস্তানের জিন্নাহ জারজ সন্তান নাকি নটির পুত,কাউকে জারজ বলে অপমান করা খুবই নিচু মানের কথা।,empathy,abusive_language
2285,তোমাদের মা কে সব পাকিস্তানি মিলে অবৈধ ভাবে তদের জন্ম দিছে সালা রাজাকারের চুদা খানকির ছাওয়াল,কারও মা নিয়ে এমন কল্পিত অপমান করা অমানবিক।,empathy,abusive_language
2286,বাজে কমেন্টসকারী সকলে তোমার মা -বোনকে লাগানো কাস্টমার শালা পিনাকীর নাপাক বীর্য,অন্যকে অপমান করতে পরিবারের কথা টানা ঠিক নয়।,moral_appeal,abusive_language
2287,তুই আগে গিয়ে দেখ তোর মারে কয়জনে লাগাইয়া জন্ম দিছে এতজনে লাগায়া দেয়ার পর ফল কি হয়েছে তোর মত জারজ একটা সন্তান তৈরি হয়েছে,কারও জন্ম নিয়ে এমন কথা বলা প্রমাণ দেয় না শুধু অপমান করে।,moral_appeal,abusive_language
2288,তোর শরীরে একাধিক পাকিস্তানি মেলেটারি শুক্রানু খানকির পোলা,কারও শরীর বা জন্ম নিয়ে এভাবে কথা বলা অশালীন।,empathy,abusive_language
2289,কিন্তু তুই যে নিশ্চিত খান সেনাদের ক্যাম্পের অফিসার থেকে রাধুনির বিছানা সেচ্ছায় গরম করা বেশ্যার সন্তান সেইটা জানান দেয়া কি এতটাই জরুরী ছিলো?,এমন কল্পিত অপমান সত্যের বদলে শুধু বিদ্বেষ ছড়ায়।,moral_appeal,abusive_language
2290,পাব্লিক ওর মা রে দিনে ৫০০ বার চুদে ভায়া,কারও মা নিয়ে এমন কথা খুবই কষ্টদায়ক ও শোভনতার বাইরে।,empathy,abusive_language
2291,মোদি তোর মাকে চুদে তোর মত জারজ জম্ম দিছে তাই মোদিকে পিটা দরকার শালা জারজের বাচ্চা জারজ,রাজনৈতিক রাগ থাকলেও পরিবার টেনে যৌন অপমান করা উচিত নয়।,moral_appeal,abusive_language
2292,তোর মা শেখ হাসিনারে চুদি তোর জাতির পিতা বঙ্গবন্ধুরে চুদি তোর আওয়ামী লীগ চুদি,রাজনৈতিক বিরোধ থাকলেও এতটা অশালীনভাবে অপমান করা ঠিক নয়।,moral_appeal,abusive_language
2293,তোর চৌদ্দ গুষ্টির সাউয়ার মধ্যে এই সাউয়ার ভিডিও লেগে গেছে তাই না এজন্য জ্বলতেছে এজন্য বলতেছোছ সাউয়ার ভিডিও,একটি ভিডিও নিয়ে বিরক্তি থাকলে তা ভদ্রভাবে বলাই ভালো।,moral_appeal,abusive_language
2294,চেহারায় তোর সাথে মিল আছে তোর আব্বা ই এই জাওরা হালায়।,চেহারা দেখে কাউকে পরিবারসহ অপমান করা ঠিক নয়।,empathy,abusive_language
2295,শুধু গাজা খায় না ওই চাঁদাবাজিও করে গভীর রাতে আবার মানুষের বাসায় পরকীরা করতে গিয়ে ধরা খায়,অভিযোগ থাকলে নির্দিষ্ট প্রমাণ দেখানো দরকার না হলে তা গুজব হয়।,moral_appeal,abusive_language
2296,তুই তো একটা বস্তি তুই নৌকা ভাড়া করে ডিজে বাহরুলের গানের সাথে নাচিস এটাই তোর যোগ্যতা,কারও পটভূমি নিয়ে এমন তুচ্ছতাচ্ছিল্য করা অপমানজনক।,empathy,abusive_language
2297,হালার পুতুরে পুটকির ভিতরে সিলেটি মরিচ ডুকায় দিছে নাকি,এটা খুবই অশ্লীল ও নির্যাতনমূলক কল্পনা।,empathy,threat
2298,জাউরা মানে হারামজাদা সে নিজেই দাবি করে সে হারামজাদার কথা শুনার টাইম না,কাউকে নাম দিয়ে দোষী বানানোর বদলে নির্দিষ্ট আচরণ নিয়ে কথা বলা উচিত।,moral_appeal,abusive_language
2299,হিজড়া বলে কি আরে হিজরা বাংলাদেশ দল ওই তো দুই টা করে আর্জেন্টিনা আর ব্রাজিল তাহলে তর ৯০ পিস যায় আর্জেন্টিনা বাকী দশ পিস জার্সি অন্যান্য মিলে শালা বোকাচোদা আফার দল,লিঙ্গ পরিচয়কে ঠাট্টার বিষয় বানানো খুবই অপমানজনক।,empathy,gender_abuse
2300,আরে কানাচোদা ওর জার্সির দিকে তাকায় দেখ কোনটা পড়ে আছে,কটাক্ষ না করে ভুলটা দেখানো হলে কথাটা বেশি কাজে দেয়।,moral_appeal,abusive_language
2301,তুই বস্তি তাই তুই আর্জেন্টিনার জার্সি বেজবি এটাই স্বাভাবিক,বস্তি বলে কাউকে ছোট করা ঠিক নয়।,empathy,abusive_language
2302,মাগীরা এইসব বুঝবে না ভাই ওগো ব্রেন থাকে পায়ের নিচে,নারীদের বুদ্ধিকে ছোট করে দেখা অন্যায় এবং অপমানজনক।,empathy,gender_abuse
2303,না মানে দেহ ব্যবসা করে এমন কিছু করেন যার থেকে লোকজন কিছু শিখতে পায়,কাউকে পেশা দিয়ে দাগানোর বদলে আচরণ নিয়ে ভদ্রভাবে বলা উচিত।,moral_appeal,gender_abuse
2304,ক্ষাটা ফ্যামিলি থেকে আসে তুই কি বুঝবি তুই তো দেহ দেখিয়ে মানুষকে মজা দেছ নষ্টা মেয়ে,পরিবার নিয়ে অপমান না করে আচরণ নিয়ে সমালোচনা করা ভালো।,empathy,gender_abuse
2305,পিকচারে তুর মার হেডা দেখা যায়,কারও মাকে টেনে এমন অপমান করা খুবই অশোভন।,empathy,abusive_language
2306,তুই বাজে নারী তুই বুঝবি কিভাবে কোনটা বাজে পোশাক? তুই নিজেই তো উলঙ্গ থাকিস।,পোশাক নিয়ে মতভেদ থাকলেও অপমান না করে কথা বলা উচিত।,moral_appeal,gender_abuse
2307,তুই তো বড় একটা অশ্লীল তোর মতো মাগী থেকে এরা শিখে,কারও কাছ থেকে শেখার বিষয় থাকলে সেটি আচরণ দিয়ে বলাই ভালো।,moral_appeal,gender_abuse
2308,খানকি মাগী তুই তো নটি তোর তো প্রবলেম থাকার কথা না,কারও চরিত্র নিয়ে এমন কথা বলা খুবই কষ্টদায়ক।,empathy,gender_abuse
2309,বাচ্চা বাচ্চা চোদাইছ না বাচ্চা বাচ্চা কইরাই তো দেশটার পুটকিডা মারছোস তোরা ও বাচ্চা বইলা কি রাস্তায় লেংটা চলাফেরা করবো আর লেংটা চলাফেরা করলে লেংটা বাবা গুয়া মাইরা দিবো এইডাই স্বাভাবিক,সহিংস কল্পনা বা অশ্লীলতা দিয়ে সমালোচনা করা ঠিক নয়।,warning_of_consequences,threat
2310,তোরে যদি সামনা সামনি পাইতাম রে নর্তকির বাচ্চা তোর ভোদায় মরিচ দিতাম,এটা সরাসরি নির্যাতনের হুমকি তাই একদমই ঠিক নয়।,warning_of_consequences,threat
2311,ও নিজে খানকি তাই আরেক খানকির পক্ষে কথা বলবে এটাই স্বাভাবিক,কাউকে অন্যের পক্ষে কথা বলার কারণে অপমান করা উচিত নয়।,moral_appeal,gender_abuse
2312,বাদ দেন ভাই খানকির পোলার মা লাগে তাই গায়ে লাগছে তোর মা তো তোরে এক শর্ট খেলতে দিবে নারে বোকাচোদা,মা-নিয়ে খোঁচা দেওয়া থেকে বিরত থাকাই ভালো।,empathy,abusive_language
2313,দেখেন না ভাই মাগীর দালাল আসছে দালালি করতে ওরে নিয়ে দুইটা লাইন বলে জান,দালাল বলার আগে প্রমাণসহ বিষয়টি তুলে ধরা উচিত।,moral_appeal,abusive_language
2314,আপনার বউকে এইরকম নেংটা পোশাক পরান আমরাও দেখি,কারও স্ত্রীকে নিয়ে এমন কথা বলা খুবই অশোভন।,empathy,gender_abuse
2315,এক মাগি আরেক মাগিরে প্রমোট করতাছে এতে আমরা কি করতে পারি বলো,অন্য নারীকে অপমান না করে আসল সমস্যাটা বলা উচিত।,moral_appeal,gender_abuse
2316,তুইও সেম খানকি তাই তো এতো গলাগলি এক খানকি নিয়ে কথা বলায় আরেক খানকি মাগীর শরীরে লেগেছে,কাউকে একই রকম বলে দোষী করা ন্যায্য নয়।,empathy,gender_abuse
2317,হ আসলেই সমস্যা আমাদের চোখে আোমরা শাউয়া দেখায় ছবি উঠায়বা আর আমরা বললেই দোষ তোমার এ শাউয়া মার্কা ছবি তোমার বাপ কে ও দেখাও সে ও ভালো চোখে দেখবে না শুধু হেডলাইটই দেখবে,ছবি বা পোশাক নিয়ে সমালোচনা থাকলেও অপমান করা উচিত নয়।,moral_appeal,abusive_language
2318,কতো বড়ো মাদারচোদ হইলে অন্যায় করছে জাইনাও আবার পোস্ট করে শালীনতা আসবে কবে তোমাদের মাঝে,অন্যায় দেখলে তার সমালোচনা করা যায় কিন্তু শালীনতার কথাটা ভদ্রভাবেই বলা ভালো।,moral_appeal,abusive_language
2319,এক ল্যাংটা নটি আসছে আরেক ভবিষ্যৎ ল্যাংটার সাফাই গাইতে,লিঙ্গ বা পোশাককে বিদ্রূপ না করে বক্তব্যের সমালোচনা করা উচিত।,empathy,gender_abuse
2320,তোমরা রাস্তায় পুটকি দেখায় দেখায় চলবা আর সমস্যা আমাদের চোখে,রাস্তায় কাউকে অপমান করা বা শরীর নিয়ে কথা বলা ঠিক নয়।,moral_appeal,gender_abuse
2321,তুর কচি মেয়েকেও এমন কাপড় পড়াইস জাতি অপেক্ষায় রইল বান্দির ঘরের বান্দি,কনিষ্ঠ মেয়েদের নিয়ে এমন ভাষা খুবই কষ্টদায়ক ও অশালীন।,empathy,gender_abuse
2322,চুতমারানি আবার স্যার হইছে কবে থেকে মনডা চায় ওরে গলা টিপি মারি ফালাইতাম,এটা সরাসরি গলা টিপে মারার হুমকি তাই গ্রহণযোগ্য নয়।,warning_of_consequences,threat
2323,বিএনপি এর পা চাটা কুত্তা বেশি লাফাইস না ধরে পিছন মেরে দিবো,রাজনৈতিক তর্কে হুমকি না দিয়ে যুক্তিতে থাকা উচিত।,warning_of_consequences,threat
2324,নওগা খানকির পুত ভালোবাসা চোদাইবার যা ভাগ বস্তির আটি,কাউকে ভালোবাসা বা পরিবার দিয়ে অপমান করা খুবই নিচু কথা।,empathy,abusive_language
2325,আওয়ামী লীগ একটি অশুভ নাম একটা প্রতারণার সিম্বল চোরের দল ভারতেরর দালাল,রাজনৈতিক সমালোচনা করতে হলে দলের নীতি আর কাজ নিয়ে কথা বলা ভালো।,moral_appeal,hate_speech
2326,আওয়ামী লীগ তোর মায়রে চুদছে নটির পোলা?,রাজনৈতিক সমালোচনায় মাকে টেনে আনা অপ্রয়োজনীয় এবং কষ্টদায়ক।,empathy,abusive_language
2327,কারন আওয়ামী লীগ ওর মায়রে ঠাপায় ছিলো।,কারও পরিবার নিয়ে এমন কল্পিত কথা বলা উচিত নয়।,empathy,abusive_language
2328,খানকির পোলা বাংলায় যে কথা কস আবার কমেন্ট চুদাস আওয়ামী লীগের জন্যই নোটির ছাওয়াল বড় বড় কথা চোদাস বাইনচোদ মাগির পোলা,কথা পছন্দ না হলে গালি না দিয়ে যুক্তি দিয়ে জবাব দেওয়া ভালো।,moral_appeal,abusive_language
2329,পতিতার বাচ্চা নোটির পোলা তুরে কে এই রাতে আবার চুদলো জারজ মাতাল,এ ধরনের যৌন অপমান খুবই অশ্লীল এবং কষ্টদায়ক।,empathy,abusive_language
2330,লাল স্বাধীনতা চুদায় সালা মাদারচুত,দেশ বা স্বাধীনতাকে গালি দেওয়া কোনো সমাধান নয়।,moral_appeal,hate_speech
2331,বেজন্মা তুই তোর মুখের ভাষা যেমন আমার কমেন্ট ঠিক তেমন তুই যা শিখাবি তাই পাবি বেজন্মা মাগির জারজ সন্তান,মুখের ভাষা খারাপ হলে কথার মান নষ্ট হয় তাই ভদ্র থাকা উচিত।,moral_appeal,abusive_language
2332,আওয়ামী লীগ তোর মতোন পাগলচুদা না,দলের সমালোচনা করতে হলে ব্যক্তিগত অপমান না করাই ভালো।,moral_appeal,abusive_language
2333,শালা বেজরমা জাওরা টোকাই তুই মানুষ আর হবি না,কাউকে মানুষ নয় বলা খুবই অমানবিক।,empathy,abusive_language
2334,আওয়ামী লীগ কোনদিন ভালো হবে না এদের জন্মের ঠিক নাই,কোনো দলের ভবিষ্যৎ নিয়ে মন্তব্য করতে হলে নির্দিষ্ট কাজের ভিত্তি থাকা দরকার।,moral_appeal,hate_speech
2335,ফকিন্নির পোলা আওয়ামী লীগের নাম নিয়ে ভাইরাল হতে আসছে,ভাইরাল হওয়ার উদ্দেশ্য ধরে কাউকে অপমান না করে তার বক্তব্য দেখাই ভালো।,moral_appeal,abusive_language
2336,ব বুঝলাম কিন্তু এখানে আওয়ামী লীগ আসলো কোন থেকে?? পাগলের জাত বংশ সব,রাজনৈতিক প্রসঙ্গে খোঁচা না দিয়ে বিষয়ভিত্তিক থাকা উচিত।,moral_appeal,abusive_language
2337,আওয়ামীর পুটকি মারা না খাইলে তোর মতো জাইরালোক হইতো না।,এমন অশ্লীল কথা বাদ দিলে আলোচনাটা অনেক বেশি সম্মানজনক হয়।,empathy,abusive_language
2338,তুই মরলে আমার একটা শান্তি পাবো কালা পাডা,কারও মৃত্যু কামনা করা খুবই অমানবিক।,empathy,threat
2339,টোকাই তোর নাম ওই জাউরা তোর মুখে ইসলামিক কথা মানায় না তুই ইউটিউবে নষ্টামি করস আর সেইটার ফিরে পাইছোস,কারও বক্তব্যের সঙ্গে আচরণ মেলাতে হলে অপমান না করেও বলা যায়।,moral_appeal,abusive_language
2340,শালা নেশাখোর গাঁজাখোর টোকাইয়ের বাচ্চা টোকাই,নেশার অভিযোগ থাকলে তা প্রমাণসহ বলা উচিত গালি নয়।,moral_appeal,abusive_language
2341,আসলে বস্তিতে আর নোংরা পরিবেশে এগুলা জন্ম হয় এদের পোশাক এদের মুখের ভাষা দেখলেই বুঝা যায় কোন বেশ্যার পেটে জন্ম হয়েছে।,কারও জন্মস্থান বা পোশাক দেখে চরিত্র ঠিক করা যায় না।,empathy,abusive_language
2342,কোন স্টাইলে যে তোর মারে চুদবো আওয়ামী লীগ আসলে,রাজনৈতিক সমালোচনায় যৌন হুমকি যোগ করলে তা আরও খারাপ হয়।,warning_of_consequences,threat
2343,এমন ঠাপাবো নটির ছেলে তোর মার নামই তুই ভুলে যাবি,এটা পরিবারকে নিয়ে হুমকিসূচক কথা তাই মানা যায় না।,warning_of_consequences,threat
2344,শেষের টা জোসসস ছিলো বঙ্গবন্ধু সব জাতীয় কুত্তার পিতা। এখন কারো গায়ে লাগলে সেও কুত্তা,কারও নাম ধরে অপমান করলে রাজনৈতিক কথা আরও বিষাক্ত হয়।,moral_appeal,abusive_language
2345,পড়ালেখা করে বড় বাইনচোদ হইছে এদের বুক বলে কিচ্ছু নাই,শিক্ষিত মানুষকে গালি না দিয়ে তাদের কাজের সমালোচনা করা উচিত।,empathy,abusive_language
2346,এই আমেরিকার পতিতালয় থেকেই জন্ম নেবে প্রথমআলো ডেইলি স্টার কালের কন্ঠর কয়েকশো নতুন সাংবাদিক।,মিডিয়ার সমালোচনা থাকলে তা তথ্য দিয়ে করা উচিত অপমান দিয়ে নয়।,moral_appeal,hate_speech
2347,এবার ফুটবল বিশ্বকাপ + যৌনকাপ দুইটা একসাথেই হবে,কোনো আয়োজনকে নিয়ে অশ্লীল রসিকতা না করে বাস্তব বিষয় নিয়ে কথা বলা ভালো।,moral_appeal,abusive_language
2348,ইতিহাসের সবচেয়ে অশ্লীল বিশ্বকাপ আয়োজন হতে চলছে এবার কারণ আমেরিকা আয়োজন করতেছে নষ্ট দেশ,একটি দেশকে নষ্ট বলে দাগানো ঠিক নয় নির্দিষ্ট সমালোচনা করা উচিত।,moral_appeal,hate_speech
2349,খোজ নিলে দেখা যাবে জামাত শিবির ছাত্রীসংস্থার দাসী গুলো সেখানের যৌনকর্মী।,প্রমাণ ছাড়া গোষ্ঠী বা সংগঠন নিয়ে এমন অভিযোগ করা ঠিক নয়।,moral_appeal,hate_speech
2350,ওই জামাত শিবিরের ভেতরে তোর মা আর বোন ও আছে ফ্রী সার্ভিস দেওয়ার জন্য,পরিবার টেনে এমন অপমান করা খুবই অমানবিক।,empathy,hate_speech
2351,যৌনপল্লীতে বিশ্বকাপের আয়োজন করা হয়েছে সেখানে যৌনকর্মীদের আনাগোনা থাকবেই এইটাই স্বাভাবিক,এভাবে পুরো আয়োজনকে যৌনপল্লীর সঙ্গে তুলনা করা অনুচিত।,moral_appeal,abusive_language
2352,শুনলাম ট্রাম্পের মেয়েও নাকি যৌনকর্মীর পেশায় যোগ দিছে,এ ধরনের গুজব প্রমাণ ছাড়া ছড়ানো ঠিক নয়।,moral_appeal,abusive_language
2353,এএা উকিল না এটা হচ্ছে মাদারফাকার মাদারচোদ,পেশাগত সমালোচনা করতে হলে শালীন ভাষা ব্যবহার করা উচিত।,moral_appeal,abusive_language
2354,সে একটা জানোয়ার তাই এমন কথা বলছে আর তার মেয়ের সাথে হলে তার আরেকটা মেয়েকে ওর হাতে তুলে দেবে জানোয়ার এদের জন্য আজ মানুষ সঠিক বিচার পায়না,কারও মেয়ে বা পরিবার টেনে এমন কথা খুবই কষ্টদায়ক।,empathy,threat
2355,আপনি শিক্ষিত হয়ে লাভ কি হল দেশের গোয়া মারা দিতাছন আপনার মত শিক্ষিতরা দেশের পুটকি মারতাছে,শিক্ষাকে অপমান না করে কাজে ভুল থাকলে সেটাই দেখানো উচিত।,moral_appeal,abusive_language
2356,তুইতো কুত্তার বাচ্চা তার কারণে তুই আসামি পক্ষে দাড়াইছোস,কাউকে পেশার জন্য কুকুরের বাচ্চা বলা অপ্রয়োজনীয় অপমান।,empathy,abusive_language
2357,শুয়োর কখনো মানুষ হয় না আইনজীবী কখনো টাকা ছাড়া অন্য কিছু বোঝে না,পুরো পেশাকে একসাথে দোষারোপ করা ন্যায্য নয়।,moral_appeal,abusive_language
2358,এই চুদনা বলে কি! যেখানে সব কিছু স্পষ্ট আসামি নিজে দোষ শিকার করছে সেখানে আইনজীবী দারাবে কেন,কোনো মামলা দেখলে আইনজীবীর ভূমিকা নিয়ে সমালোচনা করা উচিত গালি নয়।,moral_appeal,abusive_language
2359,কার কার মনে হচ্চে এই মাদারচুদ একটা গাঞ্জা খুর,কাউকে নেশাখোর বলে ঠোকর না মেরে কাজের সমালোচনা করাই ভালো।,moral_appeal,abusive_language
2360,আর একটু বয়স হলে খুব বড় লেভেলের নাম করা খানকি হবে,কারও ভবিষ্যৎ নিয়ে এমন অপমানজনক ভবিষ্যদ্বাণী করা অশোভন।,empathy,gender_abuse
2361,কাবিলা আবার নিজেরে বেশি বালপাকনা ভাবে,নিজেকে নিয়ে কারও আত্মবিশ্বাসকে অপমান না করাই ভালো।,moral_appeal,abusive_language
2362,নেহাল তোহ বাইনচোদ একটা ওকে বাল ভালোই না,কাউকে অপছন্দ হলে অপমান না করে কারণটা বলা ভালো।,moral_appeal,abusive_language
2363,চাকুরী করে গোয়া মারা খাওয়া পর্যন্ত হাবু সোজা হইতনা,চাকরি বা জীবন নিয়ে এমন ব্যঙ্গ না করে নির্দিষ্ট অভিযোগ করাই ভালো।,moral_appeal,abusive_language
2364,খানকির পোলা বাংলাদেশ কি তর বাপের এই বাংলাদেশ মুসলমানের তর হেডা দিয়ে ভরে দিমু,দেশকে কারও বাপের সম্পত্তি বলা বা সহিংস ভাষা ব্যবহার করা ঠিক নয়।,moral_appeal,threat
2365,প্রোফাইলে কি এটা তোর মার হেড়ানে লাগাইচোস খানকির পোলা তোর গু খোরের মায়রে চুদি আমি,কারও মায়ের ছবি নিয়ে অপমান করা খুবই অশোভন।,empathy,abusive_language
2366,রিয়েল আইডি থেকে কমেন্ট করলে সবাই তোর মাকে চুদে পেটের বাচ্চা বের করে ফে,এটি সরাসরি ধর্ষণ ও হুমকির ভাষা তাই মেনে নেওয়া যায় না।,warning_of_consequences,threat
2367,এই চুতমারানির পোলা হিন্দু ধর্মটায় মনগড়া ধর্ম তোদের কোন ধর্মগ্রন্থে নাই গরু দেবতা গরুর মাংস খাওয়া যাবে না হিন্দু মুসলিম দাঙ্গা লাগানোর জন্য এক ধরনের উগ্রবাদী হিন্দু ধর্মজাযকরা মনগড়া গল্প চালু করেছিলো।,ধর্ম নিয়ে আলোচনা করতে হলে নির্ভরযোগ্য উৎস আর ইতিহাস দেখা জরুরি।,moral_appeal,hate_speech
2368,৭০০০ হাজার বছর জত মন্দির হইছে সব তর মার হেডা দিয়ে ভরে দিবো খনিকের পোলা,মন্দির বা ধর্মীয় স্থাপনাকে টেনে এমন হুমকি দেওয়া ভয়ংকর।,warning_of_consequences,threat
2369,এই বাইনচোদ গুলোকে ধরে ধরে প্রকাশ্যে পিটাইতে হবে এগুলো অবৈধ ইন্ডিয়ান বাংলাদেশে বসবাস করতেছে।,কাউকে অবৈধ বলে ধরে পেটানোর কথা বলা অনুচিত।,warning_of_consequences,threat
2370,খানকির পোলারা এই দেশে আয় দেইখা জা আবি কি টাকা আছে নি গরিব ছোট লোক।,কোনো মানুষকে গরিব বা ছোটলোক বলে তাড়ানো উচিত নয়।,moral_appeal,abusive_language
2371,তোর মার শাউয়া মাউয়া সিলগালা করা উচিত যাতে তোর মতো জারজ আর না জন্মায়।,কারও মাকে টেনে এমন কথা খুবই কষ্টদায়ক এবং অমানবিক।,empathy,abusive_language
2372,বেশ্যা পাড়া থেকে মাটি না হলে তোদের পূজা হয়না তোরা তো বেশ্যা পাড়ার জারজ সন্তান।,কোনো পাড়া বা পরিবারকে অপমান করা শুধু বিদ্বেষ বাড়ায়।,moral_appeal,abusive_language
2373,পুটকির ভিতর গরম ডিমা ভরে দেবো রে কাংলা দেশী আরবের মিসকিন হালার পো হ্যাডামারানির পোলা ফেসবুকে শুধু বাথলা তোগো হালা মাদ্রাসা ছাপ পৃথিবীর ক্যান্সার চলে এসেছিস নিজের আম্মু আপারে হালালা করাতে,এটি অশ্লীল অপমান এবং সহিংস কল্পনা তাই বন্ধ করা উচিত।,warning_of_consequences,threat
2374,বাংলাদেশে মন্দিরের শাউয়া ফাটাই দিলে শুয়োরের বাচ্চার মত চিল্লাইছ না আবার,ধর্মীয় স্থাপনা নিয়ে হুমকি বা অপমান করা খুবই বিপজ্জনক।,warning_of_consequences,threat
2375,খানকির পুত জারজ সন্তান তোদের সাথে মুখ খারাপ করে কথা বলতে হবে কারণ তোদের জন্মের দোষ আছে।,কারও জন্মকে দোষী বলা অমানবিক এবং অশ্লীল।,empathy,abusive_language
2376,এই মাদারচোদ বাংলাদেশে বসে এই কথা বলার সাহস পাই কী করে সিলেটবাসি কী এগুলো চোখে দেখেনা,একটি এলাকার সবাইকে দোষ না দিয়ে নির্দিষ্ট ঘটনার দিকে নজর দেওয়া উচিত।,moral_appeal,abusive_language
2377,তর জন্মে ১০০% সমস্যা আছে খানকির পুলা,কারও জন্ম নিয়ে এমন কথা বলা যুক্তির জায়গায় আসে না।,empathy,abusive_language
2378,তোর বিজেপির মারে চুদি খানকির পুত এর কমেন্ট।,রাজনৈতিক সমালোচনা থাকলেও ব্যক্তিগত গালি না দিলেও বক্তব্য বোঝা যায়।,moral_appeal,abusive_language
2379,সুখে আছো তো মজা লাগেনা কুত্তার মতো পিটাইয়া ভারতে পাঠাইয়া দিমু তোদের বাবার কাছে জানোয়াররা,"এভাবে হুমকি দিলে আইনি ঝুঁকি বাড়ে, তাই এখনই থামা উচিত।",warning_of_consequences,threat
2380,"তাদের সাথে এরকমটাই হওয়ার দরকার, এইসব শয়তান মেয়ের তো বেঁচে থাকার অধিকার নেই, এইসব মেয়েদেরকে ক্রসফায়ার করে মেরে দেয়া দরকার ছিল, কুলাঙ্গারের বাচ্চা",শারীরিক ক্ষতির কথা বলা নিজেকেই বিপদে ফেলতে পারে।,warning_of_consequences,threat
2381,কি রে মাগী ফেক আইডি কেন?? জন্ম পরিচয় নাই,"কারও পরিবারকে টেনে কথা বললে, মানুষের মনই বেশি ভাঙে।",empathy,gender_abuse
2382,বোকাচোদা।। তুমি কী মায়ের সন্তান নাকি কুত্তার সন্তান?,"এভাবে অপমান করলে, মানুষের মনই বেশি ভাঙে।",empathy,gender_abuse
2383,আব্বাসীর মতো একজন বেয়াদব লোককে টকশোতে আনা উচিত না। উনি নিজেকে এতবড় পন্ডিত মনে করে যে উনি একাই হক পন্থী আলেম আর বাকিরা সব বাতেল!,"প্রমাণ ছাড়া এমন কথা বললে, গুজবই বেশি ছড়ায়।",fact_based,abusive_language
2384,"এ শালা মহিউদ্দিন গবেট একটা না জেনে কোন কিছু শুধু চাপাবাজি করে, শালা বাটপার","একজনকে দেখে পুরো গোষ্ঠীকে বিচার করলে, গুজবই বেশি ছড়ায়।",fact_based,abusive_language
2385,তোর আব্বাজানের আব্বাজান কে জিজ্ঞেস কর তোদের আসল ধর্ম কি? তোদের ঘরে কারা ঢুকেছিল তারপরে তোর মতন নামুনারা জন্ম নিয়েছে।,"সবাইকে এক করে দোষ দিলে, গুজবই বেশি ছড়ায়।",fact_based,hate_speech
2386,শালা তোরা তো অন্ধভক্ত তোদের চোখে কালো পটি বাধা তোদের সাথে কথা বলা মূর্খের পরিচয়।,"সম্মান বজায় রেখে বললে, কথাটা আরও গ্রহণযোগ্য হয়।",moral_appeal,abusive_language
2387,"তোর মা যেই বস্তি তে থাকতো সেই বস্তিতে একটা ফার্মেসি না থাকায় তোর জন্ম, শালা বোকাচোদা কোথাকার।","রাগের মাথায় এমন কথা বললে, মানুষের মনই বেশি ভাঙে।",empathy,gender_abuse
2388,ভাই তোরে বেশি কিছু বললাম না শুধু ভদ্র ভাষায় বললাম ভুস্কি মাগীর পোলা আগে হিন্দু বুঝা শিখ মেয়েটা দেহ ব্যবসা করে সেটাই বলতেছে রেন্ডিবাজ,"শালীন ভাষা থাকলে, কথাটা আরও গ্রহণযোগ্য হয়।",moral_appeal,hate_speech
2389,বিজেপি দলটা একটা শুয়োরের বাচ্চা শুয়োরের থেকে এদের জন্ম,"এই ধরনের দাবি যাচাই না হলে, গুজবই বেশি ছড়ায়।",fact_based,abusive_language
2390,হিন্দু জংগী খানকির পোলারা উগ্রবাদী মুদি অবৈধ সন্তান,"তথ্য যাচাই না করলে, গুজবই বেশি ছড়ায়।",fact_based,hate_speech
2391,এই মাদারচোদ কি ভিডিও দিছস আগাগুরি কিছু বুঝিনা কেরে খানকির পোলা তোর মারে চুদি,"জন্ম বা পরিচয় নিয়ে কটাক্ষ করলে, মানুষের মনই বেশি ভাঙে।",empathy,threat
2392,কুত্তার বাচ্চারা নিজ ধর্মের বোনদেরও ছাড়তেছে না এতটাই হিংস্র এরা।,"কারও মা-বোনকে জড়িয়ে বললে, মানুষের মনই বেশি ভাঙে।",empathy,hate_speech
2393,এই মাদারচোদেরা একটু অপেক্ষা কর আমরাও বাংলাদেশের শুরু করে দিতেছি,"মানুষকে মানুষ হিসেবে দেখলে, কথাটা আরও গ্রহণযোগ্য হয়।",moral_appeal,threat
2394,শুয়োর কখনো মানুষ হয় না মানুষ শুয়োর এর রুপ নেয় এটা তার প্রমাণ। আর খানকির ছেলেরা এফ তে এসে জ্ঞান দেয়,"বিদ্বেষ ছড়িয়ে কথা বললে, কথাটা আরও গ্রহণযোগ্য হয়।",moral_appeal,gender_abuse
2395,এটা এমনো তো হতে পারে মুসলিম মা ও বোনদের সাথে এমন অন্যায় করতেছে এই বেজন্মা মালুর জাতেরা,"ব্যক্তিকে আঘাত করে কথা বললে, মানুষের মনই বেশি ভাঙে।",empathy,hate_speech
2396,আমরা সব দেশে বৈধ। শ্যাটা ভাঙ্গ মাইর খাবার জন্য জনমাইসো তোমরা।,"প্রমাণ ছাড়া এমন কথা বললে, সত্যটা আড়াল হয়ে যায়।",fact_based,gender_abuse
2397,"মনে রাখিস ভারতে কোন মসজিদ থাকতে পারবে না, কুত্তার বাচ্চা","কোনো গোষ্ঠীকে লক্ষ্য করে কথা বললে, সত্যটা আড়াল হয়ে যায়।",fact_based,hate_speech
2398,"এ খানকীর পোলা ওই মসজিদ কি তোদের বাপের জায়গায় বানিয়েছে নাকি বেজন্মা? উগ্র গোবর খাইয়া কি মাথা টাল হয়ে আছে ? জারজ এই উপমহাদেশে হিন্দুদের  চুদে দিতে পারত মুসলিম শাসকগোষ্ঠী কিন্তু তা করে নি,","একটি মন্তব্য দেখে রায় দিলে, গুজবই বেশি ছড়ায়।",fact_based,hate_speech
2399,মাগির পুতেরা একদিন আমাদের ও সময় আসবে তখন তুূদের কে খালি করা হবে,"সম্মান বজায় রেখে বললে, সভ্য আলোচনা টেকে।",moral_appeal,gender_abuse
2400,তোর পুটকিতে সমস্যা। মাদ্রাসা হুজুররা এর জন্য দায়ী।,"কারও শরীর বা পোশাক নিয়ে বললে, মানুষটির কষ্টই বেশি ভাঙে।",empathy,gender_abuse
2401,অবৈধ ব্যবসা থেকেই আপনার মতো অমানুষ পয়দা হয়,"প্রমাণ ছাড়া এমন কথা বললে, সত্যটা আড়াল হয়ে যায়।",fact_based,abusive_language
2402,"খানকির পোলা জারজ বাস্টার্ড বাইন্সুদ তুই,কোটি কোটি মানুষ রামিসার হত্যাকারীদের বিচার চেয়েছে জনসম্মুখে, আর তুই বিচার না চেয়ে টাকার কাছে বিক্রি হয়ে গেছিস,তুইও হত্যাকারীর শামিল।","একজনকে দেখে পুরো গোষ্ঠীকে বিচার করলে, সত্যটা আড়াল হয়ে যায়।",fact_based,abusive_language
2403,আওয়ামিলীগ কোন মুসলিম ঘরের সন্তান হতে পারে না জারা ইহুদি নাস্তিক পতিতা মাগির সন্তান তারাই আওয়ামিলীগ,"সবাইকে এক করে দোষ দিলে, ভুল ধারণা জন্ম নেয়।",fact_based,hate_speech
2404,"মূর্খ চুদিরভাই, তোর মায়ে তো এই সেক্টরটা ধ্বংস করে থুয়ে গেছে আবাল।","কারও পরিবারকে টেনে কথা বললে, মানুষের মনই বেশি ভাঙে।",empathy,abusive_language
2405,কুত্তার বাচ্চাগুলো শ্রমিকের রক্ত পানি করক টাকা দিয়ে বড়লোক হয়ে এখন শ্রমিকদের চেনে না।,"প্রমাণ ছাড়া এমন কথা বললে, গুজবই বেশি ছড়ায়।",fact_based,abusive_language
2406,সুনাম সম্পন্ন ফ্যাক্টরির দুর্নাম শুনে খুব খারাপ লাগলো,"একজনকে দেখে পুরো গোষ্ঠীকে বিচার করলে, সত্যটা আড়াল হয়ে যায়।",fact_based,abusive_language
2407,"শালা বাইনচোদ গারে শাউয়া ছিরে ফেল, শালিরা বেশি বাড়াবাড়ি করতাছে এখন","সম্মান বজায় রেখে বললে, সভ্য আলোচনা টেকে।",moral_appeal,gender_abuse
2408,"চোরের মারে চুদ, বেগ্গুন চোর দেশেত গরীবের হোক মারি খাইতে খাইতে বড় হইয়ে সুদানির ফোয়াইন।","রাগের মাথায় এমন কথা বললে, সমাধান নয়, কষ্টই বাড়ে।",empathy,abusive_language
2409,এমপি মানুষ এখন আর উনার বাল ছিঁড়তে পারবে না কেউ মানুষ কইতো আওয়ামী লীগ খারাপ এখন বোঝ বিএনপি কি জিনিস,"একজনকে দেখে পুরো গোষ্ঠীকে বিচার করলে, ভুল ধারণা জন্ম নেয়।",fact_based,abusive_language
2410,"আরো বেশি কিছু হবে বাংলাদেশে, জুলাই আন্দোলন চোদাও আরো","বিদ্বেষ ছড়িয়ে কথা বললে, সমাজে ভাঙন বাড়ে।",moral_appeal,hate_speech
2411,শুধু ফর্সা ছেলে না ফর্সা মেয়েগুলো কিন্তু খানকি হয়। এর চেয়েও কালো মেয়ে ভালো। কি বলেন ভাই,"কারও রং বা চেহারা নিয়ে এভাবে কথা বললে, মানুষটির কষ্টই বেশি ভাঙে।",empathy,gender_abuse
2412,নষ্ট মেয়েদের আবার নষ্ট কেমনে করে? ওরা নষ্ট না হইলে হয়ের আগে পোলাগো কাছে গেলো কেনো?,"গালি বাদ দিয়ে বললে, বার্তাটা বেশি পরিষ্কার হয়।",discouraging_abuse,gender_abuse
2413,কিছু নষ্ট ফ্যামিলির মেয়ে আছে চেহারা সুন্দর ছেলে দেখলে শরীর গরম হয়ে যায় বিছানায় যাইতে। তাদের সাথে এমনই হওয়া উচিত,"কারও পরিবার টেনে এমন কথা বললে, সমাধান নয়, কষ্টই বাড়ে।",empathy,gender_abuse
2414,"আমরা এখানে একটা পাই না চোদনা নাকি কয়েকটার জীবন নষ্ট করছে,আর ঠিকি আছে মেয়েরাও এইসব চোদনাদের ভালোবাসবে আর হোগা মারা খাবে","কাউকে ছোট না করে কথা বললে, বার্তাটা বেশি পরিষ্কার হয়।",discouraging_abuse,gender_abuse
2415,"ভাইকে নিয়ে গর্ব হচ্ছে, কতগুলো মাগিদের খেয়ে দিছে","এভাবে অপমান করলে, মানুষের মনই বেশি ভাঙে।",empathy,gender_abuse
2416,জীবন নষ্ট মানে চু্ইদা দিছে নাকি! আর মাইয়া গুলা খুব ভালো ছিল বিয়ের আগে খাট কাঁপাইতে গেছে? যেগুলো ভিডিও করতেছে সবগুলাই খানকির পোলা একটা,"কারও আচরণকে কেন্দ্র করে অপমান করলে, আলোচনাটাও বিষাক্ত হয়ে যায়।",empathy,gender_abuse
2417,পতিতাদের আবার জীবন নষ্ট হয়। ভুসকি মাগী আর বিচিবিহীন কাপুরুষ গুলো শুধু পুরুষের দোষ ধরে মারতে পারে।নারি গুলো তো ধোঁয়া তুলসী পাতা ছিল,"অপমানের বদলে, কথাটা আরও গ্রহণযোগ্য হয়।",moral_appeal,gender_abuse
2418,"ভালা কইরা মাইর দেন, চুতমারানির পেলারে","এভাবে অপমান করলে, সম্মানটা আগে নষ্ট হয়।",empathy,threat
2419,এখানে সব কয়টা শয়তান। জোর করে কি কোন ভালোবাসা সম্পর্ক হয়।,"শব্দটা একটু বদলালে, জবাবটা দিতে সুবিধা হয়।",discouraging_abuse,abusive_language
2420,প্রমাণ দিয়ে কথা বল। এমনিতেই তোরা জাত মিথ্যুক।,"প্রমাণ ছাড়া এমন কথা বললে, গুজবই বেশি ছড়ায়।",fact_based,abusive_language
2421,গরুর বাচ্ছা তোদের বাপ জঙ্গি সুবেন্দু নিজেই বলেছিলো তার মা বাংলাদেশী,"একজনকে দেখে পুরো গোষ্ঠীকে বিচার করলে, সত্যটা আড়াল হয়ে যায়।",fact_based,hate_speech
2422,রেন্ডিয়া তোর মায়ের ভাতার। হিন্দু হয়ে জন্মে ছিলি নুনুর আগে কেটে মোল্লা হলি। ছোট শ্রেণীর আনুষ্ঠানিক মোল্লা। আদৌ তোরা মোল্লা নয়।,"সবাইকে এক করে দোষ দিলে, ভুল ধারণা জন্ম নেয়।",fact_based,hate_speech
2423,"বাবাচুদি কাপুরুষ বলছিস কাকে মাদারবোর্ড, ইন্ডিয়া তো আমরা যাই না তোরা কি গাঁড় মারাতে যাস, জুলাই যোদ্ধা মাহাদী খানকির পোলা ভাষন দিলো দিল্লি না ঢাকা তো সে মাদারচোদ কি গাঁড় মারাতে ইন্ডিয়া গিয়ে ধরা পড়ছে","এই ধরনের দাবি যাচাই না হলে, গুজবই বেশি ছড়ায়।",fact_based,abusive_language
2424,ফুসকা টক তোর পিছন দিয়ে ভরে দিবো। ফুসকার মায়রে আমি চুদি,"এভাবে হুমকি দিলে আইনি ঝুঁকি বাড়ে, তাই এখনই থামা উচিত।",warning_of_consequences,threat
2425,আপনাদের মত পতিতালয়ের কর্মী টাইপের মেয়েদের মজাই লাগবে স্বাভাবিক।,"কারও জীবন বা পেশা নিয়ে এমন কথা বললে, মানুষের মনই বেশি ভাঙে।",empathy,gender_abuse
2426,খানকির পোলা ১৪ বছর বয়সে যারা বিয়ে দিছে তাদে বিচার চাইলি কিন্তু একবার ও ধর্ষকের বিচার চাইলি না।,"প্রমাণ ছাড়া এমন কথা বললে, সত্যটা আড়াল হয়ে যায়।",fact_based,abusive_language
2427,"দেশটার পুটকি মারা গেছে, চারদিকে সুদু ধর্ষন আর ধর্ষন","মানুষকে মানুষ হিসেবে দেখলে, কথাটা আরও গ্রহণযোগ্য হয়।",moral_appeal,threat
2428,এই মাদারচোদ বাংলাদেশের কই থাকে তারে আগে ধরা হোক। এরা হইলো রেপিস্ট,"একজনকে দেখে পুরো গোষ্ঠীকে বিচার করলে, গুজবই বেশি ছড়ায়।",fact_based,threat
2429,খানকির ছেলে ওই মেয়েটার জায়গায় যদি তোর মা অথবা তোর বোন থাকত তাহলে কি করতিস তুই তোদের মতো লোকেরাই ধর্ষন করে এবং ধর্ষন করতে সাহস পায়,"কারও মা-বোনকে জড়িয়ে বললে, সমাধান নয়, কষ্টই বাড়ে।",empathy,threat
2430,ভোট দিয়ে চোর ডাকাতের ক্ষমতায় বসাইছো এখন তো এগুলা দেখতেই হবে,"রাগ থাকলেও, কথাটা আরও গ্রহণযোগ্য হয়।",moral_appeal,abusive_language
2431,ধর্ষক কে হাতে পেয়ে পুলিশ রে কল করা লোকগুলাই আসল মাদারচোদ!,"কঠিন সমালোচনাও, কথাটা আরও গ্রহণযোগ্য হয়।",moral_appeal,threat
2432,নোয়াখাইল্লা গো চরিত্র লুইচ্চামি সব সত্যি ব্যচেলর পয়েন্টে এএ তুলে ধরছে,"গালি বাদ দিয়ে বললে, জবাবটা দিতে সুবিধা হয়।",discouraging_abuse,gender_abuse
2433,আর যদি সে এখন আপনাকে বলে ইন্ডিয়ার বেজন্মা তখন কি খারাপ লাগবেনা আপনার! তাই কোন কথা বলার আগে একটু ভেবে বলবেন যেন এটা আপনার ওপর না যায়,"কারও কষ্টকে সামনে এনে কথা বললে, মানুষটির কষ্টই বেশি ভাঙে।",empathy,abusive_language
2434,তুই হিন্দু নাকি আবার মুসলিম নাম দিয়েছিস ফাজিলের বাচ্চা তোর নাম পাল্টা হিন্দুর বাচ্চা নাহলে এই কথা বলতি না ভিডিওতে তোর বাপ কি বলছে শুনিস নাই শুনে তারপর কমেন্ট কর বুঝলি গাধার বাচ্চা,"ব্যক্তিগত আক্রমণ না করে, বার্তাটা বেশি পরিষ্কার হয়।",discouraging_abuse,hate_speech
2435,এই মেয়ে ব্যবহার খারাপ করিস কেন তোর এত গায়ে লাগে কেন ফাজিল বেয়াদবের বাচ্চা ব্যবহার খারাপ করিস না,"অন্যকে ছোট না করে, জবাবটা দিতে সুবিধা হয়।",discouraging_abuse,gender_abuse
2436,খুজলে তোর মতো কুলাঙ্কারও কয়েকটা পাওয়া যাবে,"কাউকে ছোট করলে, মানুষের মনই বেশি ভাঙে।",empathy,abusive_language
2437,"তোর চেহাড়া আর নামের সাথে ইসলাম যায় না।দাস,পাল যায়","অপমানের বদলে, কথাটা আরও গ্রহণযোগ্য হয়।",moral_appeal,hate_speech
2438,তোর চেহারায় ইজরায়েল বংশ উদ্ভূত মনে হইতাছে। তোর নাম চেঞ্জ কর কাফের মুশরিকদের নামের সাথে সাদৃশ্য করে নাম রাখ নাস্তিক শালা।,"রাগের মাথায় এমন কথা বললে, সমাজে ভাঙন বাড়ে।",moral_appeal,hate_speech
2439,কথায় লজিক নাই তোর মায়ের শাওয়া আছে খানকির পোলা,"কারও পরিবারকে টেনে কথা বললে, সমাধান নয়, কষ্টই বাড়ে।",empathy,gender_abuse
2440,তোদের মত মাদারচোদের জন্য দেশটা আজকের সব ভারতের হাতে,"গালি বাদ দিয়ে বললে, বার্তাটা বেশি পরিষ্কার হয়।",discouraging_abuse,abusive_language
2441,এই খানকির পোলা তুই দেহি পুরাই নাস্তিক,"একজনকে দেখে পুরো গোষ্ঠীকে বিচার করলে, ভুল ধারণা জন্ম নেয়।",fact_based,hate_speech
2442,আপনার চেহারায় ই একটা শুয়োর শুয়োর ভাব আছে খানকির ছেলে।,"কারও চেহারা নিয়ে এমন কথা বললে, মানুষের মনই বেশি ভাঙে।",empathy,abusive_language
2443,এই কুলাঙ্গার কে জিজ্ঞেস করা হোক নারায়ন তাকবীর শব্দের অর্থ কি? মাঝে মাঝে আপনাদের মত শাহবাগীদের এজন্যই জুতাপেটা করা হয়।,"এভাবে শাস্তির কথা বললে আইনি ঝুঁকি বাড়ে, তাই সংযত হওয়া দরকার।",warning_of_consequences,threat
2444,তোদের মতো নটির ছেলেকে যে নটি জন্ম দিছে তার সাওয়া টেনে ছিড়ে ফেলা উচিত,"এভাবে হুমকি দিলে আইনি ঝুঁকি বাড়ে, তাই এখনই থামা উচিত।",warning_of_consequences,threat
2445,কোথায় তোমার হেডার লজিক বিচির উপর পারা দিলে লজিক তোর হেডা দিয়ে বাহির হবে,"কটাক্ষ না করে, বার্তাটা বেশি পরিষ্কার হয়।",discouraging_abuse,abusive_language
2446,খুজলে তোর মতো নাস্তিকের বাচ্চা নাস্তিক ওর মতো কুত্তার বাচ্চা পাওয়া যাবে।,"প্রমাণ ছাড়া এমন কথা বললে, গুজবই বেশি ছড়ায়।",fact_based,hate_speech
2447,কাফেরের চোদার জন্ম হইলে জঙ্গি শ্লোগান মনে হবে এটাই স্বাভাবিক। বাংলাদেশে অনেক মুদির অবৈধ জারজ সন্তান আছে।,"সবাইকে এক করে দোষ দিলে, সত্যটা আড়াল হয়ে যায়।",fact_based,hate_speech
2448,"বাইনচোদ ভালো হয়ে যা,ইসলাম বিরোধী কোনো কিছু এই বাংলায় বরদাস্ত করা হবে না।","উস্কানি না দিয়ে, বার্তাটা বেশি পরিষ্কার হয়।",discouraging_abuse,hate_speech
2449,"তুই তো পাকিস্তানি বীর্য রাজাকার আলবদর জঙ্গি, তুই আবার প্রমাণ করলি, মুসলমান কখনো মানুষ হয় না, মানুষ কখনো মুসলমান হয় না।","মানুষকে মানুষ হিসেবে দেখলে, সমাজে ভাঙন বাড়ে।",moral_appeal,hate_speech
2450,"তুই কি জুলাই জঙ্গি কুলাঙ্গার নিকৃষ্টতম জানোয়ার পাকিস্তানি বীর্য রাজাকার আলবদর জামায়াত শিবিরের হিজবুত, হেফাজতের জঙ্গি","বিদ্বেষ ছড়িয়ে কথা বললে, সমাজে ভাঙন বাড়ে।",moral_appeal,hate_speech
2451,রেন্ডির বাচ্চা তোর ধর্মের মায়েরে চুদি তোর মারেও চুদি,"কারও মা-বোনকে জড়িয়ে বললে, সমাধান নয়, কষ্টই বাড়ে।",empathy,abusive_language
2452,বেশ্যা মাগির পোলা তোর বাড়ি কই রে। কলিজা কামড় মেরে ছিঁড়া কুত্তারে খাওয়ামু।,"এভাবে অপমান করলে, সম্মানটা আগে নষ্ট হয়।",empathy,threat
2453,এটা একটা খানকির পোলা। দৌলোদিয়ায় জন্ম হইছে কুকুরের বাচ্চাটার।,"জন্ম বা পরিচয় নিয়ে কটাক্ষ করলে, মানুষের মনই বেশি ভাঙে।",empathy,abusive_language
2454,দালাল কাকে বলে জানিস যারা তোদের মত দেশদ্রোহী আছে তাদেরকে দালাল বলে,"গালি বাদ দিয়ে বললে, বার্তাটা বেশি পরিষ্কার হয়।",discouraging_abuse,hate_speech
2455,সালার ধান্দাবাজ এসকল টোকাইদের কারনেই গার্মেন্টস শিল্প ধ্বংসের কারন।,"কঠোর কথা হলেও, বার্তাটা বেশি পরিষ্কার হয়।",discouraging_abuse,abusive_language
2456,"যোগ্য লোকের চেয়ারে মুর্খ, তেল বাজ আর অযোগ্য লোক বসালে কোম্পানির এরকম হাল তো হবেই। সব ঝড় তুফান শ্রমিক দের উপর দিয়ে যাবে আর তেল বাজ রা মালিকের পা চেটে চেয়ার বাচাবে।","অপমানের বদলে, কথাটা আরও গ্রহণযোগ্য হয়।",moral_appeal,abusive_language
2457,মালিক মাদারচুতকে জুতা পিটা করতে হবে। চাকরি লাগবে না,"এভাবে অপমান করলে, সমাজে ভাঙন বাড়ে।",moral_appeal,threat
2458,এ সমস্ত কুলাঙ্গার শিল্পপতিদের কি বলবো বলার ভাষা হারিয়ে ফেলছি ফাসির দড়ি গলায় গিয়ে জনগণের রাস্তা দিয়ে টানা উচিত,"এভাবে হুমকি দিলে আইনি ঝুঁকি বাড়ে, তাই এখনই থামা উচিত।",warning_of_consequences,threat
2459,তালা লাগান তাহলেই সব ঠিক হবে। শালার ম্যানেজমেন্ট হলো সবচাইতে খারাপ,"একটু সংযত থাকলে, জবাবটা দিতে সুবিধা হয়।",discouraging_abuse,abusive_language
2460,জারজ বলে কি? এটা কি মন্দিরের শিক্ষা নাকি? আমার তো মনে হয় না মন্দির থেকে এমন জারজ মেন্টালিটি তৈরি করে,"প্রমাণ ছাড়া এমন কথা বললে, ভুল ধারণা জন্ম নেয়।",fact_based,hate_speech
2461,আপনার কমেন্টে চরম মূর্খতার পরিচয় পাওয়া গেলো। আপনার মাথায় কি কাজ বেশি করে।,"গালি বাদ দিয়ে বললে, বার্তাটা বেশি পরিষ্কার হয়।",discouraging_abuse,abusive_language
2462,এই জন্যই হিন্দু জাতটাকে মূর্খ বলি।,"একজনকে দেখে পুরো গোষ্ঠীকে বিচার করলে, সত্যটা আড়াল হয়ে যায়।",fact_based,hate_speech
2463,মা নামের কলঙ্ক । এর মত কিছু ডাইনিদের জন্য মা নামে কলঙ্ক লাগে।,"কারও পরিবারকে টেনে কথা বললে, মানুষের মনই বেশি ভাঙে।",empathy,gender_abuse
2464,"এই শালা তুমি ছাটাই হও নাই কেন, কাজ কম তুমি কার বাল ফেলাও","ব্যক্তিগত আক্রমণ না করে, বার্তাটা বেশি পরিষ্কার হয়।",discouraging_abuse,abusive_language
2465,ওরে ধরে কেউ গোয়া মার মাদারচোদ,"এভাবে হুমকি দিলে আইনি ঝুঁকি বাড়ে, তাই সংযত হওয়া দরকার।",warning_of_consequences,threat
2466,মায়ের দুধ খেয়ে থাকলে সামনে এসে বল মাদারচো;,"রাগের মাথায় এমন কথা বললে, মানুষের মনই বেশি ভাঙে।",empathy,abusive_language
2467,এই শালা বাইনচোদ প্রমাদ সহকারে দে। মাদারচোদ। তদের কাছে না সব প্রমান আছে দে তাহলে। কিসের পাওনা টাকা দিছস সালা বাইনচোদ,"অপমানের বদলে, বার্তাটা বেশি পরিষ্কার হয়।",discouraging_abuse,abusive_language
2468,এই বানচোদের বাচ্চা চামচামি করা বন্ধ কর,"উপহাস না করে, বার্তাটা বেশি পরিষ্কার হয়।",discouraging_abuse,abusive_language
2469,তোরা তো তোদের মা-বোনকে এই পতিতলের কার্ড করে দিয়ে তাদের কামাই রোজগার খাবি বলেই তো দেশের এই সর্বনাশ করলি তোরা,"কারও মা-বোনকে জড়িয়ে বললে, মানুষের মনই বেশি ভাঙে।",empathy,gender_abuse
2470,তোর মা বোন কে দে মাগীর পোলা নটির পোলা চান্দা বাহিনীর সদস্য,"কারও মা-বোনকে জড়িয়ে বললে, সমাধান নয়, কষ্টই বাড়ে।",empathy,gender_abuse
2471,পরিচয় দিলা নাকি তুমি কোন ফ্যামিলির কোন পরিবেশের সন্তান!নাকি তোমার মা আর বোন তোমারে দিয়ে চোদায়ে তাদের সাউয়ার জ্বালা মেটায় বলে মায়েদের সাউয়া ছাড়া কথা বের হয় না জারজ কোথাকার,"কারও পরিবারকে টেনে কথা বললে, মানুষের মনই বেশি ভাঙে।",empathy,abusive_language
2472,ফ্যামিলি কার্ড আর কৃষক কার্ড। তোর পুঁটকি দিয়া ঢুকাইয়া দে,"এভাবে হুমকি দিলে আইনি ঝুঁকি বাড়ে, তাই সংযত হওয়া দরকার।",warning_of_consequences,threat
2473,বাটপার আমেরিকার ডলার খাওয়া গুপ্ত সুশীল।,"গালি বাদ দিয়ে বললে, বার্তাটা বেশি পরিষ্কার হয়।",discouraging_abuse,abusive_language
2474,আপনার জন্ম কমলাপুরের পরিত্যক্ত ট্রেনের বগির ভিতর ১০০ পুরুষের পরিশ্রমের ফলে হয়েছে।,কারও জন্ম নিয়ে এমন কথা বলা খুবই কষ্টদায়ক।,empathy,abusive_language
2475,তোমার দল বিএনপি তোমার পুটকি দিয়ে ভরে দিব,দলীয় তর্কে এমন ভাষা ব্যবহার করলে শুধু বিদ্বেষই বাড়ে।,moral_appeal,abusive_language
2476,তর মারে তর ভাই সহকারে কে কে করে তা জাতি জানতে চায় বুজলি ইয়াবা খোর খানকির পোলা,"কারও পরিবারকে টেনে বললে, মানুষের মনই বেশি ভাঙে।",empathy,abusive_language
2477,এই খানকির ছেলে দুর্নীতি বাজতের পক্ষে কথা বলতে তদের লজ্জা লাগেনা নাকি তরা মানুষের চুদা না তরা মরতেনা নাকি মরার পরে কি জবাব দিবো চিন্তা কর ভারতের দালাল সালারা,"সম্মান বজায় রেখে বললে, সভ্য আলোচনা টেকে।",moral_appeal,hate_speech
2478,"তুই কোন চ্যাটের বাল আব্বাস, চুদির ছাওয়াল গাজা খাও নাকি মাথায় দাও।","উস্কানি না দিয়ে, জবাবটা দিতে সুবিধা হয়।",discouraging_abuse,abusive_language
2479,এই বাইনচোদ মুখের ভাষা এমন কেনো মাদারচোদ,"সোজা সমালোচনা করলে, বার্তাটা বেশি পরিষ্কার হয়।",discouraging_abuse,abusive_language
2480,কানের নিছে একটা বসাইয়া দিমু পাছামারা কুকুর তুই মুদির অবৈধ সন্তান।,শারীরিক ক্ষতির কথা বলা নিজেকেই বিপদে ফেলতে পারে।,warning_of_consequences,abusive_language
2481,সে যদি মেয়াদ উত্তীর্ণ ডার্বি না খায় আর তুমি যদি মিথ্যা বলো তাহলে তোমার মা তোমার জন্মের আগে পতিতা ছিলো।,"কারও পরিবারকে টেনে কথা বললে, মানুষের মনই বেশি ভাঙে।",empathy,gender_abuse
2482,আপনাদের মতো চোর বাটপার নেতাদের জন্য বিএনপি মাশুল গুনতে হবে,"অপমানের জায়গায় ভদ্রতা রাখলে, কথাটা আরও গ্রহণযোগ্য হয়।",moral_appeal,abusive_language
2483,তোর দোষ কিছু দিতেছি না কারণ তোর মায়ের দোষ তোর মা পতিতালয় জন্মগ্রহণ করার পরে তোকে বস্তিবাসীর কাছে ছেড়ে দিয়েছে আর তোর মা পতিতালয়ে আনন্দ করতেছে তা তুই মানুষ হতে পারিস নাই,"কারও পরিবারকে টেনে কথা বললে, মানুষের মনই বেশি ভাঙে।",empathy,gender_abuse
2484,রাজাকার আলবদর শাবকদের পাছায় লাথি মেরে পাকিস্তান পাঠানো হবে বেশ্যার পোলারা পালানোর সময় পাবিনা পতিতার ছেলেরা,"এভাবে হুমকি দিলে আইনি ঝুঁকি বাড়ে, তাই এখনই থামা উচিত।",warning_of_consequences,threat
2485,"শুন খানকির পোলা, তোর থেকে বড় ধরনের তারেক রহমানের প্রেমিক আমি, তোর জন্মে সমস্যা আছে, খানকির পোলা কারে কি বলছ","জন্ম বা পরিচয় নিয়ে কটাক্ষ করলে, মানুষের মনই বেশি ভাঙে।",empathy,abusive_language
2486,পতিতালয় ছেলে এর থেকে ভালা কিছু লিখতে পারবি না কারন তোর মা পতিতালয় এখনো শুয়ে আছে দেখ অনেক জনের সাথে,"কারও মা বা পরিবারকে টেনে কথা বললে, সমাধান নয়, কষ্টই বাড়ে।",empathy,gender_abuse
2487,তোমাদের মত চান্দাবাদ চাটুকার রা এর চেয়ে ভালো চিন্তাধারা তো করতে পারে না চ্যাটে নয় খেটে বড় হও,"গালি বাদ দিয়ে বললে, বার্তাটা বেশি পরিষ্কার হয়।",discouraging_abuse,abusive_language
2488,"পাটোয়ারীর একটা বালের যোগ্যতা তোর নাই, দলকানা পাগলের বংশ","ব্যক্তিগত আক্রমণ না করে, জবাবটা দিতে সুবিধা হয়।",discouraging_abuse,abusive_language
2489,"সালা মাদারি কোথাকার, যার মায়ের সাউয়ার ভেতরে উঠে বিষ, সেই করে ধানের শিষ।","রাগের মাথায় এমন কথা বললে, মানুষের মনই বেশি ভাঙে।",empathy,abusive_language
2490,যেদিন যাবে সেদিন বঙ্গবল্টুকে তুলে আনবে ।মাজার পুজারী ইন্ডিয়ার দালাল,"একজনকে দেখে পুরো গোষ্ঠীকে বিচার করলে, গুজবই বেশি ছড়ায়।",fact_based,hate_speech
2491,গোপাল কে চোদার টাইম নাই এখন তুর মাকে চোদার টাইম এসেছে,"এভাবে হুমকি দিলে আইনি ঝুঁকি বাড়ে, তাই এখনই থামা উচিত।",warning_of_consequences,threat
2492,ভাই আমি মনে করি ওরা পাকিস্তানপন্থী তা না হলে মুখের ভাষা এত জঘন্য হতো না,"প্রমাণ ছাড়া এমন কথা বললে, ভুল ধারণা জন্ম নেয়।",fact_based,hate_speech
2493,এক লাথি দিয়ে হাসিনার গুদের ভিতরে ঢুকিয়ে দিব তরে,"এভাবে হুমকি দিলে আইনি ঝুঁকি বাড়ে, তাই সংযত হওয়া দরকার।",warning_of_consequences,threat
2494,পাবলিক কি খায় তোর খাম্বা ভুল ভাল বক্তৃতা দিবে তাই খায়? তোর দল চাঁদাবাজি করবে তাই খায়?? ফালতু ছাপড়ির দল।,"কঠোর সমালোচনাও, জবাবটা দিতে সুবিধা হয়।",discouraging_abuse,abusive_language
2495,পাবলিক কি খায় দেখা যাবে এমন সময় আইতাছে আওয়ামিলীগ আবার তোমাদেরকে কুত্তার মত পেটাবে,"সহিংস ভাষা পরিস্থিতি আরও উত্তপ্ত করে, তাই সংযত হওয়া দরকার।",warning_of_consequences,threat
2496,নাছির উদ্দীন পাটোয়ারী নিজেই মেয়াদ উত্তীর্ণ গাজা খায়।,"প্রমাণ ছাড়া এমন কথা বললে, ভুল ধারণা জন্ম নেয়।",fact_based,abusive_language
2497,"যদি কোন হুজুর বা জামাত হতো তাহলে নেটে ঢুকতে পারতাম না, শাহমাগীদের কারণে","একজনকে দেখে পুরো গোষ্ঠীকে বিচার করলে, সত্যটা আড়াল হয়ে যায়।",fact_based,hate_speech
2498,চেহারাগুলো দেখলেই বুঝা যায় জেনুইন টোকাই,"কারও চেহারা নিয়ে এমন কথা বললে, মানুষের মনই বেশি ভাঙে।",empathy,abusive_language
2499,কতবড় মূর্খ না হয়লে বিএনপিকে ভোট দেন?,"অন্যের মর্যাদা না মানলে, কথাটা আরও গ্রহণযোগ্য হয়।",moral_appeal,abusive_language
2500,বিএনপি দেশটাকে হুগা মেরে আবার লন্ডন চলে যাবে,"শালীন ভাষা থাকলে, সভ্য আলোচনা টেকে।",moral_appeal,abusive_language
2501,"বোকাচোদা, তোদের হোগার মধ্যে ইনজেকশন দিমু। আউটডোরস এ ইনজেকশন অন্য কোথায় দে। ওয়ার্ড এ গেছিছ কেনো","এভাবে হুমকি দিলে আইনি ঝুঁকি বাড়ে, তাই এখনই থামা উচিত।",warning_of_consequences,threat
2502,খানকিপুর তোর মা লাগে এরা বেশ্যা চেয়েও খারাপ। তোর ধন কাটমু খানকিপুত,"কারও মা টেনে এমন কথা বললে, সমাধান নয়, কষ্টই বাড়ে।",empathy,threat
2503,ভাই ভিডিওটা করে ম্যাডামের হাতে হারিকেন আর হোগায় বাশ দিলেন,"এভাবে হুমকি দিলে আইনি ঝুঁকি বাড়ে, তাই এখনই থামা উচিত।",warning_of_consequences,threat
2504,এই বট বাহিনী খানকির পোলারা ফেক আইডি খুলে এগুলা করিস কেন শালা রাজাকারের বাচ্চারা জীবনে তোরা ক্ষমতায় আসতে পারবি না,"উপহাস না করে, জবাবটা দিতে সুবিধা হয়।",discouraging_abuse,hate_speech
2505,এই ফকিন্নি ছেলে টাকা কেনো দিবে তর আম্মা রে। বাইনচুদ আব্বা ডাকামু টাইছে বেশি কথা বললে।,"কঠোর কথা হলেও, বার্তাটা বেশি পরিষ্কার হয়।",discouraging_abuse,gender_abuse
2506,মানবতা চোদায় ছে। হের গোষ্ঠী চুদি। কিছু দিত হেয়রে ভইরা দেন,"কারও কষ্টকে সামনে এনে কথা বললে, মানুষের মনই বেশি ভাঙে।",empathy,abusive_language
2507,ধন্যবাদ একজন অশিক্ষিত চোদনাকে এক্সপোজ করার জন্য,প্রমাণ ছাড়া এমন কথা বললে ভুল তথ্যই বেশি ছড়ায়।,fact_based,abusive_language
2508,হ্যা তারা কার থেকে জন্ম নিছে তারা নিজেরাও জানে না।,কারও অনুভূতি ভাবলে এমন ভাষা ব্যবহার করা যেত না।,empathy,gender_abuse
2509,"আর্জেনটিনা তো চোরের দল, চুরি করে কাপ জিতে",হুমকি দিলে পরিস্থিতি আরও খারাপ হয়।,warning_of_consequences,abusive_language
2510,আর নেইমার তো ওভারএক্টিং চুদাইয়া পেনাল্টি নেওয়ার চেষ্টা করে,ব্যক্তিকে আক্রমণ না করে বিষয়টা ধরুন।,discouraging_abuse,abusive_language
2511,"কোন গর্বে আমাদের সম্মান হারালো ভাই? আর এইটা কি আর্জেন্টিনার সম্মানের মতো নাকি যে, চুরি চামারি করেও বড় গলায় কথা বলবো",শালীনতা থাকলে মতভেদও সম্মানজনক থাকে।,moral_appeal,threat
2512,"হুম ভাই, এখন একটা পতিতা মায়ের অবৈধ সন্তান এসে আবার তাদের পালিত পিতার হয়ে তর্ক করবে। কি রাগ করলেন",এখানে প্রমাণ থাকলে তবেই অভিযোগ করা উচিত।,fact_based,gender_abuse
2513,জার্মানি পোলায় যেহেতু কইছে বাইঞ্চোদে ঠিকই কইছে,সহানুভূতি রেখে কথা বলাই ভালো।,empathy,abusive_language
2514,আর তর মায়ের ভোদায় গেলে তর মত অমানুষ জন্ম নেয়,উসকানিমূলক ভাষা পরে নিজেরই ক্ষতি করতে পারে।,warning_of_consequences,gender_abuse
2515,"আর্জেনটিনা গরীবদের দল, হারপিক খাওয়া দল, জার্মানীর ছেলের দল, অটিস্টিক এর দল",গালি বাদ দিয়ে মূল কথাটা বললে বেশি পরিষ্কার হয়।,discouraging_abuse,abusive_language
2516,মরেক্কো আজকে যা খেলছে এইরকম বালের ৫ কাপ ওয়ালা ব্রাজিলরে পকেটে ভরে রাখতো,সম্মান বজায় রাখাই সভ্যতার মূল কথা।,moral_appeal,abusive_language
2517,জার্মান কে থুয়ে আর্জেন্টিনা করল মরক্কো কে নিয়ে পরকীয়া হায় হায়,তথ্য যাচাই করে বললে কথাটা বেশি শক্ত হয়।,fact_based,abusive_language
2518,ভিনির গোলটা আর্জেন্টাইনদের বিচি বরাবর লাগছে একদম,এখানে সম্মান দেখানোটা জরুরি ছিল।,empathy,abusive_language
2519,ভিনির গোলটা ঢুকছে মূলত আর্জেন্টিনার ফ্যানদের পুটকি দিয়া।,"এমন কথা রেকর্ডে থেকে যায়, তাই সাবধান হওয়া উচিত।",warning_of_consequences,abusive_language
2520,আরেক জামাতি মাদারচোদ আসছে এখানে মধ্যে নাক গলাতে খানকির পোলা মাদারচোদ তোগো মায়রে চুদি খানকি মাগীর পোলা,একটু সংযত থাকলে আলোচনা নষ্ট হয় না।,discouraging_abuse,hate_speech
2521,আপনি দেশ প্রেমি হয়ে কার বাল ফালাইছেন,মানবিক আচরণই আসল শক্তি।,moral_appeal,gender_abuse
2522,মাদারচোদ চাঁদাবাজি দখল বাজি করে খাইতে মজা লাগে?,ভিন্নমত থাকলেও তথ্য মেনে কথা বলা উচিত।,fact_based,gender_abuse
2523,"চুতিয়া এরকম একটা প্রতিষ্ঠান বানানোর হেডম আছে? পারে শুধু বন্ধ করতে, লুটপাট দখল করতে।",এভাবে বললে মানুষের মন খুব কষ্ট পায়।,empathy,abusive_language
2524,এই দেখ খানকির পোলা কারা আসল রাজাকার,এই ভাষা পরে আপনারই বিপদ ডেকে আনতে পারে।,warning_of_consequences,hate_speech
2525,তোদের যোগ্যতা টেম্পাস্ট্যান্ডে ভিক্ষা করা তাও আবার গায়ের জোর খাটিয়ে অস্ত্র সস্ত্র নিয়ে।,উপহাস না করে শান্তভাবে বলাই ভালো।,discouraging_abuse,abusive_language
2526,মদির বীজ দেখি! তা দেশ প্রেমিক হয়ে কোন ধনের প্রতিসঠান বানাইতে পারছোছ একটু বল শুনি!চান্দাবাজী চুরি ছাড়া? যোগ্যতা নাই পারবি খারি ঘেউ ঘেউ করতেই,ঘৃণা দিয়ে কোনো ভালো আলোচনা হয় না।,moral_appeal,gender_abuse
2527,তো তোমাদের ফ্যামিলির মেম্বার দিয়া বেশ্যাগিরি করে টাকা জোগান দিবে? চাদাবাজ তো এখন জণগন দেয় না মুদিবীজ,"শুনে নয়, দেখে-জেনে বলা বেশি দায়িত্বশীল।",fact_based,hate_speech
2528,"এটাই স্পষ্ট ওরে খানকির পোলা,তোরা যে রাজনৈতিক প্রতিহিংসার কারণে,অন্য একটি দলকে অর্থনৈতিকভাবে পঙ্গু করার জন্যই এই লাইসেন্স বাতিলের খেলা শুরু করেছিস।",এভাবে লিখলে কষ্ট ছাড়া আর কিছুই বাড়ে না।,empathy,gender_abuse
2529,"কতো বড়ো বাইনচোদ, এটা ইন্সিডেন্ট নিয়ে আবার তামাশা করিছ",রাগের মাথায় লেখা কথা পরে সমস্যা হয়ে দাঁড়ায়।,warning_of_consequences,gender_abuse
2530,"তুই খানকির পোলা,ভারতীয় মালাউনের পয়দা ভারতীয় দালাল",কঠোর কথা বললেও ভদ্রতা রাখা দরকার।,discouraging_abuse,hate_speech
2531,শেখ হাসিনার রেখে যাওয়া মেয়াদ উত্তীর্ণ গাঞ্জা খাইয়া কমেন্টস করতে আসছেন।,মানুষকে মানুষ হিসেবেই দেখলে সমাজটা ভালো থাকে।,moral_appeal,abusive_language
2532,দোয়া করি আপ্নের বাচ্চার সাথে এমুন হইয়া মরুক। তহন দেখমু এই ডায়লগ মারেন কিনা!,একটি ঘটনার ভিত্তিতে পুরো বিষয়টা ঠিক হয় না।,fact_based,threat
2533,কারণ যাকে ধাক্কা দিছে ও একটা জাওরা। ক্লাসে এসব পোলাপান জামেলা তৈরি করে।পর ক্যাপ নিয়া এসব করলো কেন?,অপমানের বদলে নরমভাবে বললে কথাটা বেশি ভালো লাগে।,empathy,abusive_language
2534,তোমার জারস সন্তানগুলো ওর সাথে সবাই মিলে ক্যাপ নিয়ে মজা নিতাছে তো কারন বসত আল্লাহ বিচার করছে ।,এ ধরনের মন্তব্য আইনগত ঝুঁকি বাড়ায়।,warning_of_consequences,threat
2535,ব্লার করান চোদাইলা কেন মিয়া?,অশালীন ভাষা ছাড়লে কথাটা অনেক ভালো শোনায়।,discouraging_abuse,abusive_language
2536,"আরো চোদাও ফাইজলামি‌। অতিরিক্ত কোনো কিছুই ভালো না, ফাইজলামিও না। তাই এখানে কারো কোন দোষ নাই ।",অন্যের মর্যাদা না মানলে নিজের কথার দামও কমে যায়।,moral_appeal,abusive_language
2537,হালা ছাগলচোদা আবার জবাবদেস? লজ্জা নেই তোদের।বেশরমের চোদা।,সাধারণীকরণ না করে নির্দিষ্ট ঘটনা ধরে আলোচনা করা ভালো।,fact_based,abusive_language
2538,তোমরা ইন্ডিয়ার নুনু ধরে ঝুলে পরবা বুঝতে পারছি,কারও পরিবার বা পরিচয় টানলে মানুষ আরও ভেঙে যায়।,empathy,abusive_language
2539,লজ্জা করেনা। অশিক্ষিত বর্বর এর মতো লড়তে আর কাউকে দেখিনা।,এভাবে লিখলে আপনার বিরুদ্ধে ব্যবস্থা হতে পারে।,warning_of_consequences,abusive_language
2540,নিকৃষ্ট একটা জেলা নিয়ে আবার প্রাউডলি কথাও বলেন.? ২০২৬ এ এসেও এরা এতো বর্বর এতো মূর্খ থাকে কিভাবে,কটু শব্দ কমালে বক্তব্যটা বেশি গ্রহণযোগ্য হয়।,discouraging_abuse,abusive_language
2541,বাল নিয়ে এত গর্ব করার কিছু নাই দুইদিন পর পর মারামারি করে মানুষ কত ভালো কয়,ভদ্রতা হারালে যুক্তিও দুর্বল হয়ে যায়।,moral_appeal,threat
2542,শালা চুতিয়া।ইউরিয়া সার তোমাগো হোগা দিয়া ভইরা দেও,একজনকে দেখে পুরো গোষ্ঠীকে বিচার করা ঠিক নয়।,fact_based,gender_abuse
2543,তুই আবার কোথায় থেকে আসলি তোকে গালি দিল কে শুয়োরের বাচ্চা,কাউকে ছোট করলে আঘাতটাই বেশি থাকে।,empathy,abusive_language
2544,আইছে ভাদাইমা লজ্জা করে না রে আবাল চুদারা? ফকিন্নি মন মানুষিকতা নিয়া চলস তোরা,শারীরিক ক্ষতির কথা বলা সমাধান আনে না।,warning_of_consequences,gender_abuse
2545,ব্রাহ্মণবাড়িয়াকে বাংলাদেশ থেকে আলাদা করে দিলে ইন্ডিয়া সবার আগে আপনাদেরকে গোয়া মারবে,"সরাসরি সমালোচনা করলেই কথা শক্ত হয়, গালি লাগবে না।",discouraging_abuse,threat
2546,"তুই তো বেডা এমনেই চোদনা, তুই কেমনে দেখবি?",ভিন্ন মত থাকলেও মানবতা আগে রাখা উচিত।,moral_appeal,abusive_language
2547,খানকি মাগী ভদ্রতা শিখ আগে,প্রমাণ ছাড়া এমন কথা বললে ভুল তথ্যই বেশি ছড়ায়।,fact_based,gender_abuse
2548,হুমুন্দির পোলা ব্রাক্ষনবাড়িয়ারে বাংলাদেশ থেকে আলাদা করলে তর মতো ভোদাইরা সিলেট থেকে বের হতে পারবি না।,কারও অনুভূতি ভাবলে এমন ভাষা ব্যবহার করা যেত না।,empathy,abusive_language
2549,অই হালারা ফকিন্নি তাই এরকম করে,হুমকি দিলে পরিস্থিতি আরও খারাপ হয়।,warning_of_consequences,abusive_language
2550,তুমি বলতে চাইছো সবার মা কেই চোদা যাক,ব্যক্তিকে আক্রমণ না করে বিষয়টা ধরুন।,discouraging_abuse,gender_abuse
2551,সব কুত্তার বাচ্চা এগুলো মান সম্মান কিছু নেই,শালীনতা থাকলে মতভেদও সম্মানজনক থাকে।,moral_appeal,gender_abuse
2552,অসভ্য জংলী সব বাস করে ব্রাহ্মণবাড়িয়াতে,এখানে প্রমাণ থাকলে তবেই অভিযোগ করা উচিত।,fact_based,abusive_language
2553,পাগলের গুষ্টি আবাল চুদা জাতি বি: বাড়ীয়ার মানুষ এরা ছোট গাটো কথা নিয়ে জগরা করে ফেলে,সহানুভূতি রেখে কথা বলাই ভালো।,empathy,gender_abuse
2554,তোর ধর্ম নিয়ে পড়ে থাক মূর্খ! আচোদা ভাব চুদাইস না।,উসকানিমূলক ভাষা পরে নিজেরই ক্ষতি করতে পারে।,warning_of_consequences,abusive_language
2555,"আমেরিকা, ইসরায়েল, থাইল্যান্ড , কলম্বিয়া, রাশিয়া, ইউক্রেন তোদের মায়ের ভাতার খ্রিস্টানরা কেন মারামারি কাটাকাটি করে কুকুরের বাচ্চারা।",গালি বাদ দিয়ে মূল কথাটা বললে বেশি পরিষ্কার হয়।,discouraging_abuse,threat
2556,কিসের ভয় যাকে নিজেরাই তৈরি করে তার পূজা করে এর থেকে মূর্খ আর কি হতে পারে,সম্মান বজায় রাখাই সভ্যতার মূল কথা।,moral_appeal,abusive_language
2557,"ফকিন্নির পোলা তোর কাছে তো তোর ধর্ম শ্রেষ্ঠ, ওদের কাছে ওদের ধর্ম শ্রেষ্ঠ এটা মনে রাখিস মূর্খ চোদা।",তথ্য যাচাই করে বললে কথাটা বেশি শক্ত হয়।,fact_based,abusive_language
2558,"নিশ্চয়ই তোর মারে চুদেছিলো, উদুম ক্যালানি দিছিলো তাই তোর জানা আছে!",এখানে সম্মান দেখানোটা জরুরি ছিল।,empathy,threat
2559,"তোর জন্মের আগে তোর মাকে আরবরা চুদেছিল, তারপর তোর মত কুলাঙ্গার সন্তানের জন্ম হয়।","এমন কথা রেকর্ডে থেকে যায়, তাই সাবধান হওয়া উচিত।",warning_of_consequences,threat
2560,"তোমার মারে করছে জিন্নাহ, তর মা তো রাস্তা ঘাটে চুদা খায়",একটু সংযত থাকলে আলোচনা নষ্ট হয় না।,discouraging_abuse,threat
2561,আমার জানা মতে ৭১ হিন্দুদের মা বোন দেখে দেখে পাকিস্তান চুদছে তাইতো তোরা পাকিস্তানের বিরুদ্ধে আর ভারতের পক্ষে কথা বলছিস।,মানবিক আচরণই আসল শক্তি।,moral_appeal,threat
2562,পুটকি মারতে মারতে তুর পুটকি টাকে টানেল বানিয়েছে শালা,ভিন্নমত থাকলেও তথ্য মেনে কথা বলা উচিত।,fact_based,threat
2563,এরা ইসকন জঙ্গি। বোমা বানানো হামলা এদের কাজ।,এভাবে বললে মানুষের মন খুব কষ্ট পায়।,empathy,hate_speech
2564,"খানকির ছেলে তুই প্রকৃত হিন্দু তো? নাকি আব্দুল চাচার বীর্য তে তোর জন্ম । রেন্ডি মাগীর ছেলে, কোথায় হিন্দু দের সাপোর্ট করব টা না উল্টে দের নামে উল্টো পাল্টা বলছিস",এই ভাষা পরে আপনারই বিপদ ডেকে আনতে পারে।,warning_of_consequences,hate_speech
2565,ঠিক যেমন আপনাদের জাতি। মানে পুরো জাতি টাই নোংরা মস্তিষ্কের।,উপহাস না করে শান্তভাবে বলাই ভালো।,discouraging_abuse,gender_abuse
2566,এরা তোর মায়ের হেডার ভিতর থেকে আসছে খানকির বাচ্ছা,ঘৃণা দিয়ে কোনো ভালো আলোচনা হয় না।,moral_appeal,gender_abuse
2567,তুই একটা জারজ সন্তান মুতখোর মুদির ছেলে তুই,"শুনে নয়, দেখে-জেনে বলা বেশি দায়িত্বশীল।",fact_based,hate_speech
2568,খানকির পোলারা ঝাড়ু মেরে পরিস্কার করে ফেলবো,এভাবে লিখলে কষ্ট ছাড়া আর কিছুই বাড়ে না।,empathy,threat
2569,দেশ হিন্দুদের হিন্দুরা কথা বলবে না! দেশ কি তোর বাপের?,রাগের মাথায় লেখা কথা পরে সমস্যা হয়ে দাঁড়ায়।,warning_of_consequences,hate_speech
2570,"ভারতে কোন মসজিদ থাকতে পারবে না, সবগুলো চুদিয়ে ভেঙে ফেলতে হবে, ইসলাম জঙ্গি সন্ত্রাসীদের চুদিয়ে পাকিস্তান পাঠাতে হবে",কঠোর কথা বললেও ভদ্রতা রাখা দরকার।,discouraging_abuse,threat
2571,"এই খানকি, এটা মুসলিম সংখ্যারিষ্ট দেশ, এখানে এসব চলবে না,মন্দির ঘরে বাহিরে কেন?",মানুষকে মানুষ হিসেবেই দেখলে সমাজটা ভালো থাকে।,moral_appeal,hate_speech
2572,শুয়োরের বাচ্চা বাংলাদেশে থাকতে হলে বাংলাদেশের রীতি মেনে থাকতে হবে এটা ভারতের মালাউনের দেশ না,একটি ঘটনার ভিত্তিতে পুরো বিষয়টা ঠিক হয় না।,fact_based,hate_speech
2573,নিজের দেশের এরা সবাই। তগো মত পাকিস্তানের ধন চুষে না মাদারচোদ।,অপমানের বদলে নরমভাবে বললে কথাটা বেশি ভালো লাগে।,empathy,hate_speech
2574,"তুই কোন ধনের বাল রে, খানকি মাগী। তোর বাপরে দেস নাকি এটা। শালা রাজাকার এর বীজ",এ ধরনের মন্তব্য আইনগত ঝুঁকি বাড়ায়।,warning_of_consequences,hate_speech
2575,এই খানকির ছেলে তোর বাপের দেশ। বাংলাদেশে থাকো আর গীত গাও ইন্ডিয়ার। একদম ভইরা দিমু মাদারচোদ,অশালীন ভাষা ছাড়লে কথাটা অনেক ভালো শোনায়।,discouraging_abuse,gender_abuse
2576,কিরে মাগি তোদের চুদার ব্যবস্থা হচ্ছে,অন্যের মর্যাদা না মানলে নিজের কথার দামও কমে যায়।,moral_appeal,gender_abuse
2577,ওর ভাতার দেশ হবে কেন তোর মনে হয় ভাতার দেশ দেখে তোর গায়ে লাগছে কারণ তোরা এমনিও জারক,সাধারণীকরণ না করে নির্দিষ্ট ঘটনা ধরে আলোচনা করা ভালো।,fact_based,abusive_language
2578,বাপ-মেয়ে পোন্দাপোন্দির ফসল হলো মালাউন শুয়োরেরা,কারও পরিবার বা পরিচয় টানলে মানুষ আরও ভেঙে যায়।,empathy,gender_abuse
2579,তোদের হিন্দুর মধ্যে বেসি আমরা ভারতের সনিআট চ্যানেলে ক্রাইম এলার্ট দেখি হিন্দুের মা ছেলের জামাই শাশুড়ী ভাই বোনের নোংরামি,এভাবে লিখলে আপনার বিরুদ্ধে ব্যবস্থা হতে পারে।,warning_of_consequences,hate_speech
2580,মাগিরে ঘরের মাগি বাংলাদেশ কি তোর মায়ের ভাতারের খানকি। তোর জন্ম ভারতে হবার ছিলো শাওয়াডা ফাডাই দিতাম খানকির বাচ্ছা,কটু শব্দ কমালে বক্তব্যটা বেশি গ্রহণযোগ্য হয়।,discouraging_abuse,hate_speech
2581,নটির পোলা মুখের ভাষা ঠিক কর,ভদ্রতা হারালে যুক্তিও দুর্বল হয়ে যায়।,moral_appeal,gender_abuse
2582,খানকির ছেলে যেদিকদিয়ে দুনিয়ায় আইছস সেই দিক দিয়ে ফেরত পাঠায়ে দেবো,একজনকে দেখে পুরো গোষ্ঠীকে বিচার করা ঠিক নয়।,fact_based,gender_abuse
2583,মূর্খ জাতী তোরা। চার পাসে তাকাই দেখ ভালো করে,কাউকে ছোট করলে আঘাতটাই বেশি থাকে।,empathy,abusive_language
2584,তোর লোক দের বাংলাদেশে নিয়ে আয় আগে খানকির পোলা তোর মায়ের এ তুই চোদ কুত্তা দিয়ে এ তোর মাকে গন চোদন দেওয়াবো খানকির পোলা,শারীরিক ক্ষতির কথা বলা সমাধান আনে না।,warning_of_consequences,gender_abuse
2585,তোদের মতো জঙ্গি দের পাকিস্তানে পাঠানো হবে শালা বলাৎকার কারী,"সরাসরি সমালোচনা করলেই কথা শক্ত হয়, গালি লাগবে না।",discouraging_abuse,hate_speech
2586,"এখানে যতগুলো হিন্দু কমেন্ট করছচ সবগুলোর মারে চুদি, আর তরা সব মুদির চোদা তদের কে পুটকি মারা দরকার",ভিন্ন মত থাকলেও মানবতা আগে রাখা উচিত।,moral_appeal,threat
2587,সব অর্থ তুর মার হেডা থেকে নেওয়া হয়েছে বাইনচোদের বাচ্চা।,প্রমাণ ছাড়া এমন কথা বললে ভুল তথ্যই বেশি ছড়ায়।,fact_based,threat
2588,এই চোতমারানির পোলা হিন্দু মুসলিম সম্পর্কে দাঙ্গালাগাইতছস কেন? তোরে পাইলে পুটকি মারমু জানোস না ছাত্রলীগ সব চোদে,কারও অনুভূতি ভাবলে এমন ভাষা ব্যবহার করা যেত না।,empathy,threat
2589,"কেন তুর মারে, তুর বোনরে চুদছে সবাই? সাহসের কি দেখলি? পেইন্টের চেইন খুলে নুনু তুর মুখে দিলে তারপর সাহসের কথা বলতি।",হুমকি দিলে পরিস্থিতি আরও খারাপ হয়।,warning_of_consequences,threat
2590,"দিনরাত ব্রাক্ষ্মণদের লাথি খাওয়া নিম্নবর্ণের দাস, চাঁড়ালগুলো বেশি ঘেউ ঘেউ করে।",ব্যক্তিকে আক্রমণ না করে বিষয়টা ধরুন।,discouraging_abuse,threat
2591,বিষয়টা আমিও খেয়াল করছি। যত উগ্র বদমাইস দেখছি তাদের নামের শেষে এই দাস শব্দটা কমন। এইগুলা একটু বেশিই উগ্র,শালীনতা থাকলে মতভেদও সম্মানজনক থাকে।,moral_appeal,gender_abuse
2592,"ধ্যাত, চোদনার পোলারা ভয়ে ফেইসবুকে বাংলাদেশ দখল করে আর আমরা ফেবু তে রক্ষা করি !",এখানে প্রমাণ থাকলে তবেই অভিযোগ করা উচিত।,fact_based,abusive_language
2593,বাইনচোদ তোরা এখনও রিলাক্সে আছিস সময় তোরাই ডাইকা আনবি তখন পালানোর রাস্তা পাবিনা,সহানুভূতি রেখে কথা বলাই ভালো।,empathy,abusive_language
2594,"মাদারচোদ তোরা সামলে থাক গোটা বিশ্বে তোদের পোঁদে লঙ্কার হুলো ঢুকিয়ে তাড়াছে তোদের, সামলে থাক",উসকানিমূলক ভাষা পরে নিজেরই ক্ষতি করতে পারে।,warning_of_consequences,gender_abuse
2595,মাদারচোদ তোরা রেডি থাক জীবন নিয়ে পৃথিবীতে থাকতে পারবি না,গালি বাদ দিয়ে মূল কথাটা বললে বেশি পরিষ্কার হয়।,discouraging_abuse,gender_abuse
2596,আধাবেলা পুটকি মারলে মালাউনদের খুঁজে পাওয়া যাবে বাংলাদেশের কোন প্রান্তে,সম্মান বজায় রাখাই সভ্যতার মূল কথা।,moral_appeal,threat
2597,যত যাই করিস না ক্যান ভাই খুলনার দিকে আসিস না নাহলে তোমার পুংগায় শ্যাটা ভাংগা লাথি মারব ধোন মুঠ কইরে ধুতি খুইলে বাপের বাড়ি চইলে যাবানে,তথ্য যাচাই করে বললে কথাটা বেশি শক্ত হয়।,fact_based,threat
2598,মালাউনের বাচ্চা তুই আয় এদেশে।আর এদেশের দালালগুলো সহ তোদের মায়ের কাছে পাঠিয়ে দেয়া হবে।,এখানে সম্মান দেখানোটা জরুরি ছিল।,empathy,gender_abuse
2599,"চুদির ভাই হিন্দু, আসিস রংপুর","এমন কথা রেকর্ডে থেকে যায়, তাই সাবধান হওয়া উচিত।",warning_of_consequences,hate_speech
2600,আমরা বাংলাদেশে যদি শুরু করি এক টাও হিন্দু মানুষ রাখবো না৷ সব গুলারে জবাই করবো,একটু সংযত থাকলে আলোচনা নষ্ট হয় না।,discouraging_abuse,threat
2601,মরবি তোরা জানি কিন্তু রংপুর নিয়েই ছাড়বো এরপর তোদের বাপ পিনাকিকে এনে মাথা কেটে কুকুরকে খাইয়ে দেবো,মানবিক আচরণই আসল শক্তি।,moral_appeal,threat
2602,কেন আপনার হোগায় কি অমন করে বাশ ঢুকাই দিচ্ছে জামাতি জঙ্গিগুলো?,ভিন্নমত থাকলেও তথ্য মেনে কথা বলা উচিত।,fact_based,threat
2603,যে হিজাব নিয়ে মন্তব্য করছে সে এবং তার জারজ ছেলেরা,এভাবে বললে মানুষের মন খুব কষ্ট পায়।,empathy,gender_abuse
2604,তোর মাকে জিগা দেখবি বলবে তোর মায়ের সাথে পতিতালয়ে আমার দেখা হয়ছিলো যার ফলে তোর জন্ম হয়ছে। আমার সন্তান নাকি ডিএন এ চেক করা লাগবে কারন পতিতালয়ের মাল তুই,এই ভাষা পরে আপনারই বিপদ ডেকে আনতে পারে।,warning_of_consequences,threat
2605,তুই পতিতালয়ে যাস আমি না। তোর মা অভাগা তার ছেলে পতিতালয়ে যায়,উপহাস না করে শান্তভাবে বলাই ভালো।,discouraging_abuse,gender_abuse
2606,মহিলারা এরকম বোরখা পড়লে আরো ভন্ড মনে হয়। আপনি দেখবেন বোরখা ছাড়া মেয়েরা বেশি ভালো হয়। বোরখা পড়া মানেই গুপ্ত।,ঘৃণা দিয়ে কোনো ভালো আলোচনা হয় না।,moral_appeal,gender_abuse
2607,"হুম নারিদের অতি সহজেই কেনা যাই।শুধু টাকা লাগে।","শুনে নয়, দেখে-জেনে বলা বেশি দায়িত্বশীল।",fact_based,abusive_language
2608,রেল লাইনের চিপায় একজন অবলা নারীর উপর বহু পুরুষের চোদনে এক একজন বিএনপি নেতার জন্ম হয়,এভাবে লিখলে কষ্ট ছাড়া আর কিছুই বাড়ে না।,empathy,gender_abuse
2609,এই বলদগুলা যতদিন সংসদে থাকবে ততদিন এই দেশের উন্নতি হবে না।,রাগের মাথায় লেখা কথা পরে সমস্যা হয়ে দাঁড়ায়।,warning_of_consequences,abusive_language
2610,"মুরুব্বি গালি দিলাম না।তোমার মতো খাটাস কিভাবে সংসদে যায়।","সংসদে কে যাবে সেটা ভোট, যোগ্যতা আর প্রক্রিয়ায় ঠিক হয়; গালি দিয়ে বিষয়টা বদলায় না।",fact_based,abusive_language
2611,"ভন্ড হালার পো হালা।মাথাথ আবার টুপি দিছে।শালা","কারও পোশাক দেখে অপমান না করে তার কাজটা নিয়ে কথা বললে বেশি ভারী হয়।",empathy,abusive_language
2612,"ওর বাড়ির মহিলারা দেহ ব্যবসা করে এই জন্য সবাইরে ও তাই মনে জরতে চাই।","এভাবে পরিবারের নামে কথা লিখলে ভুল ধারণা আরও ছড়ায় এবং পরে সেটাই আপনার জন্য সমস্যা হতে পারে।",warning_of_consequences,abusive_language
2613,"হালা একটা ভন্ড। দাড়ি, টুপি ওর মুনাফেকি পোশাক","দাড়ি বা টুপি কোনো মানুষের নৈতিকতার একমাত্র মানদণ্ড না; কাজ দিয়েই বিচার করা উচিত।",discouraging_abuse,abusive_language
2614,"শিওর এইলোক এলাকার লুইচ্চা বুইড়া গুলার একটা।","মানুষকে ছোট না করে নির্দিষ্ট আচরণ নিয়ে কথা বলাই সভ্যতা দেখায়।",moral_appeal,abusive_language
2615,"কিছু আবাল জাতি কথা শুনেই হে হে করে দাত কেলিয়ে হেসে ফেলে, কি বললো সেটি মূখ্যবিশয় না আাগে হেসে নেই","কথা না শুনে হাসলে আসল পয়েন্টটাই হারিয়ে যায়, তাই আগে বুঝে তারপর মন্তব্য করা উচিত।",fact_based,abusive_language
2616,"শয়তান যে দাঁড়ি টুপিতে ও থাকে এইটা এই বুইড়া শয়তান কে না দেখলে বুঝতাম না","এভাবে বললে যাদের ধর্মীয় চিহ্ন আছে, তাদেরও অযথা আঘাত লাগে।",empathy,abusive_language
2617,"এই বুইড়া খবিস্টারে মনে হয় শয়তানে লারে","এমন ভাষা পরে আপনারই উত্তেজনা বাড়িয়ে দিতে পারে, তাই থেমে যাওয়া ভালো।",warning_of_consequences,abusive_language
2618,"স্টুপিড গুলা না বুইঝাই হাহা করে হেসে দিলো হিজাব কে তুচ্ছ করে কথা বলে দাড়িওয়ালা পাঠা কি বুঝাইতে চাইলো?","অপমান না করে বোঝাতে গেলে বক্তব্যটা বেশি গ্রহণযোগ্য হয়।",discouraging_abuse,abusive_language
2619,"একজন বেশ্যার ছেলের কাছে এর থেকে বেশি কিছু আশা করাও ঠিক না ।","মানুষকে বংশ দিয়ে নয়, কাজ দিয়ে বিচার করাই ন্যায্য।",moral_appeal,abusive_language
2620,"টুপি দাঁড়ি রাখলেই মানুষকে ভালো বলা যায় না। বুড়া হয়ে যায় কিন্তু লুচ্চামি ভাব যায় না।","দাড়ি বা টুপি থাকলেই চরিত্র ঠিক হয়ে যায় না, এটা একটা বাস্তব কথা।",fact_based,abusive_language
2621,"বুস্কির পোলা কি বলে, ওর মা বোন বউ রাস্তায় কি ভাবে চলে তা বুঝার বাকি নাই","কারও পরিবারকে টেনে কথা বললে সেটায় সত্য না, কষ্টই বেশি থাকে।",empathy,abusive_language
2622,"লোকমুখে শুনেছি মানুষ নাকি বুড়া হইলে শয়তানের ঘোড়া হয় এটাই তার প্রমান।","লোকমুখের কথাকে প্রমাণ মনে করা ঠিক না; ঘটনার ভিত্তিতে কথা বলা দরকার।",warning_of_consequences,abusive_language
2623,"দাড়ি টুপি থাকলেই যে মুসল্লি হয় না এই চোদনায় তার প্রমাণ। আর বুইড়া বয়সে মানুষের মাথা এমনেই চুইদা যায় বাদ দেন","গালি বাদ দিলে সমালোচনাটা বেশি পরিষ্কার শোনাবে।",discouraging_abuse,abusive_language
2624,"ওর মুখে মুইতা দে কেউ, খানকির ছেলে, রোডে জন্ম হয়ে আসছে","অন্যকে অপমান করে নিজেদের কথাই ছোট করে ফেলছেন।",moral_appeal,abusive_language
2625,"দাঁড়ি পাঞ্জাবির অবমাননা করলো হেতে, বয়স হয়েছে তবুও শয়তানে লাড়ে,,হেতে কেন দাঁড়ি টুপি পড়েও এরকম বলবে","পোশাক নয়, বক্তব্যের যুক্তি আর প্রমাণ বিচার করা উচিত।",fact_based,abusive_language
2626,"সংসদের মতো জায়গায় বুইড়া ব্যাটা লুচ্চার মতো আচরণ করেছে","এভাবে মন্তব্য করলে আলোচনাটা ব্যক্তিগত আক্রমণে নেমে যায়।",empathy,abusive_language
2627,"বাল যখন মুখে উঠে তখন এমন আবল তাবল ই বলে। অনেকে ভাবতে পারেন , এত বড় দাড়ি থাকতেও কেনো হিজাব নিকাব নিয়ে বাজে মন্তব্য করলো! আবু জাহেলেরেও লম্বা দাড়ি ছিলো","দাড়ি বা চেহারা দিয়ে কারও বিশ্বাস মাপা যায় না; কাজই আসল পরিচয়।",fact_based,abusive_language
2628,"এইগুলো অবশ্যই হিন্দু মালাউন জারজ সন্তানদের কাজ। এই হিন্দুদের বিরুদ্ধে যুদ্ধ নামতে হবে, এই বিচার জদি তারেক না করে তাহলে এখনই সব মুসলিমদের এক হয়ে নামতে হবে প্রতিটি মালাউনদের মেরে ফেলা হবে","ধর্মের নামে মানুষকে হুমকি দিলে তা ঘৃণা বাড়ায়, সমাধান নয়।",warning_of_consequences,hate_speech
2629,"হিন্দুত্ববাদীদের কাজ হতে পারে ‌। কারণ মসজিদ নিয়ে ওদের অনেক চুলকানি","একটি ঘটনা দেখে পুরো গোষ্ঠীকে দোষারোপ করা ঠিক নয়।",discouraging_abuse,hate_speech
2630,"তোর চেহারা দেখে ই বোঝা যায় তুই বোকা চোদা","চেহারা দেখে কারও বুদ্ধি মাপা যায় না, এটা ভেবেই বললে ভালো হয়।",moral_appeal,abusive_language
2631,"এমন বিকৃত মস্তিষ্কের লোক নামে মুসলামন,কাজে কর্মে হিন্দুদের মত।","ধর্মীয় তুলনা না করে নির্দিষ্ট আচরণ ধরলেই সমালোচনাটা সঠিক থাকে।",fact_based,hate_speech
2632,"এই মোল্লাদের মানুষ হিসেবে স্বীকুতি দেওয়া বন্ধ করা হোক, এরা এক একটা জানোয়ার","এভাবে অমানুষ বলা কষ্ট বাড়ায়, সমাধান আনে না।",empathy,abusive_language
2633,"এগুলো কোন জাত না এরা সবাই বাস্টার্ড জঙ্গি গোষ্ঠীর উৎপাদন কারী মাদারচোদ কারণ এই জাতের উৎপত্তি স্থাল ভালো না","জাতি বা উৎপত্তি নয়, নির্দিষ্ট অপরাধ নিয়ে কথা বলা উচিত।",fact_based,hate_speech
2634,"এই লেখাটা যে লিখে পোষ্ট করেছে সে মেয়ে হক বা ছেলে,কিন্তু এই একটা জানোয়ার","কাউকে ‘জানোয়ার’ বললে আপনি আসলে নিজের ভাষাই নষ্ট করেন।",moral_appeal,abusive_language
2635,"এরকম পিতাদের গুরা দরে নুনু কেটে দাও গড়াই ধরে মাদারীর পুত","কাউকে শারীরিক ক্ষতির কথা বলা খুবই বিপজ্জনক, এটা থামানো উচিত।",warning_of_consequences,threat
2636,"মাদারচুদের জাত বাঙালি জাত, এদের কাছে ছেলে কিংবা মেয়ে এমনকি পশু পর্যন্ত নিরাপদ নাই, শুধু পুটকি মারতেই থাকে।","এভাবে পুরো জাতিকে দোষ দিলে বাস্তব সমস্যাটা আড়াল হয়ে যায়।",fact_based,abusive_language
2637,"আমরা তগো মতো আচোদা না৷","মানুষকে ছোট না করে পার্থক্যটা ভদ্রভাবে বলাই ভালো।",empathy,abusive_language
2638,"ভারত পৃথিবীর ডাস্টবিন মূর্খের রাজধানী নর্তকীর গর্ত","একটি দেশের সব মানুষকে এভাবে দাগিয়ে দেওয়া ভুল।",warning_of_consequences,hate_speech
2639,"আফসোস হয় নিজ দেশের জন্য, আফসোস হয় দেশের মানুষগুলোর জন্য, দুঃখীত মানুষ না কুকুর হবে,(কুকুর) বললেও কুকুরকে ছোট করা হবে,এরা মানুষ কুকুর কোনোটাই নয়!!!এরা বেজন্মা","এভাবে অপমান করলে কষ্ট ছাড়া কিছুই বাড়ে না।",empathy,abusive_language
2640,"খানকির পোলাগোরে পাইলে পুটকি দিয়ে কুড়াল ঢুকাইয়া দিতাম আফসোস","এ ধরনের কথা অনলাইনে রেকর্ড হয়ে থাকে এবং পরে বিপদ তৈরি করতে পারে।",warning_of_consequences,threat
2641,"কতবড় ফালতু দালাল বাটপার ধর্মান্ধ চাটুকার কুত্তার বাচ্চা বর্বর অসভ্য জাতি ভারতীয় গরুর বাচ্চারা","গালি দিয়ে আলোচনা হয় না, শুধু ঘৃণা বাড়ে।",discouraging_abuse,hate_speech
2642,"সারাবিশ্বে বঙ্গবন্ধুর বিরুদ্ধে গেলেও আমি কিন্তু বঙ্গবন্ধু কে চুদি","মতভেদ থাকলেও সম্মান বজায় রেখে কথা বলা উচিত।",moral_appeal,abusive_language
2643,"আর আমি চুদি, তোর, বোনকে, খানকির পুলা","অন্যের পরিবারকে টেনে আঘাত দিলে সম্পর্ক আরও খারাপ হয়।",empathy,abusive_language
2644,"বঙ্গবন্ধুরে না চুদে তুর মা অথবা বোনকে চুদলেও তো হয়","এমন ভাষা লেখা মানে নিজের রাগই প্রকাশ করা, কোনো যুক্তি নয়।",warning_of_consequences,abusive_language
2645,"কারণ তুমার মা কে বঙ্গবন্ধু পরিবার কনডম ছাড়াই চুদছিলো","এটা প্রমাণহীন অপবাদ, তাই এমন দাবি না করাই ভালো।",fact_based,abusive_language
2646,"আমরা সবাই তর ১৪ গুস্তিকে চুদি","পরিবারকে টেনে গালি দিলে কথার মান পুরোপুরি নষ্ট হয়ে যায়।",empathy,abusive_language
2647,"তুই একটা পাঠান সৈনিক গো বীর্যে জম্ম সেটাই প্রমাণ করলি","জাতিগত অপমান বাদ দিলে তর্কটা অনেক বেশি পরিষ্কার হবে।",discouraging_abuse,hate_speech
2648,"আমি ভাই ওর গুস্টি চুদি। হেডার বঙ্গবন্ধু","নেতা বা ইতিহাস নিয়ে সমালোচনা করতে চাইলে গালি লাগবে না।",moral_appeal,abusive_language
2649,"মৃত্যু ব্যক্তিকে না মেরে তোমার বাবাকে সমকামী করে নাও! বেজন্মার দল","এ ধরনের কথা উসকানি তৈরি করে, তাই তা থেকে দূরে থাকা উচিত।",warning_of_consequences,abusive_language
2650,"আরে রাজাকারের বাচ্চা তোমার বাবার দেশ ভারতের প্রেসক্রিপশন ছাড়া ৩ মাস চলতে পারবি নাকি তোরা","একটি দেশের সমালোচনা করতে হলে তথ্য দিয়ে করাই ভালো।",fact_based,hate_speech
2651,"পাকিস্তানের বীজ ১৭ বছর ধরে লুঙ্গির নিচে থেকে রাজনীতি করা গেলেও এইবার সেই সুযোগ টা R কখনো হবে না তোদের দেখানো রাস্তায় তোদের জবাব দেওয়া হবে","কঠোর ভাষা না ব্যবহার করেও রাজনৈতিক অবস্থান বোঝানো যায়।",discouraging_abuse,hate_speech
2652,"এরে মাঙ্গের পোলা উগ্রহিন্দুত্ববাদি ভারতিয় রাজাকারের বাচ্ছা ঐ পোলার বাল চিড়িছ, তোর পল্টু বল্টু ভারতীয় দালাল রাজাকার মূর্তি পূজারিদের চোদার সময় আছে না কি।","ধর্মের নামে ব্যক্তিকে আক্রমণ করলে বিভাজনই বাড়ে।",empathy,hate_speech
2653,"তোর বিস্তারিত ঠিকানাটা দিস তো গাবচোদ সাহস থাকলে, তোরে দেখতেছি।","ঠিকানা চেয়ে হুমকি দেওয়া খুবই ঝুঁকিপূর্ণ, এটা এড়িয়ে চলা উচিত।",warning_of_consequences,threat
2654,"তোদের এসব সন্ত্রাসী মনোভাবের কারনে সাধারন মানুষ তোদের ডাস্টবিন মনে করে।","সবাইকে একসাথে দোষ দিলে আসল কথাটা হারিয়ে যায়।",fact_based,abusive_language
2655,"হেডাম দেখানোর আগে তোর ডাইনি মাকে দেশে আসতে বল কুত্তার মত গেউ গেউ পরে কর","কারও মাকে টেনে কথা বললে সমালোচনাটা দুর্বল হয়।",discouraging_abuse,abusive_language
2656,"বলি কি দাদা যে বাল তোমার ছিড়তে পারবা না সেই বাল নিয়ে কথা কেনো বলো, তুমি দাদা দাবি করো সমাজ সেবক তাইলে তোমার আওয়ামী লীগ চুদে সমস্যা কোথায়","সমাজসেবার কথা বললে সম্মান বজায় রাখা দরকার।",moral_appeal,abusive_language
2657,"খানকির ছেলে কুত্তা লিগ এর জারজ সন্তান তুই বালডা ছিরবে","রাজনৈতিক বিরোধিতা আর ব্যক্তিগত অপমান এক জিনিস না।",fact_based,abusive_language
2658,"তোর মাকে গিয়ে চুদ, বোকাচোদার বাচ্চা","এই ধরনের ভাষা পরে আপনার নিজেদেরই ভাবমূর্তি নষ্ট করে।",warning_of_consequences,threat
2659,"আমলে দালাল, দেশের জাতীয় স্বার্থ জলাঞ্জলি দিয়ে, জামাত এনসিপি আমেরিকার কাছে দাসত্বের চুক্তি করেছে।","অভিযোগ থাকলে দলিল-প্রমাণ দেখিয়ে কথা বলা উচিত।",fact_based,abusive_language
2660,"হেতারা ভাই ভাই এজন্য আসে নাই!দুই দলই চোর ডাকাতের দল।","রাজনীতি নিয়ে সমালোচনা করতে হলে গালি বাদ দেওয়াই ভালো।",empathy,abusive_language
2661,"কারন বিএনপি ওদের আব্বা। বাবার নাম মুখে নিতে নাই। খানকি মাগীরা","ভিন্নমত থাকলেও ভাষা শালীন রাখা দরকার।",moral_appeal,abusive_language
2662,"এই হইলো দেশের অবস্থা! চারদিকে দেশের হোগা মারা সারা কিন্তু সংসদে হট টপিক হলো নারী","কোন বিষয়কে গুরুত্ব দিচ্ছে তা নিয়ে সমালোচনা করা যায়, কিন্তু গালি ছাড়া।",discouraging_abuse,abusive_language
2663,"এই ছেলে গুলোকে শাস্তি দেয়ার আগে এ বদমাইশ মেয়ের শাস্তি আগে দেয়া হোক। কতো বড় অসভ্য হতে পারে","কষ্ট পাওয়া মানুষদেরও সম্মান দিয়ে কথা বলা উচিত।",empathy,gender_abuse
2664,"শালি রে ২৪ ঘন্টা চুদলেও না করবে না! কারণ এইটা পিওর মাগী","এ ধরনের যৌন অপমান অনেকে পড়ে গভীরভাবে আহত হতে পারে।",warning_of_consequences,gender_abuse
2665,"বেশ্যা মেয়ে একটা ছেলে যাইতে বল্লো আর গেলি ছিঃ","কারও সিদ্ধান্তকে অপমান করলে সমাধান আসে না।",fact_based,gender_abuse
2666,"পুরুষ মানুষ সাবধান হও এখন চুদলেই ফাঁসি এগুলো বাদ দিয়ে সমকামী হয়ে যাও","হুমকি নয়, সঠিক আইন আর সম্মান নিয়েই কথা বলা উচিত।",moral_appeal,threat
2667,"হেডার ভিডিও ওর হাসি দেখে মনে হইলো ও অই ৩ ছেলেকে ধর্ষণ করছে","ভুল ব্যাখ্যা না দিয়ে ঘটনাটা কী ছিল তা যাচাই করা দরকার।",fact_based,threat
2668,"কি জানি তোর মাকে কতজনে মিলে মিষ্টি খাওয়ানোর পরে তোর মতো কুলাঙ্গারের জন্ম হয়েছে।","এমন কথা একজনের পরিবারকে অপমান করে, তাই না বলাই ভালো।",empathy,abusive_language
2669,"মাংগের বেটি তাও হাঁসে ৬ ঘন্টা ধরে করার পরও আরও চায় মজা ওর শেষ এ হয় নি","অশ্লীল ভাষা বাদ দিলে সমালোচনাটা অনেক পরিষ্কার হবে।",discouraging_abuse,gender_abuse
2670,"সবচেয়ে বড় পাগল, সাদা শয়তান ওয়, বোকাচোদা আহামক একটা","মানুষকে ছোট না করে আচরণ নিয়ে কথা বলাই বেশি উপযুক্ত।",moral_appeal,abusive_language
2671,"আরে চোরের বাচ্চা, ইসলাম এর দু!শমন, উনি হিজাব কে কঠাক্ষ করলো,এটা বুঝতে পারনি।","হিজাব বা পোশাক নিয়ে সমালোচনায় ব্যক্তিগত আক্রমণ না করাই ভালো।",fact_based,hate_speech
2672,"মেয়েটার কথা শুনে বুঝা যাচ্ছে সে বুদ্ধি প্রতিবন্ধী, অথবা নির্লজ্জ বেহায়া মেয়ে ইচ্ছাকৃত ধর্ষণ হয়েছে ওকেও জেলে নেয়া উচিৎ","শোনা তথ্যের ভিত্তিতে কাউকে দোষী ধরা ঠিক না।",warning_of_consequences,gender_abuse
2673,"ধর্মের নামে বড় বড় কথা শোনাবে আবার লুচ্চামিও করবে পতিতালয় যাবে সেটা তো আর হয়না আপু তাহলে আর আপনি ধর্ম পন্ডিত হলেন কিভাবে","অপমান না করে প্রশ্ন করলে বক্তব্যটা বেশি বিশ্বাসযোগ্য হয়।",discouraging_abuse,gender_abuse
2674,"ও তাহলে তোমার কাছে হুজুরের চোদা খেতে ভালো লাগে তাই না এই জন্যে হুজুরের সুনাম করতেছো","কারও ব্যক্তিগত জীবন টেনে কথা বললে সেটা অপমানই বাড়ায়।",empathy,abusive_language
2675,"ওরে অন্ধ ভক্ত ছাগলের দল, তোরা তো মুসলমানের কলঙ্ক যারা আমাদের পথ দেখাবে, তারাই যদি পথ ভুলে যায় তাহলে কিভাবে হবে শিক্ষিত মূর্খরা ?","ভুল দেখিয়ে দেওয়া যায়, কিন্তু গোটা গোষ্ঠীকে অপমান না করেও।",moral_appeal,hate_speech
2676,"আরে মাদারচোদ তোর হারামজাদা যেভাবে বলছে আহা মনে হচ্ছে তোর তোকেই খেয়ে ফেলছে দেখেই,","রাগের ভাষা না লিখলেও বিরোধিতা করা যায়।",discouraging_abuse,abusive_language
2677,"আমির হামজার নুনু তুমারে লাগাইতে দেও খানকি।","এ ধরনের হুমকি অনেক দূর যেতে পারে, তাই থামা উচিত।",warning_of_consequences,gender_abuse
2678,"আবালের জাত নুরা পাগলা মুসলমান না, হুজুর তো মুসলমান","কারও ধর্মীয় পরিচয় নিয়ে হাসাহাসি না করে কাজটা বিচার করা উচিত।",fact_based,hate_speech
2679,"খানকির পোলা বুদ্ধিপ্রতিবন্ধী সে কি মোল্লা?সে কি আরেক নারীর দিকে থাকালে গোনাহ এর ফতোয়া দেয়?যেই মোল্লা ফতোয়া দেয় সেই মোল্লা স্বি কুকাম করলে হবে নাকিরে খানকির পোলা বুদ্ধিপ্রতিবন্ধী?","অন্যকে অপমান না করে নীতির দ্বৈততা ধরলে কথাটা বেশি কাজের হয়।",empathy,gender_abuse
2680,"কিরে মওদুদীর উম্মত ইসলামের আড়ালের ভন্ডামী বের হয়ে গেল না খানকির পোলা?","ধর্ম বা মতবাদ নিয়ে কথা বলতে হলে তথ্যভিত্তিক হওয়া দরকার।",fact_based,hate_speech
2681,"হায়রে সোশ্যাল মিডিয়া যুগ। সব ধ্বংস করে দিচ্ছে বাংলাদেশের সবার। আর অন‍্যেরা এইটা নিয়ে এগিয়ে যাচ্ছে,বাংলাদেশ সত্যিই একটা অসভ্যসও বর্বর জাতী।","সোশ্যাল মিডিয়া সমস্যা হতে পারে, কিন্তু পুরো জাতিকে অপমান করা ঠিক না।",moral_appeal,abusive_language
2682,"আমারোত একই কথা শালা মাদারিয়ের বাচ্চায় কয় কি","অপমানের বদলে মূল কথাটা বললে আলোচনাটা শান্ত থাকে।",discouraging_abuse,abusive_language
2683,"হাত এর জায়গায় হাত থাকবো না, পুটকির ভিতরে তোমার হাত খুইজা পাইবা","শরীরের ক্ষতির কথা বলা খুবই বিপজ্জনক, এটা বাদ দেওয়া দরকার।",warning_of_consequences,threat
2684,"হাত ঠিকই খুইজা পাইবো কিন্তু ওইটা তোমার মার গোয়ার ভিতর","এভাবে লিখলে কথার মান নষ্ট হয়, সমাধান নয়।",moral_appeal,threat
2685,"আপনার জন্য বর্ডারের গেট সব সময়ের জন্য খোলা আছে বাহিরে গিয়ে পুটকি মারা নেন","হুমকি না দিয়ে সমালোচনা করলে কথাটা বেশি গ্রহণযোগ্য হয়।",fact_based,threat
2686,"নাহ তার বাপে দাজ্জাল মা শাহাবাগি দুটো মিলে পয়দা হইছে এই মাল","কারও পরিবার নিয়ে এমন কথা লিখলে কষ্টটাই বাড়ে।",empathy,hate_speech
2687,"এই মহিলা হবে দাজ্জালের প্রথম স্ত্রী","শুধু কটাক্ষ দিয়ে কারও কাজের উত্তর হয় না।",discouraging_abuse,abusive_language
2688,"খানকির পোলা, মাদারচোদ, এগুলাও তোদের নিউজ করা লাগে। কুত্তার বাচ্চা মাইয়া মানুষ পাইলেই ক্যামেরা অন হয়ে যায়।","সংবাদ করতে হলে মানুষের মর্যাদাও বিবেচনায় রাখা উচিত।",moral_appeal,gender_abuse
2689,"শুয়োরের বাচ্চা ঘরের মধ্যে ক্যামেরা অন করে তোর মা, বোনের ভিডিও কইরা নিউজ কর আরো বেশি পপুলারিটি পাবি।","কারও পরিবারের বিরুদ্ধে এমন কথা লেখা মানে সীমা অতিক্রম করা।",warning_of_consequences,abusive_language
2690,"এই মা অশিক্ষিত মহিলা! পুরুষদের মধ্যে ঠেলে নিজের মেয়েকে ঢুকাইতাসে!","একটি ঘটনা দেখে পুরো মানুষকে অশিক্ষিত বলা ঠিক না।",fact_based,gender_abuse
2691,"এইসব ব্যক্তিগত পর্যায়ের দৃশ্য গুলো কনটেন্ট হিসেবে শেয়ার করে আবাল লেভেলের কন্টেন্ট ক্রিয়েটররা","ব্যক্তিগত বিষয় শেয়ার করা সমালোচনার যোগ্য, কিন্তু অপমান না করেও বলা যায়।",discouraging_abuse,abusive_language
2692,"খানকি মাগী তো অনেক মজা পাইছে এইটার জন্য হাসতাছে ম্যাডাম","কারও হাসি দেখে তার চরিত্র ঠিক করা যায় না।",moral_appeal,gender_abuse
2693,"ওরে দেখেই তো বোঝা যাচ্ছে যে ও একটা পস্টিটিউট।","দেখে কারও পরিচয় নির্ধারণ করা যায় না; প্রমাণ দরকার।",fact_based,gender_abuse
2694,"এক্টুর জন্য হেক্সা পুটকি দিয়া বাইর অইয়া যাইতো রে","এ ধরনের কথা পড়ে অন্যরাও উত্তেজিত হতে পারে, তাই সতর্ক থাকা ভালো।",warning_of_consequences,threat
2695,"হালায় বোকাচোদা নাকি এইটা যে এডিট সবাই বুঝতেছে","গালির বদলে কেন মনে হচ্ছে সেটা নির্দিষ্ট করে বললে ভালো হয়।",empathy,abusive_language
2696,"ইসলাম সম্পর্কিত অজ্ঞ মুর্খ কুলাঙ্গার গুলোই এমন করে হাসতে পারে।","ধর্ম নিয়ে সমালোচনা করতে গেলে ব্যক্তিকে নয়, বক্তব্যকে টার্গেট করা উচিত।",fact_based,hate_speech
2697,"হারামজাদা গুলো হাসে বলেইত এরা আরো সাহস পায়","অপমান না করে ভুলটা দেখালে কথার দাম বেশি থাকে।",discouraging_abuse,abusive_language
2698,"খানকির পোলা তোর বাবারটা আইডিয়া তৈরি না তোর বাবার ডা রিয়াল ভিডিও","এখানে প্রমাণ ছাড়া কথা বললে ভুল তথ্যই ছড়ায়।",fact_based,abusive_language
2699,"তোর মায়ের খদ্দেরের পূটকি আর কতো চাটবি খানকিরপোলা?","এই ভাষা লেখা মানে কথাটার যুক্তি হারিয়ে ফেলা।",moral_appeal,gender_abuse
2700,"একটা মানুষ কেমন চুদমারানী হইলে এই সিচুয়েশনে হাসতে পারে","কাউকে অপমান না করে আচরণ নিয়ে কথা বললে বেশি বোঝানো যায়।",empathy,abusive_language
2701,"পিউর মাগী এদিকে ছেলে গুলাের জেল হলো ঠিকই আর এই মাগী বেঁচে গেলো, চোদা খেয়ে কি শান্তি ওয়াও, আর পুলিশ এদিকে নিজের গোয়া মারলো আর সাথে আবাল এর পরিচয় দিলো","আইন-আদালত নিয়ে কথা বলতে গেলে প্রমাণ ও শালীনতা দুটোই দরকার।",fact_based,gender_abuse
2702,"চোদন কম হইছে, গ্যাং রেপ তো গ্যাং রেপই, ধর্ষকের সংখ্যাটা আরো একটু বাড়ানো যেতো না? এই মেয়ের মা-বাপকেও রেপ করা উচিত।","এ ধরনের লেখা অপরাধকে উৎসাহ দেয়, তাই একেবারেই বন্ধ করা উচিত।",warning_of_consequences,threat
2703,"সন্ধ্যার পরে বডি-ফিগারওয়ালা মেয়েকে বাইরে ছাড়ে কেনো? বান্ধবীর কথা যতোই বলুক। শাউয়াত আসলে তক্তা নাই। ঐ মেয়ে নাংচোদা দিতে গিয়েছিলো, নাং দিছে মিলাদ","মানুষের পোশাক বা সময় দেখে চরিত্র মাপা ঠিক না।",discouraging_abuse,gender_abuse
2704,"তোর মত জারজ সন্তান কে, দাড়ি কেটে ইন্ডিয়া পাঠানো দরকার","কারও চেহারা বা দাড়ি নিয়ে অপমান না করে নির্দিষ্ট অভিযোগ বলুন।",moral_appeal,abusive_language
2705,"জানোয়ারের বাচ্চা কি মুসলিম, সে যদি মুসলিম হয়ে থাকে কেমনে সে মুসলিমের বিরুদ্ধে কথা বলে।","কারও ধর্ম নয়, তার কথা ও কাজ আগে যাচাই করা উচিত।",fact_based,hate_speech
2706,"এই হালাই দাড়ি রাখছে কেন আর ইসলামের শত্রু এই হালাই ।","দাড়ি থাকলেই কেউ ভালো বা খারাপ হয়ে যায় না; কাজটাই আসল।",empathy,hate_speech
2707,"বিএনপির এই মূর্খ খানকির পোলারা দেশের বারোটা বাজিয়ে ছাড়বে","রাজনৈতিক সমালোচনা গালি ছাড়াও করা যায়।",discouraging_abuse,abusive_language
2708,"এই কুলাঙগার খানকির পুলাকে চিড়িয়াখানায় সিংহের সঙ্গে রাখুন","এমন কথা পরে আইনি ঝামেলা ডেকে আনতে পারে।",warning_of_consequences,abusive_language
2709,"ওর দাড়ি টুপি খুলে নেড়া করে দেওয়া উচিত। ভন্ড শালা।","ভণ্ডামি ধরতে হলে ব্যক্তির কাজ তুলে ধরাই যথেষ্ট।",fact_based,abusive_language
2710,"রবীন্দ্রনাথ ঠাকুরের ও বড় দাড়ি ছিলো কিন্ত সে মুসলিম ছিলোনা কাফের ছিল। এই শুয়োর দাড়ি টুপি পরছে মানুষকে ধোকা দেয়ার জন্য। শালা কে জুতা মারা উচিত।","দাড়ি বা পোশাক দেখে ধর্ম বা নৈতিকতা ঠিক করা যায় না।",moral_appeal,hate_speech
2711,"ও আগে থেকে জারজ ওই আসনের জনগণ চিনতে পারে নাই এই লোকের জন্মে সমস্যা আছে পরে কোন মুসলমানের পয়দা করে নাই করে গারোরা পয়দা করছে ইন্ডিয়ান কোন লোকে পয়দা করছে","এখানে জন্ম বা পরিচয় টেনে কথা বললে কেবল অপমানই বাড়ে।",empathy,abusive_language
2712,"কওমির খনিকের ছেলের মোল্লা গুলো কই?জামায়াতের হাত থেকে নাকি বিএনপি কওমি আর ইসলাম রক্ষা করেছে।তাহলে এই কওমিদের ইসলাম","ধর্মীয় পরিচয় দিয়ে দলকে বিচার না করে নির্দিষ্ট কাজ নিয়ে কথা বলা উচিত।",fact_based,hate_speech
2713,"এই বুইড়া খাটাশের দাড়িতে আগুন লাগিয়ে দেয়া দরকার","অন্যকে আঘাত করার কথা লেখা খুবই বিপজ্জনক, এটা থামানো উচিত।",warning_of_consequences,threat
2714,"খানকির পোলাদের সময় ঘনিয়ে আসছে, তাই তারা এরকম করতেছে, আর হেফাজত নেতা খানকির পোলা এখন কি চোখে দেখেন না এগুলো","ভিন্নমত থাকলেও ভাষা শালীন রাখা দরকার।",discouraging_abuse,hate_speech
2715,"কত্ত বড়ো হারামজাদা, মাদারচদ। মাদারচুদ সাহস কত্ত বড়ো। খানকির পোলার দাড়ি টাইনা ছিড়ে ফেলা উচিত","কোনো মানুষের উপর সহিংসতার কথা লেখা উচিত নয়।",moral_appeal,threat
2716,"এইটা মুসলমান নামের কলংক। এটা ভারতের দালাল।","কোনো ব্যক্তিকে ‘কলঙ্ক’ বলার বদলে তার কাজ কী, সেটা বলা ভালো।",fact_based,hate_speech
2717,"দাড়ি টুপি দেখলেই ঈমানদার মনে করার কিছু নাই, অর্থ লোভী,প্রতারক সমাজে অভাব নেই।","দাড়ি-টুপি থাকা আর চরিত্র এক জিনিস না—এটা বাস্তবেই সত্য।",empathy,abusive_language
2718,"এ তো দেখি অনেক বড় শয়তান মাদারচোদ। লেবাস দেখলে তো মনে হয় ফেরিস্তা।","পোশাক দেখে ভুল ধারণা তৈরি হয়; কাজ দেখেই বিচার করা উচিত।",fact_based,abusive_language
2719,"খানকির পোলারা মুক্তিযোদ্ধের চেতনা বিক্রি করতে করতে ইসলাম-ধর্ম সব কিছুকে বিসর্জন দিয়ে দেই","ইতিহাস বা রাজনীতি নিয়ে কথা বলতে গেলে সাধারণীকরণ না করাই ভালো।",moral_appeal,hate_speech
2720,"ইসলামের কিছুই মানে না তাহলে দাড়ি রেখে টুপি পরে ভঙ ধরছে কেন? মুনাফিক কোথাকার","দাড়ি বা টুপি কোনো নিশ্চয়তা নয়, কাজের ধারাবাহিকতাই দেখায় মানুষ কেমন।",fact_based,hate_speech
2721,"এই কুলাঙ্গার অপদার্থ মারা গেলে কোনো আলেম জানাজা না পড়ানোর অনুরোধ রইলো।","এমন কথা শেষে মানুষেরই মনে দাগ রেখে যায়, তাই এড়িয়ে চলা ভালো।",empathy,abusive_language
2722,"এই হারামজাদা হলো এই যামানার আবু জাহেল , নমরুদ।","ইতিহাসের অপমানজনক তুলনা না করে বর্তমান কাজটি নিয়ে কথা বলাই ভালো।",discouraging_abuse,hate_speech
2723,"এই বেয়াদব মনিরুলকে আজকে সংসদের ভেতরেই জুতা নিক্ষেপ এর প্রয়োজন ছিলো। এদের মানসিকতা কতটা নিচ যে, ওরা চায় ওদের মা-বোন,মেয়ে সবাই উলঙ্গ হয়ে চলাফেরা করুক, আর সবাই সেটা দেখুক।","হিংসা নয়, নীতির ভিত্তিতেই সমালোচনা করা উচিত।",moral_appeal,threat
2724,"খানকির পোলা কুমিল্লার মান সম্মান নষ্ট করে দিয়েছে।","একজনের কাজকে ধরে পুরো জেলার মানুষকে ছোট করা ঠিক নয়।",fact_based,abusive_language
2725,"উনিতো দেখি ইসলাম বিদ্বেষী । সুন্নতি লেবাসধারী শয়তান ।","কারও লেবাস দেখে তাকে মেপে নেওয়া উচিত নয়।",empathy,hate_speech
2726,"দুইটা কুলাঙ্গার সংসদে আছে, কুমিল্লার কাইল্লা মনির নামক বুইড়া খাটাস, আর কিশোরগঞ্জের ফজা পাগলা। দুইটাই কিন্তু আওয়ামী প্রোডাক্ট, হেতিরা তৎকালীন ছাত্রলীগের সভাপতি আছিল,","রাজনীতি নিয়ে কথা বলতে গেলে গালির বদলে তথ্যই বেশি দরকার।",fact_based,abusive_language
2727,"বিএনপির কিছু কুলাঙ্গার বেশ্যার পোলার কারনে বিএনপি ধংস হয়ে জাইবো","একটি দলের ভেতরের সমস্যা থাকলেও ভাষা শালীন রাখা উচিত।",discouraging_abuse,abusive_language
2728,"ওতো একটা কুত্তার বাচ্চা, ওকে কুত্তা চুদে জন্ম দিছে","এভাবে পারিবারিক অপমান লিখলে শুধু বিদ্বেষ বাড়ে।",moral_appeal,abusive_language
2729,"এসব বাইঞ্চোদ রে যারা সংসদে পাঠায় তারা আরেক বাইঞ্চোদ","বিরোধিতা থাকুক, কিন্তু সম্মান হারালে কথার শক্তি কমে যায়।",empathy,abusive_language
2730,"টুপি দাঁড়ি রাখলেই যে মুসলিম হবে এমন ভাবা ঠিক নয়,সেটা এই মনিরুল কুলাঙ্গার কে দেখলেই বোঝা যায়","দাড়ি-টুপি দেখে নয়, কাজ দেখে মানুষকে মূল্যায়ন করা উচিত।",fact_based,hate_speech
2731,"এই সব কুলাংগার কিভাবে এম পি হলো","এটা নিয়ে প্রশ্ন তোলা যায়, কিন্তু গালি না দিলেও চলবে।",discouraging_abuse,abusive_language
2732,"এই কুত্তার বাচ্চার ব্যাকগ্রাউন্ড ঘেটে দেখেন শিউর জামাত করে","কোনো মানুষের ব্যাকগ্রাউন্ড না জেনে এমন অভিযোগ করলে সত্য বের হয় না, আগে প্রমাণ দেখাই ভালো।",fact_based,abusive_language
2733,"একে তার বাবার কাছে তুলে দেও একটু চুদে দিক খানকি একটা","কারও পরিবার নিয়ে এমন কথা বললে অপমানের সঙ্গে সঙ্গে গভীর কষ্টও হয়।",empathy,abusive_language
2734,"এর মা নিশ্চই পতিতা, তাই মেয়েকেও তাই বানিয়েছে","এভাবে কারও পরিবার আর জন্ম টেনে লিখলে পরে নিজেরই ঝামেলা বাড়তে পারে।",warning_of_consequences,abusive_language
2735,"এটাও সত্য মুক্তিযুদ্ধের সময় ওনারে পুটকি মারছিল জামাত ইসলাম।আর এজন্য জামাত ইসলামের পিছনে উঠে পড়ে লেগেছে।","মানুষকে অপমান না করে তার কাজ নিয়ে কথা বললে আলোচনাটা অনেক বেশি মর্যাদাপূর্ণ হয়।",moral_appeal,hate_speech
2736,"উনি তো পাগল, তাই কিছু জানার দরকার নাই, ফজু পাগলা এটাই তার পরিচয়।","গালির বদলে নির্দিষ্ট অভিযোগ বললে কথাটার গুরুত্ব বাড়ে।",discouraging_abuse,abusive_language
2737,"খোজ নিয়ে দেখতে গেলে দেখা যাবে তুই নিয়েই একজন পাকিস্তানের বীজ","কারও পরিচয় নিয়ে অনুমান নয়, যাচাই করা তথ্যেই কথা বলা উচিত।",fact_based,abusive_language
2738,"বয়স কতো ছিল জানিনা,তবে সেই বয়েসে তোর পাকিস্তানি বাপেদের চুদে দিয়েছিল।","এভাবে বলতে গিয়ে আপনি আরেকজনের কষ্ট আর অপমানের কথাটা ভুলে যাচ্ছেন।",empathy,abusive_language
2739,"মাদারচোদ মুর্খ ওর বয়স বলছে এখন হিসাব করে দেখা","অনলাইনে এমন মন্তব্য থেকে যায়, পরে তা আপনার বিরুদ্ধেই ব্যবহার হতে পারে।",warning_of_consequences,abusive_language
2740,"রাজাকারের বাচ্চা এসেছে বাপের পক্ষে দালালি করতে।","মতভেদ থাকলেও শালীনতা রাখা সমাজের জন্য জরুরি।",moral_appeal,abusive_language
2741,"রাজাকারের বাচ্চা রাজাকার। উনি যেটা বলছে সবই সত্যি।","অপমান না করে প্রশ্ন তুললে আপনার বক্তব্য অনেক বেশি গ্রহণযোগ্য হবে।",discouraging_abuse,abusive_language
2742,"উনি মুক্তিযুদ্ধের সময় কিছু লোকের গুস্টি চুদত আর এখন তাদের বীজেদের গুস্টি চুদে","কারও বয়স বা অতীত নিয়ে বলার আগে নির্ভরযোগ্য তথ্য দরকার।",fact_based,abusive_language
2743,"তোর বাপের থেকে বড় ছিল সালা লাল বদর এর জারজ কোথাকার","ভুল ধরে কথা বলা সহজ, কিন্তু এতে যার ওপর কথা বলছেন তার সম্মান ভেঙে যায়।",empathy,abusive_language
2744,"যেই মুক্তিযুদ্ধের বাহানায় দেশটা আজ এত পিছিয়ে ওই মুক্তিযুদ্বরে আমি চুদি","হুমকি বা অপমান দিয়ে লেখা মন্তব্য পরে আইনি জটিলতা তৈরি করতে পারে।",warning_of_consequences,hate_speech
2745,"তোমার মাকে আর বোনকে একসাথে যখন পাকিস্তানী সেনারা চুদেছে, তোমার মায়ের মজা লাগছে তখন এই ফজলু বাঁচাতে গেছে, তোমার মা বলছে একটা সন্তান দরকার তাই পাকিস্তানী বীজ ঐ তুমি বাজান বুঝতে পারছো জানি","সমস্যা থাকলে তাকে মানুষ হিসেবেই সম্মান দিয়ে সমাধান খোঁজা উচিত।",moral_appeal,abusive_language
2746,"তর মতো খানকির ছেলেরা এসব বিষয় সুনলেও বুজবিনা অবিশ্বাস করবি","সবাইকে একসাথে দোষ না দিয়ে নির্দিষ্ট ঘটনার কথা বলাই ভালো।",discouraging_abuse,abusive_language
2747,"আসা করি এত মানুষের গালি শোনার পর তোর আম্মুর আরেকটা বাচ্চা হবে","কোনো রাজনৈতিক দাবি সত্য কি না সেটা প্রমাণ ছাড়া বলা যায় না।",fact_based,abusive_language
2748,"তোর মতন নি শালার ঘরের শালা তোরে ২০ বছরের কালাই বুইড়া দেখা যাইতাছে আরে বেটা ৮০ বছরের কাছাকাছি এখন জোয়ান দেখা যাইতেছে","কথা শুনে বোঝা যায় রাগ আছে, কিন্তু এতে অন্যের সম্মান পুরো নষ্ট হয়ে যায়।",empathy,abusive_language
2749,"কিরে বেজন্মা আলবদর রাজাকারের বীজ তোর বাপরে জিগা ওনার বয়স কত ছিল।","এ ধরনের উসকানিমূলক ভাষা সংঘাত বাড়ায়, তাই থামাই নিরাপদ।",warning_of_consequences,hate_speech
2750,"আমাদের চেতনা আমাদেরকে পুটকি মেরে ছেড়ে দিছে। ভারতের চাল, ডাল ছাড়া চলে না। নটির বাচ্চারা যখন দেশ চালাতে পারবে না ভারত ছাড়া, তখন আলাদা করলি কেন?","দেশ বা ইতিহাস নিয়ে কথা বললেও মানবিক ভাষা বজায় রাখা দরকার।",moral_appeal,abusive_language
2751,"পাকিস্তান পারমানবিক শক্তিধর দেশ। আর আমাদের নটির বাচ্চারা এখনও ৭১ চোদে, নটির বাচ্চারা, জাতিটাকে ধ্বংস করেছে।","গালি না দিয়ে যুক্তি দিলে সমালোচনাটা পরিষ্কার হয়।",discouraging_abuse,hate_speech
2752,"শাউয়ার চেতনা আর ভারতের দালালি করে কতোদিন চলবে?","একজনের রাজনৈতিক অবস্থান নিয়ে মতভেদ হতে পারে, কিন্তু সেটা প্রমাণ দিয়ে বলা উচিত।",fact_based,hate_speech
2753,"চেতনা মোরায়া তোমার পাছা দিয়ে হান্দাই দেও","কাউকে অপমান করে কথা বললে যুক্তির জায়গা কমে যায়, কষ্টই বাড়ে।",empathy,abusive_language
2754,"তুই তর হেডার চেতনা নিয়া পরা থাক, আচোদা কোথাকার","ধর্ম বা মত নিয়ে কটাক্ষ না করে নির্দিষ্ট আচরণ ধরলেই আলোচনা পরিষ্কার হয়।",warning_of_consequences,abusive_language
2755,"তুই কি পাকি বীজ, তর মা তকে পাকিদের কোন কেম্পে, জন্ম দিছে জাতি জানতে চায়, পাকি যারজের বাচ্চা","মত পার্থক্য থাকলেও সম্মান হারালে কথার মূল্য কমে যায়।",moral_appeal,hate_speech
2756,"একাত্তরের চেতনা চুদি, একাত্তরের চেতনা ধারণকারীদের গুষ্টি চুদি, ফজলু পাগলার মত ভুয়া মুক্তিযোদ্ধার গুষ্টি চুদি আমি কমেন্ট করছি ফজলুরে আপনার গোয়া জ্বলে কেন","অপমানের বদলে মূল অভিযোগটা বললে কথাটার গ্রহণযোগ্যতা বাড়ে।",discouraging_abuse,hate_speech
2757,"ওর মত মুক্তিযোদ্ধাদের চুদি ওর মত একাত্তরের চেতনা বিক্রি কারীকে চুদি বুঝতে পারছেন কাকু সোজা কথা বাংলা কথা বলে দিয়েছি ৫০ বছর আগে হয়ে যাওয়া যুদ্ধ যেটাকে নিয়ে ২০২৬ সালে বেচাকেনা হয় তাদের গুষ্টিরে চুদি","কোনো ব্যক্তির বা মতের সমালোচনা করতে হলে তথ্যই সবচেয়ে জরুরি।",fact_based,hate_speech
2758,"আমার কি মনে হবে ফজলু আসল বাইনচোদ ফজলু, ভুয়া মুক্তিযোদ্ধা ফজলু পাগলাচোদা আর পাগলাচোদা দের তোর মত মানুষদের সাপোর্ট করা ঠিক না","এভাবে অপমান করলে আলোচনা উত্তপ্ত হয়, কিন্তু সমাধান আসে না।",empathy,abusive_language
2759,"ফজলু শালা তো আসল বড় রাজাকার ওর জন্ম কি করে হয়েছে ও নিজে বলতে পারবে না ও নাকি মুক্তিযোদ্ধা এক সময় আওয়ামী লীগ করা ব্যক্তি বিএনপিতে যোগ দিয়েছে ও শালা আসলে কোন দলের","রাজনীতি নিয়ে কথা বলতে গেলে দলবদল নয়, প্রমাণভিত্তিক সমালোচনাই কাজে লাগে।",warning_of_consequences,abusive_language
2760,"ওর মতো ফজলু পাগল চোদা ওর মতো বোকাচোদা ওর মতো ম্যান্টেল যদি নিজেকে মুক্তিযুদ্ধ দাবি করে দুইজন মিলে নাকি ১৬০ জন পাকিস্তানি মুক্তিযোদ্ধাকে আটক করেছে শত শত অশ্রু উদ্ধার করেছে","কথায় কটাক্ষ থাকলে মূল তথ্যটা চাপা পড়ে যায়, তাই সংযত থাকা ভালো।",moral_appeal,abusive_language
2761,"না, তোর মার ভাতার। বেশ্যা মাগীর পোলা রাজাকারের বাচ্চা","পরিবার টেনে গালি দিলে সমালোচনাটা শুধু কষ্টই বাড়ায়।",discouraging_abuse,abusive_language
2762,"এ শালা মালু রাজাকার কারে বলছ গরুর সোনা কিন্তু পুটকি দিয়ে ঢুকিয়ে দিব","গরু বা ধর্ম নিয়ে অপমানজনক কথা না বলে নির্দিষ্ট বিষয় নিয়ে কথা বলুন।",fact_based,hate_speech
2763,"তর মা মুক্তিযুদ্ধা সে না,তোমরার মতো কুকুরের বাচ্চাদের বাংলাদেশে থাকার অধিকার নাই।","কারও পরিচয় বা দেশীয় অধিকার নিয়ে এমন কথা শুনে মানুষ ভেঙে পড়ে।",empathy,hate_speech
2764,"তুই তোর মা রেগে জিজ্ঞাসা কর তুই কেমনে জন্ম নিছস তোর মা দেখবি ফজলু পাগলের কথা বলছে মুক্তিযোদ্ধার সময় সুযোগ মতো লাগায় দিছিল এখন তোর বাপকে নিয়ে কথা বলছি তোর শরীরে আগুন লাগছে","এ ধরনের ভাষা পরে নিজেরই ক্ষতি ডেকে আনতে পারে, তাই থামাই ভালো।",warning_of_consequences,abusive_language
2765,"তোর মারে জিজ্ঞাসা কর আমার বাপের চোদা খাইয়াই মনে তোর জন্ম হয়েছে রাজাকার কারে বলস পিস্তল পুটকি দিয়ে ঢুকায় দিমু","সম্মান রেখে কথা বললে তর্কের মান বজায় থাকে।",moral_appeal,abusive_language
2766,"শাওয়া যুদ্ধা পতিতা মাগির পোলারা আমেরিকার ইসরায়েলের কে দেশ বিক্রি করে দিয়ে।ইহুদি জামাত শিবিরের জারজ সন্তান কুক্তার বাচ্চারা তোদের বিচার বাংলাদেশের মাটিতে হবে অপেক্ষা কর।","সবাইকে একসাথে দোষারোপ করলে সত্যটা আর শোনা যায় না।",discouraging_abuse,hate_speech
2767,"তোর ইতিহাসের গুষ্টি চুদি তোদের একাত্তরের ব্যবসা হোগা দিয়ে ঢুকিয়ে দেওয়া হবে রাজাকারের বাচ্চা","ইতিহাস নিয়ে রাগ থাকলেও প্রমাণ ছাড়া কথা বললে মূল্য কমে যায়।",fact_based,hate_speech
2768,"উনি তোর হালা কেমন করে হবে? তোর কাছে উনার একটা কুকুরও বিয়ে দিবে না।","কারও সম্পর্ক নিয়ে কটাক্ষ না করে মতভেদটা ভদ্রভাবে বলাই ভালো।",empathy,abusive_language
2769,"কিরে পাকিস্তানের নাপাক বির্যের জন্ম নেওয়া জারজ। তুদের জ্বলে ওঠে নাকি?","জাতিগত অপমান শুনলে আলোচনার সব দরজা বন্ধ হয়ে যায়।",warning_of_consequences,hate_speech
2770,"এই রাজাকারের বাচ্চা ছোট মুখে বড় কথা বলিস কেন বাংলাদেশ না স্বাধীন হলে তোর আজকে জারজ হিসাবে রাস্তায় ঘুরতি।","গালি বাদ দিলে সমালোচনাটা অনেক বেশি গ্রহণযোগ্য হয়।",moral_appeal,abusive_language
2771,"তোমার নানীর পুঁটকি, চোখে দেখো না তুমি","কারও পরিবারের প্রতি এভাবে কথা বলা খুবই অশোভন।",discouraging_abuse,abusive_language
2772,"তুই খোঁজ নিয়ে দেখ তোর মারে ১৯৭১ সালেই রাজাকার চুদে তোরে জন্ম দিয়েছে এখন তো আবার তোদের নতুন বাপ নরেন্দ্র মোদি তোদের কোন বাপের অভাব নাই","এটা প্রমাণহীন অপবাদ, তাই এমন দাবি না করাই ভালো।",fact_based,abusive_language
2773,"তুই জারজ পাকিবীজ রাজাকার বংশধর,খানকির ছেলে হারামজাদা জংলী।","এভাবে কথা বললে কষ্ট বাড়ে, কিন্তু কোনো সত্য বের হয় না।",empathy,hate_speech
2774,"চোদানীর পুত,মুক্তিযোদ্ধাদের নিয়ে ফাজলামি করবি না।জামায়াতের পা চাট","মুক্তিযোদ্ধা বা রাজনৈতিক বিষয় নিয়ে বলার সময় শালীন ভাষা জরুরি।",warning_of_consequences,abusive_language
2775,"মাগীর পুত তুই তোর হাসিনার সোনা চাট","নেতা-নেত্রীকে নিয়ে মতভেদ থাকলে সম্মান রেখে কথা বলা উচিত।",moral_appeal,abusive_language
2776,"এ বেশ‍্যার বাচ্চা।তোর মাকে পাকি লাগায় জন্ম দিছে তোকে বাইনচোদ জামায়াতি","কারও মা-বাবা টেনে অপমান করলে আলোচনা একেবারে নেমে যায়।",discouraging_abuse,abusive_language
2777,"রাজাকারের বাচ্চা আওয়ামিলীগ কি তোর মা আর বোনকে চুদে","রাজনৈতিক বিরোধিতা গালি দিয়ে না, তথ্য দিয়ে করলে বেশি শক্তিশালী হয়।",fact_based,abusive_language
2778,"বাইনচোদ কানা তুমি কি বাল জানো আওয়ামী লীগ সমন্ধে তোমার কোনো ধারনাই নাই।","কারও জ্ঞান কম মনে হলে সেটা ভদ্রভাবে বোঝানো যায়।",empathy,abusive_language
2779,"আওয়ামী যে গান্ডু কুত্তালীগ এইটা আবার প্রমাণ হলো, যদিও বালডাও ছিড়তে পারবে না।","একটি দলের সমালোচনা করতে হলে নির্দিষ্ট উদাহরণ দেখানো ভালো।",warning_of_consequences,abusive_language
2780,"মাদারচোদ ১৭ বছর ওরা কার বাল ফালাইছে","কোনো দলের দীর্ঘসময় নিয়ে অভিযোগ থাকলে গালি না দিয়ে বলাই উত্তম।",moral_appeal,abusive_language
2781,"কিরে ৭১ রাজাকারের চোদায় জারজ সন্তান তর বাবা কারা জানছ রে খানকির ছেলে নটির পুত তর মা কে","কারও বাবা-মা টেনে কথা বললে তা কেবল অপমানই বাড়ায়।",discouraging_abuse,abusive_language
2782,"আর টোকাইর বাচ্চা, বুঝলাম ও একটু আলাদা, তাই বলে ওর গায়ে হাত তোলা লাগবে?","ভিন্ন আচরণ দেখলেই শারীরিক প্রতিক্রিয়া দরকার হয় না।",fact_based,abusive_language
2783,"তুর মার হেডা মাগির পোলা দেখতে তো ভালো মনে হয় আচোদা কমেন্ট করস কেন.?","কাউকে দেখে এমন মন্তব্য করলে মানসিক আঘাত লাগতে পারে।",empathy,gender_abuse
2784,"ধুরু খানকির পোলা। তুই যে হিজরা এটা তোর কমেন্ট দেখে বুঝলাম সালা চোদনা","কারও পরিচয় নিয়ে হাসাহাসি করলে সমবেদনা হারায়।",warning_of_consequences,abusive_language
2785,"তুই যে একটা খানকির পোলা সেটা নারায়ণগঞ্জের সবাই জানে।","সবার নামে এমন দাগ টানা না করে নির্দিষ্ট কথা বলাই ভালো।",moral_appeal,abusive_language
2786,"খানকির পোলা এ্যাকাউন্ট টা একটু পাবলিক কর বেশ্যার পোলা পড়ে দেখতেছি কয়জন জানে।","অপমানের বদলে প্রশ্নটা সরাসরি করলে কথাটা বেশি কাজে লাগে।",discouraging_abuse,abusive_language
2787,"চোদনার পোলা নিজেরে নিজে উপস্থাপন করস? তোর নাম দেইখা ই বুঝা যায় তুই টেম্পু রেন্ডী চুদলিংপং","কারও নাম বা প্রোফাইল দেখে সিদ্ধান্ত টানা ঠিক না।",fact_based,abusive_language
2788,"খানকীর পোলা তোর মায় যে বেশ্যা তুই যে বেশ্যা র পোলা সেটা সবাই বুঝে গেছে","এভাবে পরিবার টেনে অপমান করলে শুধু রাগই বাড়ে।",empathy,abusive_language
2789,"কি মূর্খের মতো কথা বলছ বোকাচোদা তোদের মতো কয়জনের জন্যই দেশের আজ এই অবস্থা","দেশের অবস্থার সমালোচনা করতে চাইলে ব্যক্তি আক্রমণ না করাই ভালো।",warning_of_consequences,abusive_language
2790,"এই মাদারচোদ ল্যাংগুয়েজ ঠিক এইটা তোর বাপের বানানো এফবি না","শালীন ভাষায় বললে আপনার যুক্তিটাই বেশি দৃঢ় শোনাবে।",moral_appeal,abusive_language
2791,"তুই পুরুষ নামের কলঙ্ক, কেমন মা বাপ তোকে জন্ম দিছে জানি না।","কাউকে ‘কলঙ্ক’ বলা বদলে তার আচরণ নিয়ে কথা বললেই যথেষ্ট।",discouraging_abuse,abusive_language
2792,"বলদ জানি কোথাকার, তোমাগো কি কি দেখাইয়া মেয়ে বুঝানো লাগবে আর কেনো লাগবে?","মেয়েদের বা কারও আচরণ বুঝাতে হলে অপমান নয়, স্পষ্ট উদাহরণ দরকার।",fact_based,abusive_language
2793,"তোমার আইডিতে দেখি তুমি ইন্ডিয়া তে জন্ম গ্রহন করেছ। ওদের মতো গু খাও নাকি ডেইলি কুকুরের বাচ্চা","জন্মস্থান নিয়ে এমন অপমান করলে কথাটা আর যুক্তিসঙ্গত থাকে না।",empathy,abusive_language
2794,"কুত্তার বাচ্চা তুই এদেশে কি করিশ,তোর বাড়ি ইন্ডিয়া হলে ইন্ডিয়া চলে যা।","এ ধরনের লেখা জাতিগত বিদ্বেষ বাড়ায়, তাই সাবধানে কথা বলা উচিত।",warning_of_consequences,hate_speech
2795,"খানকির পোলা ওয় মাইয়া নাকি পোলা তোর কি জানা লাগবো. তোর বাপের কি ভুস্কিরপোলা তোর মার লাং লাগে ওই পোলা যে তুই ওর সাফাই গাইতে আইসোস!","লিঙ্গ বা পরিবার টেনে অপমান না করে নির্দিষ্ট অভিযোগ বলাই শ্রেয়।",moral_appeal,abusive_language
2796,"তোর মাইয়ারে কি তুই ভাড়া দিস?? দিলে আমারে বলিস খনিকের পোলা","কারও পরিবার নিয়ে ভাড়া বা অপমানের ভাষা ব্যবহার করা খুবই নিচু।",discouraging_abuse,abusive_language
2797,"তোর মা যে হিজড়া সেটা তোর এলাকার কয়জন জানে।","কারও পরিচয় নিয়ে অপমান করা মানবিকতা হারায়।",fact_based,abusive_language
2798,"মাদারচোদ পোলা সাইজাওতো ছার পাইলো না আবার এটা নিয়া মোজা চোদাও","রাগে লেখা এমন কথা পরে নিজেকেই ছোট করে।",empathy,abusive_language
2799,"তাতে তোর কি চোদানির পোলা, হিজড়ার বাচ্চা","এই ভাষা শুনে কথার মূল বিষয়টাই হারিয়ে যায়।",warning_of_consequences,abusive_language
2800,"আপনার আইডি দেখেও বোঝার মত অবস্থা নেই যে আপনি কাপুরুষ!","অনুমান করে কাউকে কাপুরুষ বলা ঠিক নয়; আচরণ দেখেই বলুন।",moral_appeal,abusive_language
2801,"তুই কথা বলেছো ওর সাথে খানকীর পোলা না জেনে আরেকবার ফালতু কথা বলবি দুনিয়া থেকে নাই হয়ে যাবি।","হুমকি দিলে সমাধান নয়, বরং ঝামেলা আরও বাড়ে।",discouraging_abuse,threat
2802,"আবালের বাচ্চা ওকে যে মারছে এটাই তো মূল টপিক তুই আবার কিসের মধ্যে কি ঢুকাচ্ছিস জানোয়ার","মুখ্য বিষয় ধরে কথা বললে আলোচনা বিক্ষিপ্ত হয় না।",fact_based,abusive_language
2803,"তুমি স্বীকার করো তাই তোমাকে চুদে দিবে আর ওরে মেরে দিবে","এভাবে লিখলে তা ভয় দেখানো হয়ে যায়, তাই এড়ানো উচিত।",warning_of_consequences,threat
2804,"খানকির পোলা আগে ইথিক্স মানে কি শিখ","নিয়ম-কানুন শেখাতে চাইলে অপমান নয়, ব্যাখ্যা দরকার।",moral_appeal,abusive_language
2805,"তুমি মহিলা নামে হিজড়া হিজড়ারাও তোমার থেকে ভালো আছে","কারও পরিচয় টেনে কথা বললে সেটা কষ্টের কারণ হয়।",empathy,abusive_language
2806,"রাখ তোর ন্যায় অন্যায়। এরকম হিজড়া রে সামনে দেখলে তো যে কারো মস্তিস্কে বিঘ্ন উঠে যায়","এ ধরনের মন্তব্যে বিদ্বেষ বাড়ে, যুক্তি কমে যায়।",discouraging_abuse,abusive_language
2807,"এইসব খানকিরপোলারে আংকেল কইয়া এতো সম্মান দেওয়ার দরকার কি ভাই?","সম্মান দেওয়ার ভাষা নিয়ে প্রশ্ন থাকলে সেটা ভদ্রভাবে তুলুন।",fact_based,abusive_language
2808,"তুই ভালো তো নাকি তর সাথে ও বেয়াদবি করতে হবে বুড়া সালা ভালো করে ভিডিও দেখ","সাবধানে দেখে মন্তব্য করলে ভুল বোঝাবুঝি কমে।",empathy,abusive_language
2809,"বুইড়া মাদারচোদ এক পা কবরে গেছেগা। তুই এ একটা বেশ্যার পোলা এইটা এই বয়সে এইসে প্রমাণের কি দরকার ছিলো?","বয়স নিয়ে এমন অপমান করলে শুধু অশ্রদ্ধাই প্রকাশ পায়।",warning_of_consequences,abusive_language
2810,"মুরুব্বি নামধারী বুইড়াগুলাই সবসময় শয়তানি বেশি করে","বয়স দিয়ে কারও নৈতিকতা মাপা ঠিক না।",moral_appeal,abusive_language
2811,"দাড়ি টুপিয়ালা মানেই শয়তান জানোয়ারের বাচ্চা।","দাড়ি-টুপি আর চরিত্র এক জিনিস না, এটা বাস্তবেই সত্য।",fact_based,hate_speech
2812,"চুপ খানকির পোলা তোরে বেড়া দিয়া পুটকি মারামু বাইনচোদ","এমন কথা অনলাইনে রেখে দিলে তা পরে আপনারই বিপদ ডেকে আনতে পারে।",warning_of_consequences,threat
2813,"মাদারচোদ তুই কি মানুষ ওরে দেখে কে মেয়ে বলবে, তোদের মতো মানুষ এর জন্য ওরা এতো অশৃঙ্খল হইতে পারে","মানুষকে মানুষ হিসেবে দেখলে কথাটাও অনেক নরম হয়।",empathy,abusive_language
2814,"তোমার জন্ম যে খারাপ জায়গায় এটা প্রমাণিত","কারও জন্মস্থান ধরে কথা বললে সেটি প্রমাণ নয়, শুধু অপমান।",fact_based,abusive_language
2815,"বাংলাদেশের মানুষ যে কতটা জঘন্য খারাপ সেটা কমেন্ট পরলেই বোঝা যায়। বাঙালী জাত টাই খারাপ","একটি কমেন্ট দেখে পুরো জাতিকে বিচার করা সঠিক নয়।",moral_appeal,hate_speech
2816,"পুলিশের কথা কি বলব, তারা তো নিজেরাই হিজরা","একটি বাহিনীকে ছোট করে বললে সমালোচনা শক্তিশালী হয় না।",discouraging_abuse,abusive_language
2817,"প্রথম প্রথম বুঝতে পারি নি তারপর দেখি বাটপারের ঘরের বাটপার হায় হায়","প্রথমে না বুঝে থাকলেও পরে নির্দিষ্ট কারণ বললে বক্তব্য পরিষ্কার হয়।",fact_based,abusive_language
2818,"এ বোকাচোদা পিছে ফুলের বাগান দিলেই কি করপোরেট ভাব আসে?","কাউকে ছোট করতে ফুল বা সাজসজ্জা টেনে আনা ঠিক না।",empathy,abusive_language
2819,"কেউ যদি বলে তোর পরিবারকে গুয়া মারছে তারপরও তুই বলবি ‍উচিত কাজ করছে","এমন ভাবনা খুবই অমানবিক, এটা থামানো দরকার।",warning_of_consequences,threat
2820,"যেই কুত্তা জানোয়ারের বাচ্চা পর্দা নিয়ে হাসি ঠাট্টা করে ওর মার ঠিক আছে, আর এসব লোকেরা কোন চেটের দলে থাকে বুঝলেন","পর্দা নিয়ে মতভেদ থাকলেও অপমান না করাই ভালো।",moral_appeal,hate_speech
2821,"আমার জামাইর বন্ধু নাদিম খানকির পোলা।তুই যদি আমার জামাইর লগে কথা কস।তোর বাপ দুইটা।","পরিচিত মানুষ নিয়ে এমন অপমান করলে কথার মান নষ্ট হয়।",discouraging_abuse,abusive_language
2822,"এমন খানকির পোলা গুলার জন্য যত অশান্তি হয় সংসার এ","সম্পর্কের সমস্যা থাকলে তা ভদ্রভাবে বলাই বেশি কাজে লাগে।",fact_based,abusive_language
2823,"তুই কোথাকার কোন টুকাই! হাসনাত আবদুল্লাহ বাড়াটিয়া, আর তুই এইদেশের কিছু শ্যাওয়া।","কারও পরিচয় নিয়ে অপমান না করে নির্দিষ্ট অভিযোগই বলুন।",empathy,abusive_language
2824,"তোরে চুদার ও টাইম নাই হেতের! মাগীর পুত","এ ধরনের লেখা ক্ষোভ বাড়ায়, সমাধান আনে না।",warning_of_consequences,abusive_language
2825,"চ্যাটের বাল একটা হাসনাত। আমি মনে করি","সমালোচনা করতে চাইলে একটু পরিষ্কার ভাষায় বললে ভালো হয়।",moral_appeal,abusive_language
2826,"আওয়ামী লীগের পুটকি এমনি গরম, ডিম দেওয়ার আগেই সিদ্ধ নিশ্চিত","রাজনৈতিক ব্যঙ্গ করলেও অতিরিক্ত গালি ছাড়া বলা যায়।",discouraging_abuse,abusive_language
2827,"চোদনা ২০হাজার ফাউন্ড খরচ করলে তুই ও এই সোনার প্রধান অতিথি হতে পারবি বোকাচোদা","টাকা নিয়ে অপমান না করে বিষয়টা সরাসরি বলুন।",fact_based,abusive_language
2828,"এগুলো টোকাই। ওনস অ্যা টোকাই ইজ অলঅয়েজ অ্যা টোকাই। পাকি বীজ, বাটপার।","মানুষকে একবার টোকাই বলেই চিরকাল দাগিয়ে দেওয়া ঠিক না।",empathy,abusive_language
2829,"মনে রাখিস তোদের পোংটামি স্থায়ী নয় লীগ যা বলে তাই করে দেখায় ডিম কার পুটকিতে সিদ্ধ হবে এটার জন্য শুধু সময়ের বাকি শালা রাজাকার মাদারি","এ ধরনের হুমকি উত্তেজনা বাড়ায়, তাই দূরে থাকা উচিত।",warning_of_consequences,threat
2830,"একটা শাওয়া মার্কা পেইজ। ওর বাপ হাসনাত এর হোগা চাটার জন্য জাস্ট বইসা থাকে, খাংকির পোলা হাসনাত পালায় কেন?","কারও পেজ বা অবস্থান নিয়ে কথা বলতে হলে ব্যক্তিগত অপমান না করাই ভালো।",moral_appeal,abusive_language
2831,"পাকিস্তানের বীর্য তৈরি জারজ সন্তান বলে কথা। ওর তো কোন জন্মের ঠিক নাই। পাকিস্তানের তোর মাকে চুদে জন্ম দিয়েছিল কালা পাঠাকে।","জন্ম নিয়ে এমন অপমান করলে সত্যটা নয়, বিদ্বেষটাই ছড়ায়।",discouraging_abuse,hate_speech
2832,"সে যদি পা চাচতো তাইলে তাকে ঠ ঠিকই যেতে দিতে কিন্তু সে পা কাটে না জামাত-শিবিরের মত পা কাটে না জামাত শিবির গুপ্ত দালাল ভারতের","কারও রাজনৈতিক অবস্থান নিয়ে কথা বলতে হলে প্রমাণ দেখানো দরকার।",fact_based,abusive_language
2833,"কিছু বেয়াদব আর কুলাঙ্গারের কারণে দেশটার এই অবস্থ ভারত তার ইউটিউব চ্যানেলটাও বন্ধ করে দিয়েছে এরপর ও পাকিস্তানি কিছু জারক সন্তান বলে সে ভারতের পা চাটে","অন্যকে অপমান করলে ভুল বোঝাবুঝি কমে না, বরং বাড়ে।",empathy,abusive_language
2834,"তোমাদের মত জারজ সন্তানদের জন্ম দিলো কোন জারজ? মানুষের নামের বিকৃত ঘটাও","জন্ম বা বংশ টেনে অপমান করলে নিজেরই কথার মান কমে যায়।",warning_of_consequences,abusive_language
2835,"অনেক কুলাঙ্গার বলেছিলো জাহিদ ভারত পন্থী! ঐ সব কুলাঙ্গারদের মুখে ছাই! জাহিদ আসলে বাংলাদেশ পন্থী!","এখানে আসল বিষয় হলো তার অবস্থান, গালি নয়।",moral_appeal,abusive_language
2836,"ভারত বেয়াদব রাষ্ট্র এটা সবাই জানে। আবার কারো বাবা মনে করে।","দেশ নিয়ে সমালোচনা করতে চাইলে তথ্যভিত্তিক হওয়াই ঠিক।",fact_based,hate_speech
2837,"এদের মা বোন কন্যাদের অবস্থা ভেবে শঙ্কা হয়। কি নিচ জঘন্য চিন্তা ভাবনা। এই পোস্ট কারীর মানসিকতা আরো কুৎসিত","কারও পরিবার টেনে কটাক্ষ করলে মানবিকতা নষ্ট হয়।",empathy,abusive_language
2838,"বাটপার চোরদেরকে মন্ত্রী বানানোর ফল দিচ্ছে এরা","রাজনৈতিক সমালোচনা গালি ছাড়াও করা যায়।",discouraging_abuse,abusive_language
2839,"তাই নাকী গরুর বাচ্চা দেখতে পারবি। শুয়োরের বাচ্চা যেইদিন তোদের ধরবো যেখান দিয়েই এসেছিস ওখান দিয়েই ভরে দিবো।","এ ধরনের হুমকি নিজের জন্যই ঝুঁকি তৈরি করে, তাই থামা দরকার।",warning_of_consequences,threat
2840,"মাগীর পোলা। গলাই মাইক ঝুলিয়ে পোদে তেল লাগিয়ে এমন চোদা চোদবো। সবাই বলবে বাহ কী সুন্দর কীর্তন হচ্ছে।","এভাবে লিখলে সহিংস মানসিকতা প্রকাশ পায়, সমাধান নয়।",moral_appeal,threat
2841,"অর্ধসভ্য জাতির অর্ধশিক্ষিত মোদির সংকীর্ণ মানসিকতার প্রকাশ","নেতা বা রাষ্ট্রের সমালোচনা করতে হলে নির্দিষ্ট কাজটি ধরুন।",discouraging_abuse,abusive_language
2842,"হবে না ভাই, এই বাইনচোদ ওরজিনিয়াল হিন্দু","কারও ধর্মীয় পরিচয় নিয়ে অপমান না করে আচরণ নিয়ে কথা বলুন।",fact_based,hate_speech
2843,"বোকাচোদার মতো কথা কেন বল একে চুদে বের করে পাঠিয়েছে ভারত","বিতর্কে গালি না দিয়ে প্রশ্নটা পরিষ্কার করলে উত্তরও ভালো আসে।",empathy,abusive_language
2844,"তোর এতো জলে কেন, তুই কি সালাউদ্দিন এর নাজায়েজ পোলা নি","কারও পারিবারিক পরিচয় টেনে কথা বললে শুধু অপমানই বাড়ে।",warning_of_consequences,abusive_language
2845,"এই জন্য বলি মুসলিম মানে বেঈমান যে নিজের দেশের হোম মিনিস্টার মরলেও আনন্দ পায়,বেজন্মা","এমন সাধারণীকরণ বাস্তবকে বিকৃত করে, কারণ সব মুসলিম একরকম নয়।",fact_based,hate_speech
2846,"ভারত তারেক জিয়া কে মারবে আর সাউয়া হবে প্রধানমন্ত্রী, লিখে রাখেন।যদিও আবার জনগণ এদের শাউয়া ফাটাবে।এবং ঐ সময়টাতে বাংলাদেশ পুরোপুরি স্বাধীন হবে।","রাজনৈতিক পূর্বাভাস দিতে হলেও এমন উত্তেজক ভাষা বাদ দেওয়া উচিত।",moral_appeal,hate_speech
2847,"যদি শুনি তোর মায়রে পাকিস্তানিরা চুদে দিছে তখন খুশি হবো","কোনো পরিবারের ক্ষতির কথা বলে খুশি হওয়া খুবই অমানবিক।",empathy,abusive_language
2848,"অপেক্ষয় থাক তোর মেয়ে বৌ কে ইন্ডিয়ারা রাস্তায় ফেলে ধর্ষণ করবে গাদ্দার শালা","এ ধরনের লেখা খুবই বিপজ্জনক এবং অন্যকে উসকে দিতে পারে।",warning_of_consequences,threat
2849,"তর বাপ মাদারফাকার খানকির চোদাগুলো অন্ধভক্ত শালারা","ভিন্নমত থাকলেও গালি কমালে বক্তব্য অনেক বেশি গ্রহণযোগ্য হয়।",discouraging_abuse,abusive_language
2850,"আস্ত বড় একটা খনিকের পোলা ওয় তা ছাড়া এসব কথা মুখ দিয়ে কেমনে বের হয় ওর, কোনোকিছু নাকি হয়নি, খানকির পোলার জন্মটাই ঠিক না-ই মনে হয় এখন","কারও জন্ম নিয়ে এমন কথা লিখলে সেটা শুধু কষ্ট আর বিদ্বেষই বাড়ায়।",empathy,abusive_language
2851,"আরে মূর্খ সন্ত্রাসের বাচ্চা ভারতে নির্বাচনের পর পাঁচ জন মারা গেছে তার মধ্যে তিনজন হচ্ছে বিজেপি সমর্থক দুইজন তৃণমূলের আর পাঁচজনের মধ্যে একজন মাত্র মুসলিম ছিল আর সেটাও রাজনৈতিক হিংসায় মারা গেছে l","একটি মন্তব্য দেখে পুরো জাতি, ধর্ম বা এলাকা বিচার করা যায় না; তথ্য আর বাস্তব উদাহরণ আলাদা করে দেখা দরকার। পরিবার টেনে আনা ছাড়া মূল কথাটা বললে সমাধানটা বেশি কাছাকাছি আসে।",fact_based,hate_speech
2852,"আরে মূর্খের বাচ্চা তোদের দেশের প্রতিটা মিডিয়া ফেক নিউজ ছড়ায় l সব থেকে বেশি ফেইক নিউজ ছড়াতে এগিয়ে হচ্ছে ইনকিলাব l","কারও পরিবার, পরিচয় বা ব্যক্তিগত জীবন টেনে আঘাত করলে বিষয়টা আরও কঠিন হয়ে যায়। অভিযোগটা থাকলে প্রমাণসহ বললে সেটার গ্রহণযোগ্যতা বাড়ে।",empathy,abusive_language
2853,"শালা বাংলাদেশী কুকুর। এরা বোঝে কম আর ঘেউ ঘেউ করে বেশি।","পরিবার, ধর্ম বা পরিচয় নিয়ে কটাক্ষ না করাই পরিপক্বতার পরিচয়।",moral_appeal,abusive_language
2854,"তুমি একজন নোংরা লোক, একটি ব্রথোলে জন্মগ্রহণকারী। তুমি একজন আসল বদমাশ।","কটু শব্দ বাদ দিলে আপনার আপত্তিটা আরও শক্তিশালী হবে। পরিবার টেনে আনা ছাড়া মূল কথাটা বললে সমাধানটা বেশি কাছাকাছি আসে।",discouraging_abuse,gender_abuse
2855,"মাদারচোদ এর সেনসর এর সাইটি নষ্ট হয়েছে। ভালো করে রিপিয়ার করতে হবে।","এমন মন্তব্য পরে আপনার বিরুদ্ধে প্রমাণ হিসেবেও দাঁড়াতে পারে। পরিবার টেনে আনা ছাড়া মূল কথাটা বললে সমাধানটা বেশি কাছাকাছি আসে।",warning_of_consequences,gender_abuse
2856,"একদম বোঝা যায় ওয় বলাৎকারী হুজুরের সন্তান। আমরা তো বুঝছি তুমিও বুঝতে পিতা বলাৎকারী না হলে","একজনের আচরণ দিয়ে পুরো গোষ্ঠীকে মাপা যায় না; এভাবে বললে যুক্তি দুর্বল হয়। নির্দিষ্ট উদাহরণ দিলে কথাটা আরও শক্ত হয়।",fact_based,abusive_language
2857,"কোন লেভেলের বাংগির পুত হইলে গুপ্ত মন্ত্রী এই কথাটা বলতে পারে","এভাবে বললে অনেকে ব্যক্তিগতভাবে অপমানিত বোধ করবে, তাই একটু ভদ্রতা রাখা দরকার। এতে যারা সরাসরি পড়ে, তাদের কষ্টটা কম ভাবা হয়।",empathy,abusive_language
2858,"শুধু বিএনপি নয় ভাই, এই জানোয়ারের বাচ্চা পুরা বাংলাদেশকে ভারতের কাছে বিক্রি করে দেওয়ার পরিকল্পনা করেছে","কারও ওপর রাগ থাকলেও তাকে মানুষ হিসেবে দেখার নীতি হারানো ঠিক না। ধর্ম বা পরিচয় নিয়ে নয়, নির্দিষ্ট আচরণ নিয়ে কথা বলাই বেশি ন্যায্য।",moral_appeal,hate_speech
2859,"একহাজার বোকাচোদার বলিদানে তোর মতো গ্রেট বোকাচোদা জন্ম নেয়।","গালি বাদ দিয়ে মূল অভিযোগটা বললে আপনার বক্তব্য অনেক বেশি কার্যকর হবে।",discouraging_abuse,abusive_language
2860,"কিরে মুজিবের পোলা যুদ্ধের সময় তর বাবা ভারতের দালাল ছিল আর সংবিধান ত ভারতই রচনা করেছিল ত এখন ত মুজিব চোরা বাইচা নাই বাবা কাকে বলবি ও","কোনো মানুষ বা গোষ্ঠীকে একসাথে দোষারোপ করলে সত্যটা ধরা পড়ে না; নির্দিষ্ট ঘটনা আর প্রমাণ ধরে কথা বলাই ঠিক।",fact_based,hate_speech
2861,"বোকাচোদার বাচ্চা এনো কি লিখছে এর তুই কি লিখসোস","শুধু ক্ষোভের ভাষা না ব্যবহার করে সম্মানজনকভাবে বললে মানুষ শুনতে রাজি হয়।",empathy,abusive_language
2862,"মাদারচোদ চুপ থাক তোর ভারত মাতার মারে চুদি","মতবিরোধ থাকলেও সম্মান হারালে আলোচনার মর্যাদা নষ্ট হয়।",moral_appeal,hate_speech
2863," ও তুমাদের মাল মজা নেওয়ার কোন কারন নাই৷ বাংলাদেশের লোক পুটকি মেরে ছেরে দিবে৷ মুসলিম দেখলে তুদের ভোদায় আগুন ধরে যাভে পক মালোয়ান","এ ধরনের হুমকি বা উসকানিমূলক কথা অনলাইনে রেখে দিলে পরে আপনার নিজেরই ঝামেলা হতে পারে।",warning_of_consequences,hate_speech
2864,"তোদেরকে যদি একবার তোদের মায়ের হ্যাডার ভিতর ঢুকিয়ে দেয়া যেত","এভাবে বললে যে মানুষটা পড়ছে, তার কষ্টটা আপনি হয়তো ভাবছেন না। একটু নরম ভাষায় বললে কথা বেশি পৌঁছায়।",empathy,abusive_language
2865,"কুত্তার বাচ্চা জারক সন্তানের বাচ্চা তোদের এত সাহস হয় কিভাবে তোদের মতো জানোয়ারদের যদি পাইতাম বাংলাদেশে একে বাড়ে ছাল বাল সব উঠায়ে দিতাম কুত্তার বাচ্চা কুত্তা","হুমকির বদলে শান্ত ভাষা ব্যবহার করলে পরিস্থিতি বেশি নিয়ন্ত্রণে থাকে।",warning_of_consequences,threat
2866,"পাকিস্তানের কেউ নিশ্চয়ই তোর মাকে চুদেছিল তাই তোর মতো একটা বেজন্মা জন্ম হয়েছে।","পরিবার, পরিচয় বা ব্যক্তিগত জীবন টেনে আঘাত করলে বিষয়টা আরও কঠিন হয়ে যায়।",empathy,abusive_language
2867,"অন্তত একটা শুয়োরের বাচ্চা থুতু না মেরে বের করে দাও","ব্যক্তিগত অপমান না করলে সমালোচনাটা পরিষ্কার শোনা যায়।",discouraging_abuse,abusive_language
2868,"তোর বোন রে চুদি খানকির পুত, তোর বাড়ি কই ক মাদারচোদের বাচ্চা। যদি তোর মার দুধ খাইসোস আয় লাগি","কারও পরিবার, পরিচয় বা ব্যক্তিগত জীবন টেনে আঘাত করলে বিষয়টা আরও কঠিন হয়ে যায়।",empathy,gender_abuse
2869,"কিরে খানকি মাগীর পোলা, সবাই চুপ থাক মাদারচোদের বাচ্চা, নাইলে যেই দিকে আইসোস ওই দিকই ঢুকাবো","এ ধরনের হুমকি বাস্তবে ঝামেলা বাড়াতে পারে, তাই থেমে যাওয়া ভালো।",warning_of_consequences,threat
2870,"কেন তোর বোনের দুধ আগে থেকে ফাটা, প্রবলেম তোর বোন আর তোর মা সহ চুদমু,কথা দিলাম বেটা দিমু না, তেল রাখিস","কারও পরিবার টেনে আনা ছাড়া মূল কথাটা বললে সমাধানটা বেশি কাছাকাছি আসে।",moral_appeal,gender_abuse
2871,"তোর জন্মের দোষ আছে মনে হয় তোর মা কুত্তা সাহায্য নিয়েছে","এভাবে বললে আপনি শুধু অপমানই করছেন, কোনো প্রমাণ দিচ্ছেন না।",fact_based,abusive_language
2872,"তুই মাদারচোদ গুগল দেইকা আও, তোর সাথে কথা বইলা লাভ নাই, হুট বাইনচোদ","গালি না দিলে আপনার কথার গুরুত্ব আরও বাড়ে।",discouraging_abuse,abusive_language
2873,"তরে পাইলে গুয়া মাইরা মাইরা ফালাইতাম। মাদারচুদ","হুমকি দিয়ে কথা বললে পরে আপনারই বিপদ বাড়তে পারে।",warning_of_consequences,threat
2874,"তোরে আর তোর মাকে জনতার সামনে এনে উলঙ্গ করে, গরুতে গুদ মারবে আর সবাই দেখবে আর জনতা বলবে ঠিক করেছে,, গরুর বাচ্চা।","এভাবে অপমানজনক কল্পনা না করে নির্দিষ্ট অভিযোগটা বলাই ভালো।",moral_appeal,gender_abuse
2875,"তোর বোনরে চুদতে আইতাছি মাদারচুদ","এ ধরনের কথা বাস্তবে বড় ক্ষতি ডেকে আনতে পারে, তাই এড়িয়ে যাওয়া উচিত।",warning_of_consequences,threat
2876,"এই জাউড়া হাহা চোদাস,, বাংলাদেশে বসে ভারতের দালালি করিস জাউড়া চোদারা তোদের মুখে মুতে দিবের মন চাচ্ছে","কাউকে দালাল বলার আগে নির্দিষ্ট প্রমাণ দেখানো দরকার।",fact_based,abusive_language
2877,"এই মাদারচোদ রিপোর্টার টা শুধু হিন্দু মুসলিম ঝামেলা বাধানোর জন্য এসব নিউজ করে খানকির পোলা","ধর্ম বা পরিচয় নিয়ে নয়, নির্দিষ্ট রিপোর্টিংয়ের ভুল ধরলে আলোচনাটা বেশি ন্যায্য হয়।",moral_appeal,hate_speech
2878,"এই নিকৃষ্ট বিজেপি মোদি পশুর চামচারা দিন দিন বেড়েই চলেছে।","একটি রাজনৈতিক দলের সমালোচনা করতে চাইলে ব্যক্তিগত গালি না দিয়ে কাজের ভিত্তিতে বলুন।",discouraging_abuse,hate_speech
2879,"এখন কিছু নিরিহ সংখ্যালঘু এসে বলবে সব কুত্তা, ওহ সরি সব সংখ্যালঘু  এক না","এভাবে দল বেঁধে মানুষকে দাগিয়ে দিলে সত্যটা বিকৃত হয়ে যায়; ব্যক্তি আর ঘটনার ভিত্তিতে কথা বলাই ভালো।",fact_based,hate_speech
2880,"হিন্দুর মা গো চুদি আর কুত্তা দিয়া চোদাই ওরাই হা হা দিছে","এভাবে গালি দিলে কেবল ঘৃণা বাড়ে, কিন্তু কোনো সমাধান আসে না।",empathy,hate_speech
2881,"এক বাপের সন্তান হলে অরিজিনাল আইডি দিয়ে আয় আগে পরে কথা বলিস। সাহসে বুক কাপে ফেক আইডি দিয়ে বট গিরি করিস","ব্যক্তিকে নয়, তার বক্তব্যকে প্রশ্ন করলে কথাটা বেশি শক্তিশালী হয়।",discouraging_abuse,abusive_language
2882,"অন্যদিকে পাকি তোদের মা বোনের পুটকি চুদছে","কারও পরিবার টেনে এমন কথা লিখলে তা সরাসরি আঘাত করে।",empathy,hate_speech
2883,"হম, তবে সেটা ভারতে। কারন ভারতে নর্দমা বেশি। কিন্তু কিছু বাংলাদেশেও আছে ফেসবুকের কমেন্টের রিপ্লাই তে।","দেশ বা মানুষকে একসাথে নর্দমা বলা ঠিক না; নির্দিষ্ট আচরণ নিয়েই কথা বলা উচিত।",moral_appeal,hate_speech
2884,"তোরা তার থেকেও বড় শুয়রের বাচ্চা। সারাদিন নোয়াখালি দাঙ্গার পিক দেওয়া চোদাস এখন সিম্প্যাথি চোদাতে আসছস!","অতীতের ঘটনা টেনে সবাইকে অপমান না করে নির্দিষ্ট কথাটা বললেই ভালো হয়।",discouraging_abuse,abusive_language
2885,"তর জন্মের সমস্যা আছে বলে হিন্দু হয়ে জন্মে মুসলিম হবার নাটক করিস, নাম টাও তোর ঠিক নেই","কারও ধর্ম বা নাম নিয়ে অনুমান নয়, প্রমাণ আর আচরণ দেখে কথা বলুন।",fact_based,hate_speech
2886,"লাভ রিয়েক্ট দেওয়া কুলাঙ্গার ঘোড়া হলো গরুর গু মুত খাওয়া মূর্খ জাতি ইসরাইলের অবৈধ পুত্ররা","কোনো জাতি বা ধর্মকে একসাথে গালি দিলে মূল বক্তব্যটাই চাপা পড়ে যায়।",moral_appeal,hate_speech
2887,"তোর পরিচয় বের করে তোকে হিন্দুস্তান পাঠানোর ব্যবস্থা করতেচি মালাউন শুয়োরের বাচ্চা দেশদ্রোহী জঙ্গি","এই ধরনের হুমকি মানুষকে আরও বিপদে ফেলতে পারে, তাই থামা উচিত।",warning_of_consequences,hate_speech
2888,"এই জারজের বাসা কুলাউড়া, ওর স্কুল চিনি। ওরে ওর পুরা পরিবাররে শায়েস্তা করার ব্যবস্থা করতাছি।","পরিবার টেনে শাস্তির কথা বললে তা অনলাইনে আরও বড় ঝামেলা তৈরি করতে পারে।",warning_of_consequences,threat
2889,"খানকির পোলা, তোরে কুলাউড়া থেকে ধরে এনে তোর মায়ের ভোদা দিয়ে ভরে দেবো। শুয়োরের বাচ্চা। তোর খাইছি মাদারচোদ। তোর নামে মামলা করবো দুই দারা মাদারচোদ","আইনি ব্যবস্থা বলার বদলে হুমকি দিলে আপনি নিজেও সমস্যায় পড়তে পারেন।",warning_of_consequences,threat
2890,"নামটা চেঞ্জ করে আসল আইডিতে আয়। তোর মার ভোদার ছানা উঠিয়ে ফেলবো","গালি বাদ দিলে আপনার বক্তব্য অনেক বেশি কার্যকর হবে।",discouraging_abuse,threat
2891,"একেকটা কুত্তার বাচ্চা। এদের মা শুয়োর আর বাপ কুত্তা। মিলেমিশে হইলো শুকুত্তা","কারও পরিবার টেনে অপমান করলে সামাজিক ভাষা আরও নিচে নামে।",empathy,abusive_language
2892,"আরে খানকির পোলারা কুত্তার বুঝা করে শুয়োরের পূজা করে।।। তারপরে নুনু আর পুটকিরও পূজা করে এই খানকির পোলারা ভালো হবে কিভাবে কুত্তার বাচ্চাগুলা খানকির পোলা তো বিচিগুলা কেটে দেওয়া উচিত।","ধর্ম বা গোষ্ঠী নিয়ে এমন বিদ্বেষপূর্ণ কথা না বলাই ভালো।",moral_appeal,hate_speech
2893,"নিরীহ নয় একেকটা খানকির পোলা উপরে সাধু ভেতরে বর্বর","কারও চরিত্র নিয়ে এমন দাগ টানা না করে নির্দিষ্ট আচরণ নিয়ে বললে কথাটা পরিষ্কার হয়।",fact_based,abusive_language
2894,"ওরা সংখ্যালঘু নয় ওরা হারামজাদা কুলাঙ্গার শয়তান","সম্প্রদায় টেনে অপমান করলে বিভেদই বাড়ে, আলোচনাটা নয়।",moral_appeal,hate_speech
2895,"সেইসব সংখ্যালঘুদের মা-বোনকে ধর্ষন করতে চাই, দাসি বানাতে চাই","এ ধরনের হিংসাত্মক কথা গুরুতর অপরাধের হুমকি হিসেবে ধরা হতে পারে।",warning_of_consequences,threat
2896,"এর এক মাত্র সমাধান, কুত্তা দিয়ে তুর মাকে চুদাতে হবে।","এভাবে বললে কষ্ট শুধু বাড়ে, সমাধান আসে না।",empathy,abusive_language
2897,"হিন্দু খানকির পোলা। তুর মাকে শুকুর দিয়ে চুদার জন্য তুর জন্ম হইছে। মাদারচুদরা তোরা ৯৫% হিন্দু কুত্তা চুদা","ধর্মীয় পরিচয় টেনে অপমান করা খুবই অনুচিত।",moral_appeal,hate_speech
2898,"তোর মারে কি জনাব জামায়াতের আমির চুদসিলো নাকি কোনো মাদ্রাসার সামান্য কোনো হুজুর করছে?","কারও মা বা পরিবার টেনে এমন প্রশ্ন করা উচিত নয়।",discouraging_abuse,abusive_language
2899,"মাদ্রাসা হলো বলাৎকারের আকড়া","একটি প্রতিষ্ঠানকে সব একসাথে দোষী ধরা তথ্যভিত্তিক সমালোচনা নয়।",fact_based,hate_speech
2900,"মুর্তিপুজা হবে না এখানে শুধু মাদরাসা থাকবে শান্তির অনুসারীরা পুটকি মারবে","ধর্মীয় বিদ্বেষ ছড়িয়ে শান্তি আসে না; বরং সহনশীলতা দরকার।",moral_appeal,hate_speech
2901,"এই শুভেন্দু ছেলে ভালো হয়ে যা! তুই যদি আর একটা উল্টোপাল্টা পোস্ট করিস তাহলে তুই বেশ্যার ছেলে!","সমালোচনা করতে চাইলে অপমানের বদলে ভুলটা দেখান।",discouraging_abuse,abusive_language
2902,"এই মাদারচোদ। তোর মাকে তোর বোনকে চুদি। গরুর হাড্ডি তোর মায়ের বোনের সাওয়ার মধ্যে ঢুকিয়ে দিবো","এ ধরনের ভাষা খুবই আঘাতদায়ক এবং বিপজ্জনক।",warning_of_consequences,threat
2903,"ঐ চুতমারানির পোলা তাহলে আমরাও একটা হিন্দু রে বাংলাদেশেরকোন পুজা করতে দিবনা কারন এটা মুসলিমের দেশ এদেশে কোন হিন্দু থাকতে পারবেনা কোন ঢোল পুজা এসব না হরমানি কাজ মুসলমানদের দেশে চলবে না","দেশ নিয়ে কথা বললেও কোনো ধর্মকে বাদ দেওয়ার কথা বলা ন্যায়সঙ্গত নয়।",moral_appeal,hate_speech
2904,"এতো সন্ত্রাসী দাংগবাজ উগ্ৰপন্থি মাতাল হয়ে কথা বলে তোরে দেখলেই আমার অস্বস্তি বোধ হয় তোরা ধংস হয়ে, যাবি ঘৃণিত জাতি হিসাবে তোদের মুখে থুথু মারি অশিক্ষিত বিবেক বুদ্ধিহীন জাতি ভারতীয়রা।","একটা জাতিকে একসাথে গালি দিলে সমালোচনা শক্তি পায় না, শুধু বিদ্বেষ বাড়ে।",discouraging_abuse,hate_speech
2905,"আর তুই কুত্তার বাচ্চা পূজা করতে হলে আমেরিকা চলে যায়","কারও ধর্মচর্চা নিয়ে এমন তুচ্ছতা দেখানো উচিত নয়।",empathy,hate_speech
2906,"নামাজ সারা দুনিয়াই পড়বো তোর বাবার কি সালা মালাউন","ধর্ম নিয়ে ব্যঙ্গ করলে মানুষের মধ্যে বিভাজনই বাড়ে।",moral_appeal,hate_speech
2907,"শালা মাদারচোদ কয় কি মাদারচোদরে পাইলে একবারে পিডাই তাম","এভাবে হুমকি দিলে সেটা পরে নিজের জন্যই সমস্যা ডেকে আনতে পারে।",warning_of_consequences,threat
2908,"এ জারস সন্তানকে জ্যান্ত অবস্থায় মাটির নিচে পুঁতে ফেলুন","এ ধরনের ভাষা বাস্তব ক্ষতির পথে ঠেলে দিতে পারে।",warning_of_consequences,threat
2909,"ভাই এই খানকির পোলারে আমার হাতের কাছে আইনা দেন ওরে মার্ডার কইরা তারপরে লাগে আমি জেল খাটুম","হত্যার কথা বললে সেটি বড় অপরাধের পথে নিয়ে যায়, তাই থামা উচিত।",warning_of_consequences,threat
2910,"খানকির পোলা অন্ধ ভক্ত ব্রিটিশ শাসনের আগে থেকে মুসলিমেরা ভারত শাসন করছিল,মনে আছে।","ইতিহাস নিয়ে কথা বললে নির্দিষ্ট সময় আর তথ্য ধরে বলাই ভালো।",fact_based,hate_speech
2911,"ওই শালা চাষা তুই তো কুকুর সময়ের মন্ত্রী।","কাউকে ছোট করতে চাইলে যুক্তি হারিয়ে যায়, ভদ্র ভাষা রাখাই ভালো।",moral_appeal,abusive_language
2912,"বালটা ছিরে নিয়ো আটি বেদে দিবানে, আগলা পিরিত বাংলাদেশ হিন্দু নিয়ে ভারতে রাজনীতি চুদাবানা মোদি আর তোমার মাইরে চুদে ফাল তুলে দেবো","এভাবে হুমকি দিলে আলোচনা নয়, সংঘাতই বাড়ে।",warning_of_consequences,threat
2913,"চামারের বাচ্চার কথা শুনলে এমনিতেই গা জ্বলে, তাহলে বাংলাদেশের মুসলিমরা কি এটা বলবে ? যে পূজা করতে হলে ভারতে যা?","ধর্ম নিয়ে উত্তেজনা না বাড়িয়ে মূল বিষয়টা শান্তভাবে বলা উচিত।",empathy,hate_speech
2914,"শালা কুত্তার বাচ্চা বাংলাদেশ থেকে তোকে জুতা মারবো শালা","এমন হুমকি বাস্তবে ঝামেলা বাড়াতে পারে, তাই থামা দরকার।",warning_of_consequences,threat
2915,"খানকির পোলা তোর কি, যার যার নিজের বেপার","নিজের ব্যাপার আর অন্যের সম্মান—দুটোই মাথায় রাখা উচিত।",moral_appeal,abusive_language
2916,"এখন যদি আমরা বলি পূজা করতে ভারত চলে যা তাহলে কেমন হবে? কিন্তু আমরাতো আর জানোয়ার এর বংশধর না যে এসব কথা বলব","অন্যকে অপমান না করে একই পয়েন্টটা বললে কথাটা বেশি গ্রহণযোগ্য হয়।",discouraging_abuse,hate_speech
2917,"দিলীপ ঘোষ মানুষ রুপি জানোয়ার এদের ধর্ম নেই কর্ম নেই।","কোনো ব্যক্তিকে সমালোচনা করতে চাইলে কাজের ভিত্তিতে বলাই ভালো।",fact_based,hate_speech
2918,"কুকুরের বাচ্চা এই কুকুরের বাচ্চা তুই কি বলিস রে শালার বাচ্চা শালার খবর","গালি কমালে কথাটা আরো পরিষ্কার শোনা যায়।",discouraging_abuse,abusive_language
2919,"বাংলাদেশের হিন্দুদের কে এদেশে কোনো মন্দিরে পূজা করতে দেওয়া হবেনা লাথি মেরে ইন্ডিয়া পাঠিয়ে দিবো।","এ ধরনের কথা ধর্মীয় সহাবস্থান নষ্ট করে, যা সমাজের জন্য ক্ষতিকর।",warning_of_consequences,hate_speech
2920,"তাহলে বাংলাদেশ ও পাকিস্তানের মালাউন গরুর বাচ্চা জারজ দের মালাউন ইন্ডিয়া গিয়ে পুজা করতে হবে?","ধর্মীয় পরিচয় নিয়ে অপমান না করে নির্দিষ্ট অবস্থানটা বলুন।",moral_appeal,hate_speech
2921,"মাদারচোদ রে কেউ ৫ মিনিট এর জন্য বাংলাদেশ এ পাটাও যত টাকা লাগে আমি দিবো","এমন ডাক দিলে পরে নিজেরই বিপদ বাড়তে পারে, তাই থামাই ভালো।",warning_of_consequences,threat
2922,"আমাদের সবার প্রিয় ফাহিম ভাইকে মানসিকভাবে পঙ্গু না করে শারীরিকভাবে পঙ্গু করা হোক","কাউকে শারীরিক ক্ষতির কথা বলা খুবই বিপজ্জনক।",warning_of_consequences,threat
2923,"রাজিব ভাই একলাই এনাফ তোদের জাত খানদান সহ ১৪ গুষ্ঠি নির্মুল করে দেওয়ার লাই!","এধরনের নির্মূলের কথা অনলাইনে লেখা পরে বড় সমস্যা হতে পারে।",warning_of_consequences,threat
2924,"কেন তোর মারে পুন মারছে নাকি রে খানকির ছেলে","কারও পরিবার টেনে এমন প্রশ্ন করা খুবই অশোভন।",empathy,abusive_language
2925,"কুত্তার বাচ্চা তোর জন্মগত সমস্যা আছে","জন্ম নিয়ে কটাক্ষ করলে কথাটা শুধু অপমানই বাড়ায়।",moral_appeal,abusive_language
2926,"তোদের মত যেসব খানকির পোলারা এসব কিশোর গ্যাং এর উদ্ভাবক আর আওয়ামীলীগের খুনীদের পা চাটা খানকির পোলাদের ডিফেন্স করার চেষ্টা করে নরমালাইজ করার জন্য তাদেরকে ধরে ডিম থেরাপি দিয়া জেলে ভরা দরকার।","ব্যক্তিগত অপমানের বদলে নির্দিষ্ট কাজের সমালোচনা করাই বেশি যুক্তিযুক্ত।",discouraging_abuse,abusive_language
2927,"তোর কুত্তা মার্কা চেহারা মার্ক করি রাখলাম চিটাংয়ে তোরে যেখানেই দেখমু তোরে ভালো মত আপ্যায়ন করমু তোর মারে চুদি","এমন হুমকি দেওয়া আইনগত ঝুঁকি তৈরি করতে পারে।",warning_of_consequences,threat
2928,"আহারে জারথ সন্তান তোর মা নিয়ে তো আমি কিছু বলতে চাই না কারণ এখানে তুই আর আমি তোর মা কোন দোষ করে নি সো তাকে কিছু বলে ছোট করতে চাই না।","কারও পরিবারকে টেনে না আনা ভালো, এটা অন্তত সম্মান দেখায়।",empathy,abusive_language
2929,"মাঙ্গের নাতি তোরে দেখলেই বোঝা যায় তুই একটা চাটাচাটির লোক তোর পিন পোস্টেই তো আছে।","কারও প্রোফাইল দেখে ব্যক্তিত্ব নির্ধারণ করা ঠিক না; নির্দিষ্ট আচরণ ধরাই ভালো।",fact_based,abusive_language
2930,"ফাহিম যদি ভাই ওগো মারে চুদে ওরা বলবো ভালো হইছে। আমার মার দাসি আমার মা সুন্দর দেখে ফাহিম ভাই চুদছে","এভাবে কাউকে বা তার পরিবারকে অপমান করা খুবই অমানবিক।",empathy,abusive_language
2931,"শাআমার তো ফাহিম ভাই রে নিয়ে মাথা বেথা নেই তোর আছে সো তুই তোর মা কে দিয়ে হলেও তার পুটকির পিছনে লেগে থাকিস।লা বোকাচোদা তোর মা নিয়ে কোন গালি দিছি ভালো করে দেখ?","গালি বাদ দিলে আপনার বক্তব্যটা অনেক বেশি পরিষ্কার শোনা যাবে।",discouraging_abuse,abusive_language
2932,"তোমাকে চুদে কই জনে? দালালি করচ কেন","প্রশ্নটা থাকলে ভদ্রভাবে করলেই বেশি উত্তর পাওয়া যায়।",moral_appeal,abusive_language
2933,"হ ভাই হালারে দেখতে লাগে ইন্দুরের মতো হালায় আবার মিডে মারের","কারও চেহারা টেনে কথা বললে তা কেবল অপমানই বাড়ায়।",empathy,abusive_language
2934,"চোর চোট্টা গুন্ডা আর কুত্তালীগ নিয়ে যখন হেলমেট ছাড়া শোডাউন দিয়েছিলো, ওরে নিষেধ এবং ওয়ার্নিং দুটোই করেছিলাম, কিন্তু তখন সে উপর থেকে বড় ভাই হিসাবে সম্মান করলেও ভিতর থেকে চোদেও নাই।","হুমকির বদলে নিয়ম আর আচরণ নিয়ে স্পষ্ট কথা বললে ফল বেশি ভালো হয়।",warning_of_consequences,abusive_language
2935,"তর বউয়ের পুটকি মারতে অবশ্যই আসবে, চিন্তা করিছ না নাটকির পোলা।","এ ধরনের ভাষা ব্যক্তিগতভাবে কষ্ট দেয়, তাই এড়িয়ে চলা উচিত।",empathy,threat
2936,"ফাহিমের মত জারজ পোলাপাইনের কারণে মোহাম্মদপুরের মত এলাকা সন্ত্রাসী মাদকাসক্তদের আতুড়ঘরে পরিণত হইছে।","কাউকে একা দোষী বানানো ঠিক না; সমস্যা থাকলে তা নির্দিষ্টভাবে বলুন।",fact_based,abusive_language
2937,"ফাহিমকে বিএনপির গে পুলিশ পুটকি মারতে মারতে মেরে ফেলতেছে","মৃত্যুর কথা বলা খুবই বিপজ্জনক, এটি বাস্তব ক্ষতি ডেকে আনতে পারে।",warning_of_consequences,threat
2938,"ফহিন্নির পুতাইন রাতারাতি টাকার মুখ দেখলে যা ওয়, মানুষ সেলিব্রটি হিসেবে পছন্দ করে, ওর মধ্যেই থাক।","মানুষের পছন্দ-অপছন্দ নিয়ে তুচ্ছতা না দেখিয়ে কথা বলাই ভালো।",moral_appeal,abusive_language
2939,"নিজের পুটকি নিজে মারতে হয় তারে দেখে বুজলাম। বেডা আসছে ভালো কথা এমন ভাবে শো ডাউন করছে।","অপমান না করে যদি আচরণটা বলেন, কথাটা অনেক বেশি পরিষ্কার হয়।",discouraging_abuse,abusive_language
2940,"তুমি মিয়া আরো বড় বাটপার। তুমি পারলে প্রেস ক্লাবে একটা প্রোগ্রাম করতে পারো আরএস ফাহিমের সাথে থেকে কী বাল ফালাইছো","কাউকে বাটপার বলার আগে নির্দিষ্ট ভুলটা ধরে বলাই উচিত।",fact_based,abusive_language
2941,"শালা বোকাচোদা, কার এই ভূমি? মুসলিমদের ভূমি। এখানে থাকিয়া বোকচোদি করস কেন? তোর বাপের ভারত আছে না, ওনে যা বোকাচোদা।","ধর্ম বা দেশ টেনে এমন কথা বললে সহাবস্থান নষ্ট হয়।",warning_of_consequences,hate_speech
2942,"মাগির পুত, পিঠে চুলকায় নাকি? এখন যদি মুসলিমরা গিয়া তোরে চুদা দেয়, তখন বলবি সংখ্যালঘু তোরা।","এটা খুবই উসকানিমূলক, তাই এভাবে বলা বন্ধ করা উচিত।",warning_of_consequences,hate_speech
2943,"মানে একজন ভুয়া একটা নিউজ বলল আর বাঙ্গিরপুতের মতো সবাই বিশ্বাস কইরা নিল। আজ তোদের মতো বোকাচোদাগোর কারণে এরা এমন মিথ্যা জিনিস ছড়ায়।","ভুয়া খবর ঠেকাতে গালি নয়, যাচাই আর উৎস দেখানো দরকার।",fact_based,abusive_language
2944,"এগুলার একেকটা প্রোফাইল দেখলে বুঝবেন অশিক্ষিত সব কয়টা। এদের সাথে কথা বলে নিজেকে ছোট কইরেন না।","কারও শিক্ষাগত অবস্থা নিয়ে কটাক্ষ না করে নির্দিষ্ট আচরণ ধরাই ভালো।",moral_appeal,abusive_language
2945,"শুয়োরের পোলা, শর্ত দিয়া ও মুক্তি দিবা না? তুই আমার নিরপরাধরে মুক্তি চুদাস।","গালি না দিয়ে অভিযোগটা সরাসরি বললে তা আরও গ্রহণযোগ্য হয়।",discouraging_abuse,abusive_language
2946,"তোমার ভাই বেশি বাল পাকনাহ ছিল, তাই। তোমাদের টিমে বাকি মেম্বার তো ফ্রি!","এভাবে বললে কটাক্ষটাই বড় হয়, মূল বিষয়টা চাপা পড়ে।",empathy,abusive_language
2947,"ধুরো হালারপোলায়, দালালি করতে আহিস না। যেমন করব তেমনই ভোগ করব, স্বাভাবিক।","দালাল বলার আগে নির্দিষ্ট প্রমাণ দেখালে কথাটা শক্তিশালী হয়।",fact_based,abusive_language
2948,"এই হালা হইছে দালাল, ওরে আগে বাইর করা উচিত ছিল। তুই মনে করস তোরা অনেক চালাক, আমরা বোকাচোদা?","রাগের ভাষা না ব্যবহার করলে কথার ওজন আরও বাড়ে।",moral_appeal,abusive_language
2949,"খানকির ছেলে নিউজ পরছিস? ওই ভদ্রমহিলার পরিবারের সমস্যা নিয়ে নিউজ করা হয়েছে।","পরিবারের বিষয় হলে আরও সংবেদনশীল হয়ে কথা বলা উচিত।",empathy,abusive_language
2950,"আমার হোগার আইন বাংলাদেশে, স্ত্রী যদি স্বামীর পরকিয়ায় মামলা করতে পারে, তাহলে স্বামী কেন পারবে না?","এখানে আইন আর অধিকার নিয়ে স্পষ্ট আলোচনা দরকার, গালি নয়।",discouraging_abuse,abusive_language
2951,"এ কে পতিতালয় ক্লাস করতে পাটা, টাকা কামাবে বাপ মার কিচ্ছু করা লাগবে না","পেশা বা শ্রেণি টেনে অপমান না করে নির্দিষ্ট আচরণ নিয়ে কথা বলুন।",empathy,abusive_language
2952,"৩৬ বছর পরে কাপ নিয়া শালার চাকমার বাচ্চা বেশি বাড়াবাড়ি করতে","একটি গোষ্ঠী বা পরিচয় টেনে কথা বললে তা অপ্রয়োজনীয় বিদ্বেষ বাড়ায়।",moral_appeal,hate_speech
2953,"এই কুলাঙ্গারেরা ইহুদী দের ওদের বাপ মনে করতেছে","কোনো ধর্ম বা গোষ্ঠীকে এক কাতারে ফেলা ঠিক নয়; প্রমাণসহ কথা বলাই উচিত।",fact_based,hate_speech
2954,"এমন ভাবে বলতেছিস মনে হচ্ছে, আর্জেন্টিনা তোর মার নাং লাগে,বাদ দাদার চোদাছিস","কারও পরিবার নিয়ে এমন অপমান ভাষা আরও খারাপ করে দেয়।",empathy,abusive_language
2955,"উনি একদম ঠিক কথা বলেছে, ভারতে জঙ্গি মুসলমানদের জায়গা নাই","কোনো ধর্মের মানুষকে একসাথে জঙ্গি বলা বাস্তবকে বিকৃত করে।",fact_based,hate_speech
2956,"হিন্দু জাতি নিকৃষ্ট জাতি, গরু যাদের মা বাপ তারা ভালো কিছু করতে পারবে না এটাই স্বাভাবিক।","ধর্মীয় পরিচয়ের ভিত্তিতে পুরো জাতিকে অপমান করা উচিত নয়।",moral_appeal,hate_speech
2957,"এজন্য আমরা বলি ভারত মুক্ত বাংলাদেশ চাই কারণ ওরা হয়েছে দুনিয়ার নিকৃষ্ট একটা জাতি ওদের মত খারাপ দুনিয়াতে একটা লোকও নাই ভারত ফাক ইউ ভারত","দেশ-বিদেশ নিয়ে সমালোচনা থাকলেও সব মানুষকে একসাথে গালি দেওয়া ঠিক না।",discouraging_abuse,hate_speech
2958,"এরাই সত্যিকার লেবাসধারী ইন্ডিয়ার দালাল। প্রকাশ্যে পেটানো উচিত এই মোদীর জারজ সন্তানদের।","পেটানোর কথা বললে পরিস্থিতি আরও খারাপ হয়, তাই থেমে যাওয়া উচিত।",warning_of_consequences,threat
2959,"কিরে মাদারচোদ তোদের হিন্দু রা যে পূজা করে আমাদের দেশে তাহলে তো আমাদের দেশে পূজা না করে তোদের দেশে করতে বল","এভাবে বললে ধর্মীয় সহাবস্থান নষ্ট হয়, যা সমাজের জন্য ক্ষতিকর।",moral_appeal,hate_speech
2960,"তোমরা তাহলে ভারতে গিয়ে পূজা করো । কুলাঙ্গার নাস্তিক","কারও বিশ্বাস নিয়ে এমন কটাক্ষ না করে যুক্তি দিয়ে কথা বলুন।",discouraging_abuse,hate_speech
2961,"কিও খনিকের ছেলে ভারতের হিন্দু রাষ্ট্র আর বাংলাদেশ মূর্তি বানাতে চাও সেকুলার চাও কেন!?","প্রশ্নটা যদি সত্যিই জানতে চান, তাহলে অপমান বাদ দিলে উত্তর পাওয়া সহজ হয়।",empathy,hate_speech
2962,"মুসলিম বিশ্বে কামলা না দিলে তোদের সংসার চলে না শালা মালাউনের বাচ্চা","মানুষের কাজ বা পেশা নিয়ে এমন অপমান না করাই ভালো।",moral_appeal,hate_speech
2963,"আমার দেশের বাংগুদের বাপ কি বলে দেখ, যারা তার পরেও ভারত কে সমর্থন করবে তারা জারজ সন্তান","রাজনৈতিক মত ভিন্ন হলেই কাউকে জারজ বলা ঠিক নয়।",fact_based,abusive_language
2964,"আর আমরা মূর্তি বানাতে না দিলেই ওদের শাউয়া জ্বলে","এখানে মতবিরোধ আছে, কিন্তু অপমান না করাই আলোচনাকে এগিয়ে নেয়।",empathy,abusive_language
2965,"সাউয়ার মন্দির টন্দির ইন্ডিয়া তে বানাইলে ও আমাদের সমস্যা নাই","ধর্ম নিয়ে কথা বলার সময় সম্মান রাখা জরুরি।",moral_appeal,hate_speech
2966,"পৃথিবীর নিকৃষ্ট দেশ হলো ইন্ডিয়া। আর পৃথিবীর নিকৃষ্ট মানুষ হলো ইন্ডিয়ার হিন্দু। এদের কথা কাজ সবকিছুই নিকৃষ্ট।","দেশ বা ধর্মকে নিকৃষ্ট বলা প্রমাণভিত্তিক সমালোচনা নয়।",discouraging_abuse,hate_speech
2967,"বাংলাদেশে থাকা ভারতীয় মাদারচোদরা এখন চুপ কেন?","কারও নাগরিকত্ব টেনে অপমান না করে নির্দিষ্ট অবস্থান বলাই ভালো।",empathy,abusive_language
2968,"আমাদের নিয়ে চিন্তা করতে হবে না তোমরা পরিচয় দিচ্ছ তোমাদের ধর্ম নিকৃষ্ট তোমাদের ভাবনা নোংরা","ধর্ম নিয়ে এভাবে বিদ্বেষ ছড়ানো সমাজের জন্য ভালো নয়।",warning_of_consequences,hate_speech
2969,"এই খানকির পোলারা আমার কাছে আইনা দে তোর মার ভোদার ভিতরে ওরে ভইড়া থুমু","এ ধরনের কথা পড়া মানুষকে গভীরভাবে আঘাত করতে পারে।",empathy,gender_abuse
2970,"শালা জাহান্নামী আবার দাবি করছ ভারত ধর্ম নিরপেক্ষ দেশ, বাটপার।","দেশের চরিত্র নিয়ে কথা বলতে হলে নির্দিষ্ট প্রমাণ দেখানো উচিত।",fact_based,hate_speech
2971,"তোর মন্ত্রীর গুষ্টি মারী শালা হারামজাদা","ভদ্রতা ছাড়া বক্তব্যের ওজন কমে যায়।",moral_appeal,abusive_language
2972,"বিজেপির মতো কুলাঙ্গাররা সাম্প্রদায়িক সম্প্রীতি বিনষ্ট করে","দল বা নীতির সমালোচনা করতে চাইলে নির্দিষ্ট ঘটনার কথা বলুন।",fact_based,hate_speech
2973,"এমন মাদারচোদদের জন্য আমাদের সরকার গর্বে গর্ববতী হয়ে যাচ্ছে","গালির বদলে ভদ্রভাবে সমালোচনা করলে কথাটা আরও কার্যকর হয়।",discouraging_abuse,abusive_language
2974,"আমার প্রাক্তন একটা অমানুষের বাচ্চা, ভয়ংকর লেভেলের অমানুষ, ওকে দেখার পর আমার অন্য পুরুষ মানুষ থেকে বিশ্বাস উঠে গেছে।","একজনের খারাপ অভিজ্ঞতা দিয়ে সব পুরুষকে বিচার করা যায় না।",fact_based,abusive_language
2975,"তোমার ভাই নেশা খোর লুচ্চা এটা তোমার মানা লাগলো","পরিবার নিয়ে অপমান করলে কথাটা আরও কষ্টদায়ক হয়।",empathy,abusive_language
2976,"খানকির ছেলেরা বলে কি, আমাদের দেশ আবার আমরা নাকি পাকিস্তান গিয়ে নামাজ পরবো। বাংলাদেশে ভারতীয় দালাল যা আছে সব খানকির ছেলে-মেয়ে কে পিটিয়ে সীমান্তে বাহিরে পেলে দেওয়া হোক।","ধর্ম বা দেশ টেনে পেটানোর কথা বলা খুবই বিপজ্জনক।",warning_of_consequences,hate_speech
2977,"এই অসভ্য ভারতীয়দের কথায় সবাই রাগ করলে ও আমাদের দেশের নিলজ্জ্ব দালালগুলো রাগ করবেনা। এই বদমাইশ দের দেশ বিরোধী,মুসলিম বিরোধী কথাগুলো ওদের কাছে আর্শিবাদের মতই লাগে ।","ভিন্নমত থাকলেও সব ভারতীয় বা সব মুসলিমকে একসাথে দোষারোপ করা ঠিক না।",moral_appeal,hate_speech
2978,"ওরে শুয়োরের বাচ্চা! বাংলাদেশে হিন্দুরা তাদের ধর্মচর্চা স্বাধীনভাবে করতে পারে। আমাদেরতো কোনো অসুবিধা হয় না। কখনও তাদের বলিনা পূজা করতে হলে ইন্ডিয়াতে চলে যাও! কারন আমরা সভ্য তোমাদের মতো ইতর না।","ধর্মচর্চা নিয়ে মর্যাদাপূর্ণ ভাষা ব্যবহার করা সমাজের জন্য জরুরি।",empathy,hate_speech
2979,"তুই তো শালা কাফেরের বাচ্চা তোর জন্ম হয়েছে কচু বাড়িতে জায়গায়","ধর্মীয় অপমান না করে নির্দিষ্ট আচরণ নিয়ে কথা বলাই ভালো।",moral_appeal,hate_speech
2980,"হারামীর জাত যে পাতে খায় সেই পাতেই হাগে তোর বাবারা ইংরাজের পা চাটা গোলাম ছিল আর মুসলমানেরা ভারত স্বাধীন করেছে ওরা এখানেই থাকবে আপনার না পোসায় দেশে ছেড়ে চলে যেতে পারেন","ইতিহাস নিয়ে কথা বলতে হলে গালি নয়, তথ্য আর প্রেক্ষাপট দরকার।",fact_based,hate_speech
2981,"ওকে কি বলব হালারে পারলে পুটকিতে একটা লাথি মাইরা দিমু শুয়োরের বাচ্চা","এ ধরনের হুমকি পরে আপনার নিজেরই ক্ষতি ডেকে আনতে পারে।",warning_of_consequences,threat
2982,"তারপরেও কিছু কুত্তার বাচ্চারা ভারতের দালালি করেই যাচ্ছে","কাউকে দালাল বলার আগে নির্দিষ্ট প্রমাণ দেখানো জরুরি।",fact_based,abusive_language
2983,"বাইনচুদের বাচ্চা বাংলাদেশের জনগন যদি হিন্দুদের বলে ভারতের মন্দিরে গিয়ে ধর্মীয় কাজ করতে তখন কি হবে।","ধর্মীয় সহাবস্থানের প্রশ্নে এমন উত্তেজক ভাষা এড়িয়ে চলাই ভালো।",moral_appeal,hate_speech
2984,"বাংলাদেশের জমিনটা কি তোর বাপের জমি খানকির পোলা বাংলাদেশের মুসলমানরা বাংলায় নামাজ কালাম পড়বে","দেশ বা ধর্ম নিয়ে কথা বললেও সম্মান বজায় রাখা দরকার।",empathy,hate_speech
2985,"এই কুত্তার বাচ্চা কে ভারতের মুসলমানরা কিছু বলছে না কেন বাংলাদেশের কয়েকজন হিন্দু যন্ত্রণা মুসলমানরা থাকতে পারছেনা আর ভারতের চল্লিশ কোটি মুসলমান চুরি পরে ঘরে বসে আছে","সব মানুষকে এক কাতারে ফেলা ঠিক নয়; নির্দিষ্ট ঘটনা আর প্রমাণ আলাদা করে দেখা উচিত।",fact_based,hate_speech
2986,"শুয়োরের বাচ্চা বলে কি পতিতালয় জন্ম তোর তোর কোনো ধর্ম নেই তুই নাস্তিক পৃথিবীতে একমাত্র সেরা ধর্ম ইসলাম ধর্ম আমাদের ধর্ম বলে অন্য কোনো ধর্ম কে অপমান অবমাননা করা যাবে না","নিজের ধর্মকে শ্রেষ্ঠ মনে করা যায়, কিন্তু অন্য ধর্মকে অপমান করা ঠিক না।",moral_appeal,hate_speech
2987,"কুত্তার বাচ্চা তুই অ্যামাজন জঙ্গলে গিয়ে থাক তোরা হিন্দুরা সবাই অ্যামাজন জঙ্গল গিযে থাক নোমুর বাচ্চা","ধর্ম বা গোষ্ঠী টেনে এমনভাবে কথা বললে বিদ্বেষ বাড়ে।",discouraging_abuse,hate_speech
2988,"হিন্দু দেশদ্রোহীরা মনে রাখ, বিজেপি এইসব বলে হিন্দুদের জীবন অতিষ্ট করে তুলছে। দেশদ্রোহী হিন্দুরা, শান্তিতে বাংলাদেশে থাকার জন্য ভারতের উস্কানি বাদ দিয়ে মুর্তি অন্য কোথাও সরায় নাও।","কোনো ধর্ম বা জনগোষ্ঠীকে দেশদ্রোহী বলা ন্যায্য সমালোচনা নয়।",fact_based,hate_speech
2989,"উগ্রবাদী দেশ একটা, এরাই আবার অন্য দেশের সংখ্যালঘু নিয়ে কথা বলে! বাটপার","কোনো দেশ বা গোষ্ঠীকে একসাথে উগ্রবাদী বলা না গিয়ে নির্দিষ্ট ঘটনার কথা বলাই ভালো।",empathy,hate_speech
2990,"এই মাদারচোদ দাদাগিরি ভারতেই রাখ বাংলায় এসব চলে না।","ভাষা যতই কঠিন হোক, সম্মান না থাকলে কথার মূল্য কমে যায়।",moral_appeal,abusive_language
2991,"এই জন্য ভারত বাংলাদেশকে পাকিস্তান থেকে ভাগ করতে সাহায্য করেছে। তা নাহলে এতো হোগায় বিচী ঢুকে যেত তাইনা দাদু বাবু? অলরেডি বাংলাদেশের জনগন বুঝে গেছে।","ইতিহাস নিয়ে বিশ্লেষণ করতে হলে অপমানের বদলে তথ্য দরকার।",fact_based,abusive_language
2992,"তোদের হিন্দু জাতের উপর মুতি কুকুর এর বাচ্চা মুত খাওয়া জাতি গরুর দল তার নাম ভারত","ধর্মীয় বা জাতীয় পরিচয় নিয়ে অপমান করলে সমাজে শুধু বিভেদ বাড়ে।",warning_of_consequences,hate_speech
2993,"তোর পুটকির ভিতর দিয়ে গরুর মাথা ঢুকাইয়া দিমু শালার পো শালা।","এভাবে হুমকি দিলে তা অনলাইনে বড় ঝামেলা তৈরি করতে পারে।",warning_of_consequences,threat
2994,"খানকির ছেলেরা তাইলে বাংলাদেশ ক্লিয়ার করে তোদের হিন্দু ভাইদের তোরা নিয়ে যা","মানুষকে দেশ থেকে তাড়ানোর কথা বলা ন্যায়সঙ্গত নয়।",moral_appeal,hate_speech
2995,"নামাজ পড়লে আপনার পুটকি জ্বলে কেন ? যে যার কাজ করবে এতে অন্যের কিছু যাই আসে না. এর নাম গনতন্ত্র","নিজের কাজ আর অন্যের বিশ্বাস—দুটোকে সম্মান করা গণতন্ত্রেরই অংশ।",empathy,hate_speech
2996,"বোকা চোদা সবাই যদি বাংলাদেশ আর পাকিস্তানে নামাজ পড়ে তাইলেই তো তোদের লেন্ডিয়া দূর্বল হয় যাবে.","ধর্ম নিয়ে এমন ব্যঙ্গ না করে যুক্তি দিয়ে কথা বলুন।",discouraging_abuse,hate_speech
2997,"আওয়ামী কুলাঙ্গার যাঁরা বাংলাদেশে থাকে আর ভারতের গুণগান করিস তোরা তোর আব্বার দেশে চলে যায়।","রাজনৈতিক মতভেদ থাকলেও কাউকে দেশছাড়া বলার কথা ঠিক না।",moral_appeal,hate_speech
2998,"পৃথিবীর মধ্যে ভারতের মুসলমানরা সবচেয়ে জঘন্য মুসলমান","একটি ধর্মের সব মানুষকে একসাথে দাগিয়ে দেওয়া ঠিক নয়; তা বাস্তবকে বিকৃত করে।",fact_based,hate_speech
2999,"সুদখোর ইউনুস এর সময়কালে এই ভিডিওটি দারুন চলা চলেছে এখন চার আনা দামও নাই","কোনো ব্যক্তির অর্থনৈতিক ভূমিকা নিয়ে বলতে হলে প্রমাণ আর নির্দিষ্ট তথ্য লাগবে।",fact_based,abusive_language
3000,"এই সব গাধারা না বুঝে ই হাসে! আবার কোনো কোনো গাধারা ও রসবোধে র প্রশংসা করে! আহা কী সরেস রুচি বোধ! একটা ধর্মীয় ও ব্যক্তিগত এবং অত্যন্ত স্পর্শকাতর বিষয় নিয়ে কত মশকরা। ছাগলগুলা","সংবেদনশীল বিষয় নিয়ে মশকরা না করাই ভদ্রতা এবং পরিপক্বতার পরিচয়।",moral_appeal,hate_speech
3001,"জাউড়ার জাউড়া কোনদিন ভালো হয় না। এরকম অনেক দরবেশ আগেও ছিলো, অতীত ভুলে যাইয়েন না?","কারও চরিত্র নিয়ে চূড়ান্ত রায় না দিয়ে নির্দিষ্ট আচরণ দেখিয়ে কথা বলাই ভালো।",discouraging_abuse,abusive_language
3002,"দাড়িওয়ালা হোক আর টুপিওয়ালা হোক বিএনপি আর আওয়ামী লীগের সকল মন্ত্রী সবাই তেল বাজিতে পটু প্রধানমন্ত্রীর হোগায়  তেল দেয় সবাই। এইসব ঐতিহ্য থেকে বের হয়ে আসতে হবে।","রাজনৈতিক সমালোচনা করতে চাইলে ব্যক্তিগত গালির বদলে নির্দিষ্ট আচরণ ধরুন।",fact_based,abusive_language
3003,"কত বড় বদমাইশ হলে একজনের সুনাম গাইয়া আবার উনারি বদনাম গায়","অপমানের চেয়ে দায়িত্বশীল সমালোচনা বেশি কাজে লাগে।",empathy,abusive_language
3004,"ওতো নিজের হোগা নিজেই কাচিদা ফাটছে। জনগণ ভালোভাবে নেয়নি।আমরা ভালোভাবে নেইনি কথাগুলো। সাধারণ জনগনের কাছে আর একটা ভন্ড লোক মুখোশ উন্মোচিত হইল","কোনো ব্যক্তিকে ভন্ড বলার আগে নির্দিষ্ট প্রমাণ দেখানো দরকার।",fact_based,abusive_language
3005,"এমপি মনিরুলের মতো লোক পার্লামেন্টে যায় পাবলিকের টাকা অপচয় করতে। এই সব এমপি কোনো যোগ্যতা আছে","জনপ্রতিনিধির যোগ্যতা নিয়ে প্রশ্ন থাকলে সেটা গালিতে নয়, তথ্য দিয়ে তুলুন।",moral_appeal,abusive_language
3006,"মনিরুল সাহেব, আপনি যতই  বিএনপির চাটুকারিতা করেননা কেন কোনো লাভ নাই। আমি নিজেই বিএনপি করতাম। বিএনপির সীমাহীন দুর্নীতি, রাহাজানি আর চাদাবাজী দেখে এখন  দেশের একমাত্র দেশপ্রেমিক দল জামায়াত করি।","রাজনৈতিক পছন্দ বদলাতে পারে, কিন্তু ব্যক্তিগত অপমান না করাই ভালো।",empathy,abusive_language
3007,"সাবাস দালাল,  সংবাদের শিরোনাম দেখে সুখি হলাম, এভাবে দালালি করতে পারলেই ভবিষ্যতে উন্নতি করতে পারবেন। তবে দালালির একটা সীমা থাকা দরকার।","দালাল বলার আগে শিরোনাম বা বক্তব্যের ভুলটা নির্দিষ্ট করে বলা উচিত।",discouraging_abuse,abusive_language
3008,"জনগণের টাকা দিয়া সংসদের ব্যয় করস মিটেএই সংসদে বইয়া জনগণের কথা না কইয়া হাসাহাসি করে এরা আবার নাকি শিক্ষিত, অশিক্ষিতর বাচ্চা","জনগণের টাকার বিষয় হলে আরও পরিষ্কার ও ভদ্রভাবে সমালোচনা করা উচিত।",warning_of_consequences,abusive_language
3009,"তার মত একজন মুর্খ যে লেবাস পরেছে, এটা যে তার একটা ভন্ডরূপের বহিঃপ্রকাশ , এই বোধ শক্তিইতো তার নাই । অতএব তার এভাবে গলাবাজি করা ছাড়া আর কী করার আছে ? ধিক !","সোজা, পরিষ্কার ভাষায় বললে বার্তাটা আরও ভালো পৌঁছায়।",discouraging_abuse,abusive_language
3010,"এতো বেশি মূর্খ জনগোষ্ঠী এর আগে সংসদে যায় নাই। দেশ পরিচালনা র  দ্বায়িত্বে এতো বড় অশিক্ষিত এম পি,  মন্ত্রীর কাছে থাকলে এর বিরূপ   প্রভাব পুরা বাংলাদেশের জনগণকে  বহন করতে হবে।","এ ধরনের হুমকি বা উসকানিমূলক কথা অনলাইনে রেখে দিলে পরে আপনার নিজেরই ঝামেলা হতে পারে।",warning_of_consequences,abusive_language
3011,"চোরের দেশের চোরই রাজা আমরা সব গোয়ামারা প্রজা এদের এসব ফালতু কথার জন্যই জিনিসপত্রের উর্ধ্বগতি","একটি মন্তব্য দেখে পুরো জাতি, ধর্ম বা এলাকা বিচার করা যায় না; তথ্য আর বাস্তব উদাহরণ আলাদা করে দেখা দরকার। পরিবার টেনে আনা ছাড়া মূল কথাটা বললে সমাধানটা বেশি কাছাকাছি আসে।",fact_based,gender_abuse